V alpha_deg Tr h feas
4.500 -10.00 0.0 -48.717 0
4.500 -10.00 9.8 -39.033 0
4.500 -10.00 19.7 -29.349 0
4.500 -10.00 29.5 -19.665 0
4.500 -10.00 39.3 -9.981 0
4.500 -10.00 49.2 -0.297 0
4.500 -10.00 59.0 9.387 1
4.500 -10.00 68.8 19.071 1
4.500 -10.00 78.7 28.755 1
4.500 -10.00 88.5 38.439 1
4.500 -10.00 98.3 48.123 1
4.500 -10.00 108.2 57.807 1
4.500 -10.00 118.0 67.490 1
4.500 -9.00 0.0 -48.224 0
4.500 -9.00 9.8 -38.511 0
4.500 -9.00 19.7 -28.799 0
4.500 -9.00 29.5 -19.087 0
4.500 -9.00 39.3 -9.374 0
4.500 -9.00 49.2 0.338 0
4.500 -9.00 59.0 10.050 1
4.500 -9.00 68.8 19.762 1
4.500 -9.00 78.7 29.475 1
4.500 -9.00 88.5 39.187 1
4.500 -9.00 98.3 48.899 1
4.500 -9.00 108.2 58.611 1
4.500 -9.00 118.0 68.324 1
4.500 -8.00 0.0 -47.730 0
4.500 -8.00 9.8 -37.993 0
4.500 -8.00 19.7 -28.255 0
4.500 -8.00 29.5 -18.517 0
4.500 -8.00 39.3 -8.780 0
4.500 -8.00 49.2 0.958 0
4.500 -8.00 59.0 10.696 1
4.500 -8.00 68.8 20.433 1
4.500 -8.00 78.7 30.171 1
4.500 -8.00 88.5 39.908 1
4.500 -8.00 98.3 49.646 1
4.500 -8.00 108.2 59.384 1
4.500 -8.00 118.0 69.121 1
4.500 -7.00 0.0 -47.237 0
4.500 -7.00 9.8 -37.477 0
4.500 -7.00 19.7 -27.717 0
4.500 -7.00 29.5 -17.957 0
4.500 -7.00 39.3 -8.197 0
4.500 -7.00 49.2 1.563 0
4.500 -7.00 59.0 11.323 1
4.500 -7.00 68.8 21.083 1
4.500 -7.00 78.7 30.843 1
4.500 -7.00 88.5 40.603 1
4.500 -7.00 98.3 50.363 1
4.500 -7.00 108.2 60.123 1
4.500 -7.00 118.0 69.883 1
4.500 -6.00 0.0 -46.744 0
4.500 -6.00 9.8 -36.964 0
4.500 -6.00 19.7 -27.185 0
4.500 -6.00 29.5 -17.405 0
4.500 -6.00 39.3 -7.626 0
4.500 -6.00 49.2 2.154 0
4.500 -6.00 59.0 11.933 1
4.500 -6.00 68.8 21.713 1
4.500 -6.00 78.7 31.492 1
4.500 -6.00 88.5 41.272 1
4.500 -6.00 98.3 51.051 1
4.500 -6.00 108.2 60.830 1
4.500 -6.00 118.0 70.610 1
4.500 -5.00 0.0 -46.250 0
4.500 -5.00 9.8 -36.454 0
4.500 -5.00 19.7 -26.659 0
4.500 -5.00 29.5 -16.863 0
4.500 -5.00 39.3 -7.067 0
4.500 -5.00 49.2 2.729 0
4.500 -5.00 59.0 12.525 1
4.500 -5.00 68.8 22.321 1
4.500 -5.00 78.7 32.117 1
4.500 -5.00 88.5 41.913 1
4.500 -5.00 98.3 51.709 1
4.500 -5.00 108.2 61.505 1
4.500 -5.00 118.0 71.301 1
4.500 -4.00 0.0 -45.757 0
4.500 -4.00 9.8 -35.948 0
4.500 -4.00 19.7 -26.138 0
4.500 -4.00 29.5 -16.329 0
4.500 -4.00 39.3 -6.520 0
4.500 -4.00 49.2 3.290 0
4.500 -4.00 59.0 13.099 1
4.500 -4.00 68.8 22.909 1
4.500 -4.00 78.7 32.718 1
4.500 -4.00 88.5 42.527 1
4.500 -4.00 98.3 52.337 1
4.500 -4.00 108.2 62.146 1
4.500 -4.00 118.0 71.955 1
4.500 -3.00 0.0 -45.264 0
4.500 -3.00 9.8 -35.444 0
4.500 -3.00 19.7 -25.624 0
4.500 -3.00 29.5 -15.804 0
4.500 -3.00 39.3 -5.984 0
4.500 -3.00 49.2 3.835 0
4.500 -3.00 59.0 13.655 1
4.500 -3.00 68.8 23.475 1
4.500 -3.00 78.7 33.295 1
4.500 -3.00 88.5 43.115 1
4.500 -3.00 98.3 52.935 1
4.500 -3.00 108.2 62.755 1
4.500 -3.00 118.0 72.574 1
4.500 -2.00 0.0 -44.771 0
4.500 -2.00 9.8 -34.943 0
4.500 -2.00 19.7 -25.116 0
4.500 -2.00 29.5 -15.288 0
4.500 -2.00 39.3 -5.461 0
4.500 -2.00 49.2 4.366 0
4.500 -2.00 59.0 14.194 1
4.500 -2.00 68.8 24.021 1
4.500 -2.00 78.7 33.848 1
4.500 -2.00 88.5 43.676 1
4.500 -2.00 98.3 53.503 1
4.500 -2.00 108.2 63.330 1
4.500 -2.00 118.0 73.158 1
4.500 -1.00 0.0 -44.277 0
4.500 -1.00 9.8 -34.445 0
4.500 -1.00 19.7 -24.614 0
4.500 -1.00 29.5 -14.782 0
4.500 -1.00 39.3 -4.950 0
4.500 -1.00 49.2 4.882 0
4.500 -1.00 59.0 14.714 1
4.500 -1.00 68.8 24.546 1
4.500 -1.00 78.7 34.377 1
4.500 -1.00 88.5 44.209 1
4.500 -1.00 98.3 54.041 1
4.500 -1.00 108.2 63.873 1
4.500 -1.00 118.0 73.705 1
4.500 0.00 0.0 -43.784 0
4.500 0.00 9.8 -33.951 0
4.500 0.00 19.7 -24.117 0
4.500 0.00 29.5 -14.284 0
4.500 0.00 39.3 -4.451 0
4.500 0.00 49.2 5.383 0
4.500 0.00 59.0 15.216 1
4.500 0.00 68.8 25.049 1
4.500 0.00 78.7 34.883 1
4.500 0.00 88.5 44.716 1
4.500 0.00 98.3 54.549 1
4.500 0.00 108.2 64.383 1
4.500 0.00 118.0 74.216 1
4.500 1.00 0.0 -43.488 0
4.500 1.00 9.8 -33.656 0
4.500 1.00 19.7 -23.824 0
4.500 1.00 29.5 -13.992 0
4.500 1.00 39.3 -4.161 0
4.500 1.00 49.2 5.671 0
4.500 1.00 59.0 15.503 1
4.500 1.00 68.8 25.335 1
4.500 1.00 78.7 35.167 1
4.500 1.00 88.5 44.999 1
4.500 1.00 98.3 54.830 1
4.500 1.00 108.2 64.662 1
4.500 1.00 118.0 74.494 1
4.500 2.00 0.0 -43.192 0
4.500 2.00 9.8 -33.365 0
4.500 2.00 19.7 -23.537 0
4.500 2.00 29.5 -13.710 0
4.500 2.00 39.3 -3.883 0
4.500 2.00 49.2 5.945 0
4.500 2.00 59.0 15.772 1
4.500 2.00 68.8 25.599 1
4.500 2.00 78.7 35.427 1
4.500 2.00 88.5 45.254 1
4.500 2.00 98.3 55.081 1
4.500 2.00 108.2 64.909 1
4.500 2.00 118.0 74.736 1
4.500 3.00 0.0 -42.896 0
4.500 3.00 9.8 -33.076 0
4.500 3.00 19.7 -23.256 0
4.500 3.00 29.5 -13.436 0
4.500 3.00 39.3 -3.617 0
4.500 3.00 49.2 6.203 0
4.500 3.00 59.0 16.023 1
4.500 3.00 68.8 25.843 1
4.500 3.00 78.7 35.663 1
4.500 3.00 88.5 45.483 1
4.500 3.00 98.3 55.303 1
4.500 3.00 108.2 65.122 1
4.500 3.00 118.0 74.942 1
4.500 4.00 0.0 -42.600 0
4.500 4.00 9.8 -32.791 0
4.500 4.00 19.7 -22.981 0
4.500 4.00 29.5 -13.172 0
4.500 4.00 39.3 -3.363 0
4.500 4.00 49.2 6.447 0
4.500 4.00 59.0 16.256 0
4.500 4.00 68.8 26.066 1
4.500 4.00 78.7 35.875 1
4.500 4.00 88.5 45.684 1
4.500 4.00 98.3 55.494 1
4.500 4.00 108.2 65.303 1
4.500 4.00 118.0 75.113 1
4.500 5.00 0.0 -42.304 0
4.500 5.00 9.8 -32.508 0
4.500 5.00 19.7 -22.712 0
4.500 5.00 29.5 -12.916 0
4.500 5.00 39.3 -3.120 0
4.500 5.00 49.2 6.676 0
4.500 5.00 59.0 16.471 0
4.500 5.00 68.8 26.267 0
4.500 5.00 78.7 36.063 1
4.500 5.00 88.5 45.859 1
4.500 5.00 98.3 55.655 1
4.500 5.00 108.2 65.451 1
4.500 5.00 118.0 75.247 1
5.000 -10.00 0.0 -48.178 0
5.000 -10.00 9.8 -38.495 0
5.000 -10.00 19.7 -28.811 0
5.000 -10.00 29.5 -19.127 0
5.000 -10.00 39.3 -9.443 0
5.000 -10.00 49.2 0.241 0
5.000 -10.00 59.0 9.925 1
5.000 -10.00 68.8 19.609 1
5.000 -10.00 78.7 29.293 1
5.000 -10.00 88.5 38.977 1
5.000 -10.00 98.3 48.661 1
5.000 -10.00 108.2 58.345 1
5.000 -10.00 118.0 68.029 1
5.000 -9.00 0.0 -47.569 0
5.000 -9.00 9.8 -37.857 0
5.000 -9.00 19.7 -28.145 0
5.000 -9.00 29.5 -18.433 0
5.000 -9.00 39.3 -8.720 0
5.000 -9.00 49.2 0.992 0
5.000 -9.00 59.0 10.704 1
5.000 -9.00 68.8 20.416 1
5.000 -9.00 78.7 30.129 1
5.000 -9.00 88.5 39.841 1
5.000 -9.00 98.3 49.553 1
5.000 -9.00 108.2 59.265 1
5.000 -9.00 118.0 68.978 1
5.000 -8.00 0.0 -46.960 0
5.000 -8.00 9.8 -37.223 0
5.000 -8.00 19.7 -27.485 0
5.000 -8.00 29.5 -17.748 0
5.000 -8.00 39.3 -8.010 0
5.000 -8.00 49.2 1.728 0
5.000 -8.00 59.0 11.465 1
5.000 -8.00 68.8 21.203 1
5.000 -8.00 78.7 30.941 1
5.000 -8.00 88.5 40.678 1
5.000 -8.00 98.3 50.416 1
5.000 -8.00 108.2 60.154 1
5.000 -8.00 118.0 69.891 1
5.000 -7.00 0.0 -46.351 0
5.000 -7.00 9.8 -36.591 0
5.000 -7.00 19.7 -26.831 0
5.000 -7.00 29.5 -17.071 0
5.000 -7.00 39.3 -7.311 0
5.000 -7.00 49.2 2.449 0
5.000 -7.00 59.0 12.209 1
5.000 -7.00 68.8 21.969 1
5.000 -7.00 78.7 31.729 1
5.000 -7.00 88.5 41.489 1
5.000 -7.00 98.3 51.249 1
5.000 -7.00 108.2 61.009 1
5.000 -7.00 118.0 70.769 1
5.000 -6.00 0.0 -45.742 0
5.000 -6.00 9.8 -35.963 0
5.000 -6.00 19.7 -26.184 0
5.000 -6.00 29.5 -16.404 0
5.000 -6.00 39.3 -6.625 0
5.000 -6.00 49.2 3.155 0
5.000 -6.00 59.0 12.934 1
5.000 -6.00 68.8 22.714 1
5.000 -6.00 78.7 32.493 1
5.000 -6.00 88.5 42.273 1
5.000 -6.00 98.3 52.052 1
5.000 -6.00 108.2 61.832 1
5.000 -6.00 118.0 71.611 1
5.000 -5.00 0.0 -45.133 0
5.000 -5.00 9.8 -35.338 0
5.000 -5.00 19.7 -25.542 0
5.000 -5.00 29.5 -15.746 0
5.000 -5.00 39.3 -5.950 0
5.000 -5.00 49.2 3.846 0
5.000 -5.00 59.0 13.642 1
5.000 -5.00 68.8 23.438 1
5.000 -5.00 78.7 33.234 1
5.000 -5.00 88.5 43.030 1
5.000 -5.00 98.3 52.826 1
5.000 -5.00 108.2 62.622 1
5.000 -5.00 118.0 72.418 1
5.000 -4.00 0.0 -44.524 0
5.000 -4.00 9.8 -34.715 0
5.000 -4.00 19.7 -24.906 0
5.000 -4.00 29.5 -15.096 0
5.000 -4.00 39.3 -5.287 0
5.000 -4.00 49.2 4.522 0
5.000 -4.00 59.0 14.332 1
5.000 -4.00 68.8 24.141 1
5.000 -4.00 78.7 33.951 1
5.000 -4.00 88.5 43.760 1
5.000 -4.00 98.3 53.569 1
5.000 -4.00 108.2 63.379 1
5.000 -4.00 118.0 73.188 1
5.000 -3.00 0.0 -43.915 0
5.000 -3.00 9.8 -34.096 0
5.000 -3.00 19.7 -24.276 0
5.000 -3.00 29.5 -14.456 0
5.000 -3.00 39.3 -4.636 0
5.000 -3.00 49.2 5.184 1
5.000 -3.00 59.0 15.004 1
5.000 -3.00 68.8 24.824 1
5.000 -3.00 78.7 34.643 1
5.000 -3.00 88.5 44.463 1
5.000 -3.00 98.3 54.283 1
5.000 -3.00 108.2 64.103 1
5.000 -3.00 118.0 73.923 1
5.000 -2.00 0.0 -43.306 0
5.000 -2.00 9.8 -33.479 0
5.000 -2.00 19.7 -23.652 0
5.000 -2.00 29.5 -13.824 0
5.000 -2.00 39.3 -3.997 0
5.000 -2.00 49.2 5.830 1
5.000 -2.00 59.0 15.658 1
5.000 -2.00 68.8 25.485 1
5.000 -2.00 78.7 35.312 1
5.000 -2.00 88.5 45.140 1
5.000 -2.00 98.3 54.967 1
5.000 -2.00 108.2 64.794 1
5.000 -2.00 118.0 74.622 1
5.000 -1.00 0.0 -42.697 0
5.000 -1.00 9.8 -32.866 0
5.000 -1.00 19.7 -23.034 0
5.000 -1.00 29.5 -13.202 0
5.000 -1.00 39.3 -3.370 0
5.000 -1.00 49.2 6.462 1
5.000 -1.00 59.0 16.294 1
5.000 -1.00 68.8 26.125 1
5.000 -1.00 78.7 35.957 1
5.000 -1.00 88.5 45.789 1
5.000 -1.00 98.3 55.621 1
5.000 -1.00 108.2 65.453 1
5.000 -1.00 118.0 75.285 1
5.000 0.00 0.0 -42.088 0
5.000 0.00 9.8 -32.255 0
5.000 0.00 19.7 -22.422 0
5.000 0.00 29.5 -12.588 0
5.000 0.00 39.3 -2.755 0
5.000 0.00 49.2 7.078 1
5.000 0.00 59.0 16.912 1
5.000 0.00 68.8 26.745 1
5.000 0.00 78.7 36.578 1
5.000 0.00 88.5 46.412 1
5.000 0.00 98.3 56.245 1
5.000 0.00 108.2 66.078 1
5.000 0.00 118.0 75.912 1
5.000 1.00 0.0 -41.723 0
5.000 1.00 9.8 -31.891 0
5.000 1.00 19.7 -22.059 0
5.000 1.00 29.5 -12.228 0
5.000 1.00 39.3 -2.396 0
5.000 1.00 49.2 7.436 1
5.000 1.00 59.0 17.268 1
5.000 1.00 68.8 27.100 1
5.000 1.00 78.7 36.932 1
5.000 1.00 88.5 46.763 1
5.000 1.00 98.3 56.595 1
5.000 1.00 108.2 66.427 1
5.000 1.00 118.0 76.259 1
5.000 2.00 0.0 -41.358 0
5.000 2.00 9.8 -31.530 0
5.000 2.00 19.7 -21.703 0
5.000 2.00 29.5 -11.876 0
5.000 2.00 39.3 -2.048 0
5.000 2.00 49.2 7.779 0
5.000 2.00 59.0 17.606 1
5.000 2.00 68.8 27.434 1
5.000 2.00 78.7 37.261 1
5.000 2.00 88.5 47.088 1
5.000 2.00 98.3 56.916 1
5.000 2.00 108.2 66.743 1
5.000 2.00 118.0 76.570 1
5.000 3.00 0.0 -40.992 0
5.000 3.00 9.8 -31.172 0
5.000 3.00 19.7 -21.353 0
5.000 3.00 29.5 -11.533 0
5.000 3.00 39.3 -1.713 0
5.000 3.00 49.2 8.107 0
5.000 3.00 59.0 17.927 1
5.000 3.00 68.8 27.747 1
5.000 3.00 78.7 37.567 1
5.000 3.00 88.5 47.386 1
5.000 3.00 98.3 57.206 1
5.000 3.00 108.2 67.026 1
5.000 3.00 118.0 76.846 1
5.000 4.00 0.0 -40.627 0
5.000 4.00 9.8 -30.817 0
5.000 4.00 19.7 -21.008 0
5.000 4.00 29.5 -11.199 0
5.000 4.00 39.3 -1.389 0
5.000 4.00 49.2 8.420 0
5.000 4.00 59.0 18.229 1
5.000 4.00 68.8 28.039 1
5.000 4.00 78.7 37.848 1
5.000 4.00 88.5 47.658 1
5.000 4.00 98.3 57.467 1
5.000 4.00 108.2 67.276 1
5.000 4.00 118.0 77.086 1
5.000 5.00 0.0 -40.261 0
5.000 5.00 9.8 -30.466 0
5.000 5.00 19.7 -20.670 0
5.000 5.00 29.5 -10.874 0
5.000 5.00 39.3 -1.078 0
5.000 5.00 49.2 8.718 0
5.000 5.00 59.0 18.514 0
5.000 5.00 68.8 28.310 1
5.000 5.00 78.7 38.106 1
5.000 5.00 88.5 47.902 1
5.000 5.00 98.3 57.698 1
5.000 5.00 108.2 67.494 1
5.000 5.00 118.0 77.290 1
5.500 -10.00 0.0 -47.583 0
5.500 -10.00 9.8 -37.899 0
5.500 -10.00 19.7 -28.216 0
5.500 -10.00 29.5 -18.532 0
5.500 -10.00 39.3 -8.848 0
5.500 -10.00 49.2 0.836 0
5.500 -10.00 59.0 10.520 1
5.500 -10.00 68.8 20.204 1
5.500 -10.00 78.7 29.888 1
5.500 -10.00 88.5 39.572 1
5.500 -10.00 98.3 49.256 1
5.500 -10.00 108.2 58.940 1
5.500 -10.00 118.0 68.624 1
5.500 -9.00 0.0 -46.847 0
5.500 -9.00 9.8 -37.134 0
5.500 -9.00 19.7 -27.422 0
5.500 -9.00 29.5 -17.710 0
5.500 -9.00 39.3 -7.997 0
5.500 -9.00 49.2 1.715 0
5.500 -9.00 59.0 11.427 1
5.500 -9.00 68.8 21.139 1
5.500 -9.00 78.7 30.852 1
5.500 -9.00 88.5 40.564 1
5.500 -9.00 98.3 50.276 1
5.500 -9.00 108.2 59.988 1
5.500 -9.00 118.0 69.701 1
5.500 -8.00 0.0 -46.110 0
5.500 -8.00 9.8 -36.372 0
5.500 -8.00 19.7 -26.634 0
5.500 -8.00 29.5 -16.897 0
5.500 -8.00 39.3 -7.159 0
5.500 -8.00 49.2 2.579 0
5.500 -8.00 59.0 12.316 1
5.500 -8.00 68.8 22.054 1
5.500 -8.00 78.7 31.791 1
5.500 -8.00 88.5 41.529 1
5.500 -8.00 98.3 51.267 1
5.500 -8.00 108.2 61.004 1
5.500 -8.00 118.0 70.742 1
5.500 -7.00 0.0 -45.373 0
5.500 -7.00 9.8 -35.613 0
5.500 -7.00 19.7 -25.853 0
5.500 -7.00 29.5 -16.093 0
5.500 -7.00 39.3 -6.333 0
5.500 -7.00 49.2 3.427 0
5.500 -7.00 59.0 13.187 1
5.500 -7.00 68.8 22.948 1
5.500 -7.00 78.7 32.708 1
5.500 -7.00 88.5 42.468 1
5.500 -7.00 98.3 52.228 1
5.500 -7.00 108.2 61.988 1
5.500 -7.00 118.0 71.748 1
5.500 -6.00 0.0 -44.636 0
5.500 -6.00 9.8 -34.856 0
5.500 -6.00 19.7 -25.077 0
5.500 -6.00 29.5 -15.297 0
5.500 -6.00 39.3 -5.518 0
5.500 -6.00 49.2 4.261 0
5.500 -6.00 59.0 14.041 1
5.500 -6.00 68.8 23.820 1
5.500 -6.00 78.7 33.600 1
5.500 -6.00 88.5 43.379 1
5.500 -6.00 98.3 53.159 1
5.500 -6.00 108.2 62.938 1
5.500 -6.00 118.0 72.718 1
5.500 -5.00 0.0 -43.899 0
5.500 -5.00 9.8 -34.103 0
5.500 -5.00 19.7 -24.307 0
5.500 -5.00 29.5 -14.511 0
5.500 -5.00 39.3 -4.715 0
5.500 -5.00 49.2 5.081 1
5.500 -5.00 59.0 14.877 1
5.500 -5.00 68.8 24.672 1
5.500 -5.00 78.7 34.468 1
5.500 -5.00 88.5 44.264 1
5.500 -5.00 98.3 54.060 1
5.500 -5.00 108.2 63.856 1
5.500 -5.00 118.0 73.652 1
5.500 -4.00 0.0 -43.162 0
5.500 -4.00 9.8 -33.353 0
5.500 -4.00 19.7 -23.543 0
5.500 -4.00 29.5 -13.734 0
5.500 -4.00 39.3 -3.925 0
5.500 -4.00 49.2 5.885 1
5.500 -4.00 59.0 15.694 1
5.500 -4.00 68.8 25.504 1
5.500 -4.00 78.7 35.313 1
5.500 -4.00 88.5 45.122 1
5.500 -4.00 98.3 54.932 1
5.500 -4.00 108.2 64.741 1
5.500 -4.00 118.0 74.550 1
5.500 -3.00 0.0 -42.425 0
5.500 -3.00 9.8 -32.605 0
5.500 -3.00 19.7 -22.785 0
5.500 -3.00 29.5 -12.966 0
5.500 -3.00 39.3 -3.146 0
5.500 -3.00 49.2 6.674 1
5.500 -3.00 59.0 16.494 1
5.500 -3.00 68.8 26.314 1
5.500 -3.00 78.7 36.134 1
5.500 -3.00 88.5 45.954 1
5.500 -3.00 98.3 55.773 1
5.500 -3.00 108.2 65.593 1
5.500 -3.00 118.0 75.413 1
5.500 -2.00 0.0 -41.688 0
5.500 -2.00 9.8 -31.861 0
5.500 -2.00 19.7 -22.034 0
5.500 -2.00 29.5 -12.206 0
5.500 -2.00 39.3 -2.379 0
5.500 -2.00 49.2 7.448 1
5.500 -2.00 59.0 17.276 1
5.500 -2.00 68.8 27.103 1
5.500 -2.00 78.7 36.930 1
5.500 -2.00 88.5 46.758 1
5.500 -2.00 98.3 56.585 1
5.500 -2.00 108.2 66.412 1
5.500 -2.00 118.0 76.240 1
5.500 -1.00 0.0 -40.951 0
5.500 -1.00 9.8 -31.120 0
5.500 -1.00 19.7 -21.288 0
5.500 -1.00 29.5 -11.456 0
5.500 -1.00 39.3 -1.624 0
5.500 -1.00 49.2 8.208 1
5.500 -1.00 59.0 18.040 1
5.500 -1.00 68.8 27.871 1
5.500 -1.00 78.7 37.703 1
5.500 -1.00 88.5 47.535 1
5.500 -1.00 98.3 57.367 1
5.500 -1.00 108.2 67.199 1
5.500 -1.00 118.0 77.031 1
5.500 0.00 0.0 -40.215 0
5.500 0.00 9.8 -30.381 0
5.500 0.00 19.7 -20.548 0
5.500 0.00 29.5 -10.715 0
5.500 0.00 39.3 -0.881 0
5.500 0.00 49.2 8.952 1
5.500 0.00 59.0 18.785 1
5.500 0.00 68.8 28.619 1
5.500 0.00 78.7 38.452 1
5.500 0.00 88.5 48.285 1
5.500 0.00 98.3 58.119 1
5.500 0.00 108.2 67.952 1
5.500 0.00 118.0 77.785 1
5.500 1.00 0.0 -39.772 0
5.500 1.00 9.8 -29.941 0
5.500 1.00 19.7 -20.109 0
5.500 1.00 29.5 -10.277 0
5.500 1.00 39.3 -0.445 0
5.500 1.00 49.2 9.387 1
5.500 1.00 59.0 19.219 1
5.500 1.00 68.8 29.050 1
5.500 1.00 78.7 38.882 1
5.500 1.00 88.5 48.714 1
5.500 1.00 98.3 58.546 1
5.500 1.00 108.2 68.378 1
5.500 1.00 118.0 78.210 1
5.500 2.00 0.0 -39.330 0
5.500 2.00 9.8 -29.503 0
5.500 2.00 19.7 -19.676 0
5.500 2.00 29.5 -9.848 0
5.500 2.00 39.3 -0.021 0
5.500 2.00 49.2 9.806 1
5.500 2.00 59.0 19.634 1
5.500 2.00 68.8 29.461 1
5.500 2.00 78.7 39.288 1
5.500 2.00 88.5 49.116 1
5.500 2.00 98.3 58.943 1
5.500 2.00 108.2 68.771 1
5.500 2.00 118.0 78.598 1
5.500 3.00 0.0 -38.888 0
5.500 3.00 9.8 -29.068 0
5.500 3.00 19.7 -19.248 0
5.500 3.00 29.5 -9.429 0
5.500 3.00 39.3 0.391 0
5.500 3.00 49.2 10.211 0
5.500 3.00 59.0 20.031 1
5.500 3.00 68.8 29.851 1
5.500 3.00 78.7 39.671 1
5.500 3.00 88.5 49.491 1
5.500 3.00 98.3 59.310 1
5.500 3.00 108.2 69.130 1
5.500 3.00 118.0 78.950 1
5.500 4.00 0.0 -38.446 0
5.500 4.00 9.8 -28.637 0
5.500 4.00 19.7 -18.827 0
5.500 4.00 29.5 -9.018 0
5.500 4.00 39.3 0.792 0
5.500 4.00 49.2 10.601 0
5.500 4.00 59.0 20.410 1
5.500 4.00 68.8 30.220 1
5.500 4.00 78.7 40.029 1
5.500 4.00 88.5 49.838 1
5.500 4.00 98.3 59.648 1
5.500 4.00 108.2 69.457 1
5.500 4.00 118.0 79.267 1
5.500 5.00 0.0 -38.004 0
5.500 5.00 9.8 -28.208 0
5.500 5.00 19.7 -18.412 0
5.500 5.00 29.5 -8.616 0
5.500 5.00 39.3 1.180 0
5.500 5.00 49.2 10.976 0
5.500 5.00 59.0 20.772 0
5.500 5.00 68.8 30.568 1
5.500 5.00 78.7 40.363 1
5.500 5.00 88.5 50.159 1
5.500 5.00 98.3 59.955 1
5.500 5.00 108.2 69.751 1
5.500 5.00 118.0 79.547 1
6.000 -10.00 0.0 -46.932 0
6.000 -10.00 9.8 -37.248 0
6.000 -10.00 19.7 -27.564 0
6.000 -10.00 29.5 -17.880 0
6.000 -10.00 39.3 -8.196 0
6.000 -10.00 49.2 1.488 0
6.000 -10.00 59.0 11.172 1
6.000 -10.00 68.8 20.856 1
6.000 -10.00 78.7 30.540 1
6.000 -10.00 88.5 40.224 1
6.000 -10.00 98.3 49.908 1
6.000 -10.00 108.2 59.592 1
6.000 -10.00 118.0 69.276 1
6.000 -9.00 0.0 -46.055 0
6.000 -9.00 9.8 -36.342 0
6.000 -9.00 19.7 -26.630 0
6.000 -9.00 29.5 -16.918 0
6.000 -9.00 39.3 -7.206 0
6.000 -9.00 49.2 2.507 0
6.000 -9.00 59.0 12.219 1
6.000 -9.00 68.8 21.931 1
6.000 -9.00 78.7 31.643 1
6.000 -9.00 88.5 41.356 1
6.000 -9.00 98.3 51.068 1
6.000 -9.00 108.2 60.780 1
6.000 -9.00 118.0 70.492 1
6.000 -8.00 0.0 -45.178 0
6.000 -8.00 9.8 -35.440 0
6.000 -8.00 19.7 -25.703 0
6.000 -8.00 29.5 -15.965 0
6.000 -8.00 39.3 -6.227 0
6.000 -8.00 49.2 3.510 0
6.000 -8.00 59.0 13.248 1
6.000 -8.00 68.8 22.986 1
6.000 -8.00 78.7 32.723 1
6.000 -8.00 88.5 42.461 1
6.000 -8.00 98.3 52.199 1
6.000 -8.00 108.2 61.936 1
6.000 -8.00 118.0 71.674 1
6.000 -7.00 0.0 -44.301 0
6.000 -7.00 9.8 -34.541 0
6.000 -7.00 19.7 -24.781 0
6.000 -7.00 29.5 -15.021 0
6.000 -7.00 39.3 -5.261 0
6.000 -7.00 49.2 4.499 1
6.000 -7.00 59.0 14.259 1
6.000 -7.00 68.8 24.019 1
6.000 -7.00 78.7 33.779 1
6.000 -7.00 88.5 43.539 1
6.000 -7.00 98.3 53.300 1
6.000 -7.00 108.2 63.060 1
6.000 -7.00 118.0 72.820 1
6.000 -6.00 0.0 -43.424 0
6.000 -6.00 9.8 -33.644 0
6.000 -6.00 19.7 -23.865 0
6.000 -6.00 29.5 -14.085 0
6.000 -6.00 39.3 -4.306 0
6.000 -6.00 49.2 5.473 1
6.000 -6.00 59.0 15.253 1
6.000 -6.00 68.8 25.032 1
6.000 -6.00 78.7 34.812 1
6.000 -6.00 88.5 44.591 1
6.000 -6.00 98.3 54.371 1
6.000 -6.00 108.2 64.150 1
6.000 -6.00 118.0 73.930 1
6.000 -5.00 0.0 -42.547 0
6.000 -5.00 9.8 -32.751 0
6.000 -5.00 19.7 -22.955 0
6.000 -5.00 29.5 -13.159 0
6.000 -5.00 39.3 -3.363 0
6.000 -5.00 49.2 6.433 1
6.000 -5.00 59.0 16.229 1
6.000 -5.00 68.8 26.024 1
6.000 -5.00 78.7 35.820 1
6.000 -5.00 88.5 45.616 1
6.000 -5.00 98.3 55.412 1
6.000 -5.00 108.2 65.208 1
6.000 -5.00 118.0 75.004 1
6.000 -4.00 0.0 -41.670 0
6.000 -4.00 9.8 -31.861 0
6.000 -4.00 19.7 -22.051 0
6.000 -4.00 29.5 -12.242 0
6.000 -4.00 39.3 -2.432 0
6.000 -4.00 49.2 7.377 1
6.000 -4.00 59.0 17.186 1
6.000 -4.00 68.8 26.996 1
6.000 -4.00 78.7 36.805 1
6.000 -4.00 88.5 46.614 1
6.000 -4.00 98.3 56.424 1
6.000 -4.00 108.2 66.233 1
6.000 -4.00 118.0 76.043 1
6.000 -3.00 0.0 -40.793 0
6.000 -3.00 9.8 -30.973 0
6.000 -3.00 19.7 -21.153 0
6.000 -3.00 29.5 -11.333 0
6.000 -3.00 39.3 -1.514 0
6.000 -3.00 49.2 8.306 1
6.000 -3.00 59.0 18.126 1
6.000 -3.00 68.8 27.946 1
6.000 -3.00 78.7 37.766 1
6.000 -3.00 88.5 47.586 1
6.000 -3.00 98.3 57.406 1
6.000 -3.00 108.2 67.225 1
6.000 -3.00 118.0 77.045 1
6.000 -2.00 0.0 -39.916 0
6.000 -2.00 9.8 -30.089 0
6.000 -2.00 19.7 -20.261 0
6.000 -2.00 29.5 -10.434 0
6.000 -2.00 39.3 -0.607 0
6.000 -2.00 49.2 9.221 1
6.000 -2.00 59.0 19.048 1
6.000 -2.00 68.8 28.875 1
6.000 -2.00 78.7 38.703 1
6.000 -2.00 88.5 48.530 1
6.000 -2.00 98.3 58.357 1
6.000 -2.00 108.2 68.185 1
6.000 -2.00 118.0 78.012 1
6.000 -1.00 0.0 -39.039 0
6.000 -1.00 9.8 -29.207 0
6.000 -1.00 19.7 -19.375 0
6.000 -1.00 29.5 -9.544 0
6.000 -1.00 39.3 0.288 0
6.000 -1.00 49.2 10.120 1
6.000 -1.00 59.0 19.952 1
6.000 -1.00 68.8 29.784 1
6.000 -1.00 78.7 39.616 1
6.000 -1.00 88.5 49.447 1
6.000 -1.00 98.3 59.279 1
6.000 -1.00 108.2 69.111 1
6.000 -1.00 118.0 78.943 1
6.000 0.00 0.0 -38.162 0
6.000 0.00 9.8 -28.329 0
6.000 0.00 19.7 -18.495 0
6.000 0.00 29.5 -8.662 0
6.000 0.00 39.3 1.171 0
6.000 0.00 49.2 11.005 1
6.000 0.00 59.0 20.838 1
6.000 0.00 68.8 30.671 1
6.000 0.00 78.7 40.505 1
6.000 0.00 88.5 50.338 1
6.000 0.00 98.3 60.171 1
6.000 0.00 108.2 70.005 1
6.000 0.00 118.0 79.838 1
6.000 1.00 0.0 -37.636 0
6.000 1.00 9.8 -27.804 0
6.000 1.00 19.7 -17.972 0
6.000 1.00 29.5 -8.140 0
6.000 1.00 39.3 1.691 0
6.000 1.00 49.2 11.523 1
6.000 1.00 59.0 21.355 1
6.000 1.00 68.8 31.187 1
6.000 1.00 78.7 41.019 1
6.000 1.00 88.5 50.851 1
6.000 1.00 98.3 60.682 1
6.000 1.00 108.2 70.514 1
6.000 1.00 118.0 80.346 1
6.000 2.00 0.0 -37.110 0
6.000 2.00 9.8 -27.282 0
6.000 2.00 19.7 -17.455 0
6.000 2.00 29.5 -7.628 0
6.000 2.00 39.3 2.200 0
6.000 2.00 49.2 12.027 1
6.000 2.00 59.0 21.854 1
6.000 2.00 68.8 31.682 1
6.000 2.00 78.7 41.509 1
6.000 2.00 88.5 51.336 1
6.000 2.00 98.3 61.164 1
6.000 2.00 108.2 70.991 1
6.000 2.00 118.0 80.818 1
6.000 3.00 0.0 -36.584 0
6.000 3.00 9.8 -26.764 0
6.000 3.00 19.7 -16.944 0
6.000 3.00 29.5 -7.124 0
6.000 3.00 39.3 2.696 0
6.000 3.00 49.2 12.516 0
6.000 3.00 59.0 22.336 1
6.000 3.00 68.8 32.155 1
6.000 3.00 78.7 41.975 1
6.000 3.00 88.5 51.795 1
6.000 3.00 98.3 61.615 1
6.000 3.00 108.2 71.435 1
6.000 3.00 118.0 81.255 1
6.000 4.00 0.0 -36.057 0
6.000 4.00 9.8 -26.248 0
6.000 4.00 19.7 -16.439 0
6.000 4.00 29.5 -6.629 0
6.000 4.00 39.3 3.180 0
6.000 4.00 49.2 12.990 0
6.000 4.00 59.0 22.799 1
6.000 4.00 68.8 32.608 1
6.000 4.00 78.7 42.418 1
6.000 4.00 88.5 52.227 1
6.000 4.00 98.3 62.036 1
6.000 4.00 108.2 71.846 1
6.000 4.00 118.0 81.655 1
6.000 5.00 0.0 -35.531 0
6.000 5.00 9.8 -25.735 0
6.000 5.00 19.7 -15.939 0
6.000 5.00 29.5 -6.143 0
6.000 5.00 39.3 3.652 0
6.000 5.00 49.2 13.448 0
6.000 5.00 59.0 23.244 0
6.000 5.00 68.8 33.040 1
6.000 5.00 78.7 42.836 1
6.000 5.00 88.5 52.632 1
6.000 5.00 98.3 62.428 1
6.000 5.00 108.2 72.224 1
6.000 5.00 118.0 82.020 1
6.500 -10.00 0.0 -46.223 0
6.500 -10.00 9.8 -36.539 0
6.500 -10.00 19.7 -26.855 0
6.500 -10.00 29.5 -17.172 0
6.500 -10.00 39.3 -7.488 0
6.500 -10.00 49.2 2.196 0
6.500 -10.00 59.0 11.880 1
6.500 -10.00 68.8 21.564 1
6.500 -10.00 78.7 31.248 1
6.500 -10.00 88.5 40.932 1
6.500 -10.00 98.3 50.616 1
6.500 -10.00 108.2 60.300 1
6.500 -10.00 118.0 69.984 1
6.500 -9.00 0.0 -45.194 0
6.500 -9.00 9.8 -35.482 0
6.500 -9.00 19.7 -25.770 0
6.500 -9.00 29.5 -16.057 0
6.500 -9.00 39.3 -6.345 0
6.500 -9.00 49.2 3.367 0
6.500 -9.00 59.0 13.079 1
6.500 -9.00 68.8 22.792 1
6.500 -9.00 78.7 32.504 1
6.500 -9.00 88.5 42.216 1
6.500 -9.00 98.3 51.929 1
6.500 -9.00 108.2 61.641 1
6.500 -9.00 118.0 71.353 1
6.500 -8.00 0.0 -44.165 0
6.500 -8.00 9.8 -34.427 0
6.500 -8.00 19.7 -24.690 0
6.500 -8.00 29.5 -14.952 0
6.500 -8.00 39.3 -5.214 0
6.500 -8.00 49.2 4.523 1
6.500 -8.00 59.0 14.261 1
6.500 -8.00 68.8 23.999 1
6.500 -8.00 78.7 33.736 1
6.500 -8.00 88.5 43.474 1
6.500 -8.00 98.3 53.211 1
6.500 -8.00 108.2 62.949 1
6.500 -8.00 118.0 72.687 1
6.500 -7.00 0.0 -43.136 0
6.500 -7.00 9.8 -33.376 0
6.500 -7.00 19.7 -23.616 0
6.500 -7.00 29.5 -13.856 0
6.500 -7.00 39.3 -4.096 0
6.500 -7.00 49.2 5.664 1
6.500 -7.00 59.0 15.425 1
6.500 -7.00 68.8 25.185 1
6.500 -7.00 78.7 34.945 1
6.500 -7.00 88.5 44.705 1
6.500 -7.00 98.3 54.465 1
6.500 -7.00 108.2 64.225 1
6.500 -7.00 118.0 73.985 1
6.500 -6.00 0.0 -42.106 0
6.500 -6.00 9.8 -32.327 0
6.500 -6.00 19.7 -22.548 0
6.500 -6.00 29.5 -12.768 0
6.500 -6.00 39.3 -2.989 0
6.500 -6.00 49.2 6.791 1
6.500 -6.00 59.0 16.570 1
6.500 -6.00 68.8 26.350 1
6.500 -6.00 78.7 36.129 1
6.500 -6.00 88.5 45.909 1
6.500 -6.00 98.3 55.688 1
6.500 -6.00 108.2 65.468 1
6.500 -6.00 118.0 75.247 1
6.500 -5.00 0.0 -41.077 0
6.500 -5.00 9.8 -31.281 0
6.500 -5.00 19.7 -21.485 0
6.500 -5.00 29.5 -11.690 0
6.500 -5.00 39.3 -1.894 0
6.500 -5.00 49.2 7.902 1
6.500 -5.00 59.0 17.698 1
6.500 -5.00 68.8 27.494 1
6.500 -5.00 78.7 37.290 1
6.500 -5.00 88.5 47.086 1
6.500 -5.00 98.3 56.882 1
6.500 -5.00 108.2 66.678 1
6.500 -5.00 118.0 76.474 1
6.500 -4.00 0.0 -40.048 0
6.500 -4.00 9.8 -30.239 0
6.500 -4.00 19.7 -20.429 0
6.500 -4.00 29.5 -10.620 0
6.500 -4.00 39.3 -0.811 0
6.500 -4.00 49.2 8.999 1
6.500 -4.00 59.0 18.808 1
6.500 -4.00 68.8 28.618 1
6.500 -4.00 78.7 38.427 1
6.500 -4.00 88.5 48.236 1
6.500 -4.00 98.3 58.046 1
6.500 -4.00 108.2 67.855 1
6.500 -4.00 118.0 77.664 1
6.500 -3.00 0.0 -39.019 0
6.500 -3.00 9.8 -29.199 0
6.500 -3.00 19.7 -19.379 0
6.500 -3.00 29.5 -9.559 0
6.500 -3.00 39.3 0.261 0
6.500 -3.00 49.2 10.080 1
6.500 -3.00 59.0 19.900 1
6.500 -3.00 68.8 29.720 1
6.500 -3.00 78.7 39.540 1
6.500 -3.00 88.5 49.360 1
6.500 -3.00 98.3 59.180 1
6.500 -3.00 108.2 69.000 1
6.500 -3.00 118.0 78.819 1
6.500 -2.00 0.0 -37.990 0
6.500 -2.00 9.8 -28.162 0
6.500 -2.00 19.7 -18.335 0
6.500 -2.00 29.5 -8.508 0
6.500 -2.00 39.3 1.320 0
6.500 -2.00 49.2 11.147 1
6.500 -2.00 59.0 20.974 1
6.500 -2.00 68.8 30.802 1
6.500 -2.00 78.7 40.629 1
6.500 -2.00 88.5 50.456 1
6.500 -2.00 98.3 60.284 1
6.500 -2.00 108.2 70.111 1
6.500 -2.00 118.0 79.938 1
6.500 -1.00 0.0 -36.960 0
6.500 -1.00 9.8 -27.129 0
6.500 -1.00 19.7 -17.297 0
6.500 -1.00 29.5 -7.465 0
6.500 -1.00 39.3 2.367 0
6.500 -1.00 49.2 12.199 1
6.500 -1.00 59.0 22.031 1
6.500 -1.00 68.8 31.862 1
6.500 -1.00 78.7 41.694 1
6.500 -1.00 88.5 51.526 1
6.500 -1.00 98.3 61.358 1
6.500 -1.00 108.2 71.190 1
6.500 -1.00 118.0 81.022 1
6.500 0.00 0.0 -35.931 0
6.500 0.00 9.8 -26.098 0
6.500 0.00 19.7 -16.265 0
6.500 0.00 29.5 -6.431 0
6.500 0.00 39.3 3.402 0
6.500 0.00 49.2 13.235 1
6.500 0.00 59.0 23.069 1
6.500 0.00 68.8 32.902 1
6.500 0.00 78.7 42.735 1
6.500 0.00 88.5 52.569 1
6.500 0.00 98.3 62.402 1
6.500 0.00 108.2 72.235 1
6.500 0.00 118.0 82.069 1
6.500 1.00 0.0 -35.314 0
6.500 1.00 9.8 -25.482 0
6.500 1.00 19.7 -15.650 0
6.500 1.00 29.5 -5.818 0
6.500 1.00 39.3 4.014 1
6.500 1.00 49.2 13.845 1
6.500 1.00 59.0 23.677 1
6.500 1.00 68.8 33.509 1
6.500 1.00 78.7 43.341 1
6.500 1.00 88.5 53.173 1
6.500 1.00 98.3 63.005 1
6.500 1.00 108.2 72.836 1
6.500 1.00 118.0 82.668 1
6.500 2.00 0.0 -34.696 0
6.500 2.00 9.8 -24.869 0
6.500 2.00 19.7 -15.041 0
6.500 2.00 29.5 -5.214 0
6.500 2.00 39.3 4.613 0
6.500 2.00 49.2 14.441 1
6.500 2.00 59.0 24.268 1
6.500 2.00 68.8 34.095 1
6.500 2.00 78.7 43.923 1
6.500 2.00 88.5 53.750 1
6.500 2.00 98.3 63.577 1
6.500 2.00 108.2 73.405 1
6.500 2.00 118.0 83.232 1
6.500 3.00 0.0 -34.079 0
6.500 3.00 9.8 -24.259 0
6.500 3.00 19.7 -14.439 0
6.500 3.00 29.5 -4.619 0
6.500 3.00 39.3 5.201 0
6.500 3.00 49.2 15.021 1
6.500 3.00 59.0 24.841 1
6.500 3.00 68.8 34.660 1
6.500 3.00 78.7 44.480 1
6.500 3.00 88.5 54.300 1
6.500 3.00 98.3 64.120 1
6.500 3.00 108.2 73.940 1
6.500 3.00 118.0 83.760 1
6.500 4.00 0.0 -33.461 0
6.500 4.00 9.8 -23.652 0
6.500 4.00 19.7 -13.842 0
6.500 4.00 29.5 -4.033 0
6.500 4.00 39.3 5.776 0
6.500 4.00 49.2 15.586 0
6.500 4.00 59.0 25.395 1
6.500 4.00 68.8 35.205 1
6.500 4.00 78.7 45.014 1
6.500 4.00 88.5 54.823 1
6.500 4.00 98.3 64.633 1
6.500 4.00 108.2 74.442 1
6.500 4.00 118.0 84.251 1
6.500 5.00 0.0 -32.844 0
6.500 5.00 9.8 -23.048 0
6.500 5.00 19.7 -13.252 0
6.500 5.00 29.5 -3.456 0
6.500 5.00 39.3 6.340 0
6.500 5.00 49.2 16.136 0
6.500 5.00 59.0 25.932 1
6.500 5.00 68.8 35.728 1
6.500 5.00 78.7 45.524 1
6.500 5.00 88.5 55.320 1
6.500 5.00 98.3 65.116 1
6.500 5.00 108.2 74.911 1
6.500 5.00 118.0 84.707 1
7.000 -10.00 0.0 -45.458 0
7.000 -10.00 9.8 -35.774 0
7.000 -10.00 19.7 -26.090 0
7.000 -10.00 29.5 -16.406 0
7.000 -10.00 39.3 -6.723 0
7.000 -10.00 49.2 2.961 0
7.000 -10.00 59.0 12.645 1
7.000 -10.00 68.8 22.329 1
7.000 -10.00 78.7 32.013 1
7.000 -10.00 88.5 41.697 1
7.000 -10.00 98.3 51.381 1
7.000 -10.00 108.2 61.065 1
7.000 -10.00 118.0 70.749 1
7.000 -9.00 0.0 -44.265 0
7.000 -9.00 9.8 -34.552 0
7.000 -9.00 19.7 -24.840 0
7.000 -9.00 29.5 -15.128 0
7.000 -9.00 39.3 -5.416 0
7.000 -9.00 49.2 4.297 1
7.000 -9.00 59.0 14.009 1
7.000 -9.00 68.8 23.721 1
7.000 -9.00 78.7 33.434 1
7.000 -9.00 88.5 43.146 1
7.000 -9.00 98.3 52.858 1
7.000 -9.00 108.2 62.570 1
7.000 -9.00 118.0 72.283 1
7.000 -8.00 0.0 -43.071 0
7.000 -8.00 9.8 -33.333 0
7.000 -8.00 19.7 -23.596 0
7.000 -8.00 29.5 -13.858 0
7.000 -8.00 39.3 -4.120 0
7.000 -8.00 49.2 5.617 1
7.000 -8.00 59.0 15.355 1
7.000 -8.00 68.8 25.092 1
7.000 -8.00 78.7 34.830 1
7.000 -8.00 88.5 44.568 1
7.000 -8.00 98.3 54.305 1
7.000 -8.00 108.2 64.043 1
7.000 -8.00 118.0 73.781 1
7.000 -7.00 0.0 -41.877 0
7.000 -7.00 9.8 -32.117 0
7.000 -7.00 19.7 -22.357 0
7.000 -7.00 29.5 -12.597 0
7.000 -7.00 39.3 -2.837 0
7.000 -7.00 49.2 6.923 1
7.000 -7.00 59.0 16.683 1
7.000 -7.00 68.8 26.443 1
7.000 -7.00 78.7 36.203 1
7.000 -7.00 88.5 45.963 1
7.000 -7.00 98.3 55.723 1
7.000 -7.00 108.2 65.483 1
7.000 -7.00 118.0 75.243 1
7.000 -6.00 0.0 -40.684 0
7.000 -6.00 9.8 -30.904 0
7.000 -6.00 19.7 -21.125 0
7.000 -6.00 29.5 -11.345 0
7.000 -6.00 39.3 -1.566 0
7.000 -6.00 49.2 8.214 1
7.000 -6.00 59.0 17.993 1
7.000 -6.00 68.8 27.773 1
7.000 -6.00 78.7 37.552 1
7.000 -6.00 88.5 47.331 1
7.000 -6.00 98.3 57.111 1
7.000 -6.00 108.2 66.890 1
7.000 -6.00 118.0 76.670 1
7.000 -5.00 0.0 -39.490 0
7.000 -5.00 9.8 -29.694 0
7.000 -5.00 19.7 -19.898 0
7.000 -5.00 29.5 -10.102 0
7.000 -5.00 39.3 -0.306 0
7.000 -5.00 49.2 9.489 1
7.000 -5.00 59.0 19.285 1
7.000 -5.00 68.8 29.081 1
7.000 -5.00 78.7 38.877 1
7.000 -5.00 88.5 48.673 1
7.000 -5.00 98.3 58.469 1
7.000 -5.00 108.2 68.265 1
7.000 -5.00 118.0 78.061 1
7.000 -4.00 0.0 -38.296 0
7.000 -4.00 9.8 -28.487 0
7.000 -4.00 19.7 -18.678 0
7.000 -4.00 29.5 -8.868 0
7.000 -4.00 39.3 0.941 0
7.000 -4.00 49.2 10.750 1
7.000 -4.00 59.0 20.560 1
7.000 -4.00 68.8 30.369 1
7.000 -4.00 78.7 40.179 1
7.000 -4.00 88.5 49.988 1
7.000 -4.00 98.3 59.797 1
7.000 -4.00 108.2 69.607 1
7.000 -4.00 118.0 79.416 1
7.000 -3.00 0.0 -37.103 0
7.000 -3.00 9.8 -27.283 0
7.000 -3.00 19.7 -17.463 0
7.000 -3.00 29.5 -7.643 0
7.000 -3.00 39.3 2.177 0
7.000 -3.00 49.2 11.996 1
7.000 -3.00 59.0 21.816 1
7.000 -3.00 68.8 31.636 1
7.000 -3.00 78.7 41.456 1
7.000 -3.00 88.5 51.276 1
7.000 -3.00 98.3 61.096 1
7.000 -3.00 108.2 70.916 1
7.000 -3.00 118.0 80.735 1
7.000 -2.00 0.0 -35.909 0
7.000 -2.00 9.8 -26.082 0
7.000 -2.00 19.7 -16.254 0
7.000 -2.00 29.5 -6.427 0
7.000 -2.00 39.3 3.400 1
7.000 -2.00 49.2 13.228 1
7.000 -2.00 59.0 23.055 1
7.000 -2.00 68.8 32.882 1
7.000 -2.00 78.7 42.710 1
7.000 -2.00 88.5 52.537 1
7.000 -2.00 98.3 62.364 1
7.000 -2.00 108.2 72.192 1
7.000 -2.00 118.0 82.019 1
7.000 -1.00 0.0 -34.716 0
7.000 -1.00 9.8 -24.884 0
7.000 -1.00 19.7 -15.052 0
7.000 -1.00 29.5 -5.220 0
7.000 -1.00 39.3 4.612 1
7.000 -1.00 49.2 14.444 1
7.000 -1.00 59.0 24.276 1
7.000 -1.00 68.8 34.107 1
7.000 -1.00 78.7 43.939 1
7.000 -1.00 88.5 53.771 1
7.000 -1.00 98.3 63.603 1
7.000 -1.00 108.2 73.435 1
7.000 -1.00 118.0 83.267 1
7.000 0.00 0.0 -33.522 0
7.000 0.00 9.8 -23.689 0
7.000 0.00 19.7 -13.855 0
7.000 0.00 29.5 -4.022 0
7.000 0.00 39.3 5.811 1
7.000 0.00 49.2 15.645 1
7.000 0.00 59.0 25.478 1
7.000 0.00 68.8 35.311 1
7.000 0.00 78.7 45.145 1
7.000 0.00 88.5 54.978 1
7.000 0.00 98.3 64.811 1
7.000 0.00 108.2 74.645 1
7.000 0.00 118.0 84.478 1
7.000 1.00 0.0 -32.806 0
7.000 1.00 9.8 -22.974 0
7.000 1.00 19.7 -13.142 0
7.000 1.00 29.5 -3.310 0
7.000 1.00 39.3 6.522 1
7.000 1.00 49.2 16.353 1
7.000 1.00 59.0 26.185 1
7.000 1.00 68.8 36.017 1
7.000 1.00 78.7 45.849 1
7.000 1.00 88.5 55.681 1
7.000 1.00 98.3 65.513 1
7.000 1.00 108.2 75.345 1
7.000 1.00 118.0 85.176 1
7.000 2.00 0.0 -32.089 0
7.000 2.00 9.8 -22.262 0
7.000 2.00 19.7 -12.435 0
7.000 2.00 29.5 -2.607 0
7.000 2.00 39.3 7.220 1
7.000 2.00 49.2 17.047 1
7.000 2.00 59.0 26.875 1
7.000 2.00 68.8 36.702 1
7.000 2.00 78.7 46.529 1
7.000 2.00 88.5 56.357 1
7.000 2.00 98.3 66.184 1
7.000 2.00 108.2 76.011 1
7.000 2.00 118.0 85.839 1
7.000 3.00 0.0 -31.373 0
7.000 3.00 9.8 -21.553 0
7.000 3.00 19.7 -11.734 0
7.000 3.00 29.5 -1.914 0
7.000 3.00 39.3 7.906 0
7.000 3.00 49.2 17.726 1
7.000 3.00 59.0 27.546 1
7.000 3.00 68.8 37.366 1
7.000 3.00 78.7 47.186 1
7.000 3.00 88.5 57.005 1
7.000 3.00 98.3 66.825 1
7.000 3.00 108.2 76.645 1
7.000 3.00 118.0 86.465 1
7.000 4.00 0.0 -30.657 0
7.000 4.00 9.8 -20.848 0
7.000 4.00 19.7 -11.038 0
7.000 4.00 29.5 -1.229 0
7.000 4.00 39.3 8.580 0
7.000 4.00 49.2 18.390 1
7.000 4.00 59.0 28.199 1
7.000 4.00 68.8 38.009 1
7.000 4.00 78.7 47.818 1
7.000 4.00 88.5 57.627 1
7.000 4.00 98.3 67.437 1
7.000 4.00 108.2 77.246 1
7.000 4.00 118.0 87.055 1
7.000 5.00 0.0 -29.941 0
7.000 5.00 9.8 -20.145 0
7.000 5.00 19.7 -10.349 0
7.000 5.00 29.5 -0.553 0
7.000 5.00 39.3 9.243 0
7.000 5.00 49.2 19.039 0
7.000 5.00 59.0 28.835 1
7.000 5.00 68.8 38.630 1
7.000 5.00 78.7 48.426 1
7.000 5.00 88.5 58.222 1
7.000 5.00 98.3 68.018 1
7.000 5.00 108.2 77.814 1
7.000 5.00 118.0 87.610 1
7.500 -10.00 0.0 -44.637 0
7.500 -10.00 9.8 -34.953 0
7.500 -10.00 19.7 -25.269 0
7.500 -10.00 29.5 -15.585 0
7.500 -10.00 39.3 -5.901 0
7.500 -10.00 49.2 3.783 0
7.500 -10.00 59.0 13.467 1
7.500 -10.00 68.8 23.151 1
7.500 -10.00 78.7 32.835 1
7.500 -10.00 88.5 42.519 1
7.500 -10.00 98.3 52.203 1
7.500 -10.00 108.2 61.887 1
7.500 -10.00 118.0 71.571 1
7.500 -9.00 0.0 -43.266 0
7.500 -9.00 9.8 -33.554 0
7.500 -9.00 19.7 -23.842 0
7.500 -9.00 29.5 -14.130 0
7.500 -9.00 39.3 -4.417 0
7.500 -9.00 49.2 5.295 1
7.500 -9.00 59.0 15.007 1
7.500 -9.00 68.8 24.720 1
7.500 -9.00 78.7 34.432 1
7.500 -9.00 88.5 44.144 1
7.500 -9.00 98.3 53.856 1
7.500 -9.00 108.2 63.569 1
7.500 -9.00 118.0 73.281 1
7.500 -8.00 0.0 -41.896 0
7.500 -8.00 9.8 -32.158 0
7.500 -8.00 19.7 -22.421 0
7.500 -8.00 29.5 -12.683 0
7.500 -8.00 39.3 -2.946 0
7.500 -8.00 49.2 6.792 1
7.500 -8.00 59.0 16.530 1
7.500 -8.00 68.8 26.267 1
7.500 -8.00 78.7 36.005 1
7.500 -8.00 88.5 45.743 1
7.500 -8.00 98.3 55.480 1
7.500 -8.00 108.2 65.218 1
7.500 -8.00 118.0 74.956 1
7.500 -7.00 0.0 -40.526 0
7.500 -7.00 9.8 -30.766 0
7.500 -7.00 19.7 -21.006 0
7.500 -7.00 29.5 -11.246 0
7.500 -7.00 39.3 -1.486 0
7.500 -7.00 49.2 8.274 1
7.500 -7.00 59.0 18.034 1
7.500 -7.00 68.8 27.794 1
7.500 -7.00 78.7 37.554 1
7.500 -7.00 88.5 47.315 1
7.500 -7.00 98.3 57.075 1
7.500 -7.00 108.2 66.835 1
7.500 -7.00 118.0 76.595 1
7.500 -6.00 0.0 -39.156 0
7.500 -6.00 9.8 -29.376 0
7.500 -6.00 19.7 -19.597 0
7.500 -6.00 29.5 -9.817 0
7.500 -6.00 39.3 -0.038 0
7.500 -6.00 49.2 9.742 1
7.500 -6.00 59.0 19.521 1
7.500 -6.00 68.8 29.301 1
7.500 -6.00 78.7 39.080 1
7.500 -6.00 88.5 48.860 1
7.500 -6.00 98.3 58.639 1
7.500 -6.00 108.2 68.419 1
7.500 -6.00 118.0 78.198 1
7.500 -5.00 0.0 -37.785 0
7.500 -5.00 9.8 -27.989 0
7.500 -5.00 19.7 -18.193 0
7.500 -5.00 29.5 -8.398 0
7.500 -5.00 39.3 1.398 0
7.500 -5.00 49.2 11.194 1
7.500 -5.00 59.0 20.990 1
7.500 -5.00 68.8 30.786 1
7.500 -5.00 78.7 40.582 1
7.500 -5.00 88.5 50.378 1
7.500 -5.00 98.3 60.174 1
7.500 -5.00 108.2 69.970 1
7.500 -5.00 118.0 79.766 1
7.500 -4.00 0.0 -36.415 0
7.500 -4.00 9.8 -26.606 0
7.500 -4.00 19.7 -16.796 0
7.500 -4.00 29.5 -6.987 0
7.500 -4.00 39.3 2.822 1
7.500 -4.00 49.2 12.632 1
7.500 -4.00 59.0 22.441 1
7.500 -4.00 68.8 32.251 1
7.500 -4.00 78.7 42.060 1
7.500 -4.00 88.5 51.869 1
7.500 -4.00 98.3 61.679 1
7.500 -4.00 108.2 71.488 1
7.500 -4.00 118.0 81.298 1
7.500 -3.00 0.0 -35.045 0
7.500 -3.00 9.8 -25.225 0
7.500 -3.00 19.7 -15.405 0
7.500 -3.00 29.5 -5.585 0
7.500 -3.00 39.3 4.235 1
7.500 -3.00 49.2 14.054 1
7.500 -3.00 59.0 23.874 1
7.500 -3.00 68.8 33.694 1
7.500 -3.00 78.7 43.514 1
7.500 -3.00 88.5 53.334 1
7.500 -3.00 98.3 63.154 1
7.500 -3.00 108.2 72.974 1
7.500 -3.00 118.0 82.793 1
7.500 -2.00 0.0 -33.675 0
7.500 -2.00 9.8 -23.847 0
7.500 -2.00 19.7 -14.020 0
7.500 -2.00 29.5 -4.193 0
7.500 -2.00 39.3 5.635 1
7.500 -2.00 49.2 15.462 1
7.500 -2.00 59.0 25.290 1
7.500 -2.00 68.8 35.117 1
7.500 -2.00 78.7 44.944 1
7.500 -2.00 88.5 54.772 1
7.500 -2.00 98.3 64.599 1
7.500 -2.00 108.2 74.426 1
7.500 -2.00 118.0 84.254 1
7.500 -1.00 0.0 -32.304 0
7.500 -1.00 9.8 -22.472 0
7.500 -1.00 19.7 -12.641 0
7.500 -1.00 29.5 -2.809 0
7.500 -1.00 39.3 7.023 1
7.500 -1.00 49.2 16.855 1
7.500 -1.00 59.0 26.687 1
7.500 -1.00 68.8 36.519 1
7.500 -1.00 78.7 46.350 1
7.500 -1.00 88.5 56.182 1
7.500 -1.00 98.3 66.014 1
7.500 -1.00 108.2 75.846 1
7.500 -1.00 118.0 85.678 1
7.500 0.00 0.0 -30.934 0
7.500 0.00 9.8 -21.101 0
7.500 0.00 19.7 -11.267 0
7.500 0.00 29.5 -1.434 0
7.500 0.00 39.3 8.399 1
7.500 0.00 49.2 18.233 1
7.500 0.00 59.0 28.066 1
7.500 0.00 68.8 37.899 1
7.500 0.00 78.7 47.733 1
7.500 0.00 88.5 57.566 1
7.500 0.00 98.3 67.399 1
7.500 0.00 108.2 77.233 1
7.500 0.00 118.0 87.066 1
7.500 1.00 0.0 -30.112 0
7.500 1.00 9.8 -20.280 0
7.500 1.00 19.7 -10.448 0
7.500 1.00 29.5 -0.616 0
7.500 1.00 39.3 9.215 1
7.500 1.00 49.2 19.047 1
7.500 1.00 59.0 28.879 1
7.500 1.00 68.8 38.711 1
7.500 1.00 78.7 48.543 1
7.500 1.00 88.5 58.375 1
7.500 1.00 98.3 68.206 1
7.500 1.00 108.2 78.038 1
7.500 1.00 118.0 87.870 1
7.500 2.00 0.0 -29.290 0
7.500 2.00 9.8 -19.462 0
7.500 2.00 19.7 -9.635 0
7.500 2.00 29.5 0.192 0
7.500 2.00 39.3 10.020 1
7.500 2.00 49.2 19.847 1
7.500 2.00 59.0 29.674 1
7.500 2.00 68.8 39.502 1
7.500 2.00 78.7 49.329 1
7.500 2.00 88.5 59.156 1
7.500 2.00 98.3 68.984 1
7.500 2.00 108.2 78.811 1
7.500 2.00 118.0 88.638 1
7.500 3.00 0.0 -28.468 0
7.500 3.00 9.8 -18.648 0
7.500 3.00 19.7 -8.828 0
7.500 3.00 29.5 0.992 0
7.500 3.00 39.3 10.812 0
7.500 3.00 49.2 20.632 1
7.500 3.00 59.0 30.452 1
7.500 3.00 68.8 40.271 1
7.500 3.00 78.7 50.091 1
7.500 3.00 88.5 59.911 1
7.500 3.00 98.3 69.731 1
7.500 3.00 108.2 79.551 1
7.500 3.00 118.0 89.371 1
7.500 4.00 0.0 -27.645 0
7.500 4.00 9.8 -17.836 0
7.500 4.00 19.7 -8.027 0
7.500 4.00 29.5 1.783 0
7.500 4.00 39.3 11.592 0
7.500 4.00 49.2 21.401 1
7.500 4.00 59.0 31.211 1
7.500 4.00 68.8 41.020 1
7.500 4.00 78.7 50.830 1
7.500 4.00 88.5 60.639 1
7.500 4.00 98.3 70.448 1
7.500 4.00 108.2 80.258 1
7.500 4.00 118.0 90.067 1
7.500 5.00 0.0 -26.823 0
7.500 5.00 9.8 -17.027 0
7.500 5.00 19.7 -7.231 0
7.500 5.00 29.5 2.564 0
7.500 5.00 39.3 12.360 0
7.500 5.00 49.2 22.156 0
7.500 5.00 59.0 31.952 1
7.500 5.00 68.8 41.748 1
7.500 5.00 78.7 51.544 1
7.500 5.00 88.5 61.340 1
7.500 5.00 98.3 71.136 1
7.500 5.00 108.2 80.932 1
7.500 5.00 118.0 90.728 1
8.000 -10.00 0.0 -43.758 0
8.000 -10.00 9.8 -34.074 0
8.000 -10.00 19.7 -24.390 0
8.000 -10.00 29.5 -14.706 0
8.000 -10.00 39.3 -5.022 0
8.000 -10.00 49.2 4.662 1
8.000 -10.00 59.0 14.345 1
8.000 -10.00 68.8 24.029 1
8.000 -10.00 78.7 33.713 1
8.000 -10.00 88.5 43.397 1
8.000 -10.00 98.3 53.081 1
8.000 -10.00 108.2 62.765 1
8.000 -10.00 118.0 72.449 1
8.000 -9.00 0.0 -42.199 0
8.000 -9.00 9.8 -32.487 0
8.000 -9.00 19.7 -22.775 0
8.000 -9.00 29.5 -13.062 0
8.000 -9.00 39.3 -3.350 0
8.000 -9.00 49.2 6.362 1
8.000 -9.00 59.0 16.074 1
8.000 -9.00 68.8 25.787 1
8.000 -9.00 78.7 35.499 1
8.000 -9.00 88.5 45.211 1
8.000 -9.00 98.3 54.924 1
8.000 -9.00 108.2 64.636 1
8.000 -9.00 118.0 74.348 1
8.000 -8.00 0.0 -40.640 0
8.000 -8.00 9.8 -30.902 0
8.000 -8.00 19.7 -21.165 0
8.000 -8.00 29.5 -11.427 0
8.000 -8.00 39.3 -1.690 0
8.000 -8.00 49.2 8.048 1
8.000 -8.00 59.0 17.786 1
8.000 -8.00 68.8 27.523 1
8.000 -8.00 78.7 37.261 1
8.000 -8.00 88.5 46.999 1
8.000 -8.00 98.3 56.736 1
8.000 -8.00 108.2 66.474 1
8.000 -8.00 118.0 76.212 1
8.000 -7.00 0.0 -39.081 0
8.000 -7.00 9.8 -29.321 0
8.000 -7.00 19.7 -19.561 0
8.000 -7.00 29.5 -9.801 0
8.000 -7.00 39.3 -0.041 0
8.000 -7.00 49.2 9.719 1
8.000 -7.00 59.0 19.479 1
8.000 -7.00 68.8 29.239 1
8.000 -7.00 78.7 38.999 1
8.000 -7.00 88.5 48.759 1
8.000 -7.00 98.3 58.519 1
8.000 -7.00 108.2 68.279 1
8.000 -7.00 118.0 78.039 1
8.000 -6.00 0.0 -37.522 0
8.000 -6.00 9.8 -27.743 0
8.000 -6.00 19.7 -17.963 0
8.000 -6.00 29.5 -8.184 0
8.000 -6.00 39.3 1.596 0
8.000 -6.00 49.2 11.375 1
8.000 -6.00 59.0 21.155 1
8.000 -6.00 68.8 30.934 1
8.000 -6.00 78.7 40.714 1
8.000 -6.00 88.5 50.493 1
8.000 -6.00 98.3 60.273 1
8.000 -6.00 108.2 70.052 1
8.000 -6.00 118.0 79.832 1
8.000 -5.00 0.0 -35.963 0
8.000 -5.00 9.8 -26.167 0
8.000 -5.00 19.7 -16.371 0
8.000 -5.00 29.5 -6.575 0
8.000 -5.00 39.3 3.221 1
8.000 -5.00 49.2 13.017 1
8.000 -5.00 59.0 22.813 1
8.000 -5.00 68.8 32.608 1
8.000 -5.00 78.7 42.404 1
8.000 -5.00 88.5 52.200 1
8.000 -5.00 98.3 61.996 1
8.000 -5.00 108.2 71.792 1
8.000 -5.00 118.0 81.588 1
8.000 -4.00 0.0 -34.404 0
8.000 -4.00 9.8 -24.595 0
8.000 -4.00 19.7 -14.785 0
8.000 -4.00 29.5 -4.976 0
8.000 -4.00 39.3 4.834 1
8.000 -4.00 49.2 14.643 1
8.000 -4.00 59.0 24.452 1
8.000 -4.00 68.8 34.262 1
8.000 -4.00 78.7 44.071 1
8.000 -4.00 88.5 53.881 1
8.000 -4.00 98.3 63.690 1
8.000 -4.00 108.2 73.499 1
8.000 -4.00 118.0 83.309 1
8.000 -3.00 0.0 -32.845 0
8.000 -3.00 9.8 -23.025 0
8.000 -3.00 19.7 -13.205 0
8.000 -3.00 29.5 -3.385 0
8.000 -3.00 39.3 6.435 1
8.000 -3.00 49.2 16.254 1
8.000 -3.00 59.0 26.074 1
8.000 -3.00 68.8 35.894 1
8.000 -3.00 78.7 45.714 1
8.000 -3.00 88.5 55.534 1
8.000 -3.00 98.3 65.354 1
8.000 -3.00 108.2 75.174 1
8.000 -3.00 118.0 84.993 1
8.000 -2.00 0.0 -31.286 0
8.000 -2.00 9.8 -21.458 0
8.000 -2.00 19.7 -11.631 0
8.000 -2.00 29.5 -1.804 0
8.000 -2.00 39.3 8.024 1
8.000 -2.00 49.2 17.851 1
8.000 -2.00 59.0 27.678 1
8.000 -2.00 68.8 37.506 1
8.000 -2.00 78.7 47.333 1
8.000 -2.00 88.5 57.160 1
8.000 -2.00 98.3 66.988 1
8.000 -2.00 108.2 76.815 1
8.000 -2.00 118.0 86.642 1
8.000 -1.00 0.0 -29.727 0
8.000 -1.00 9.8 -19.895 0
8.000 -1.00 19.7 -10.063 0
8.000 -1.00 29.5 -0.231 0
8.000 -1.00 39.3 9.601 1
8.000 -1.00 49.2 19.432 1
8.000 -1.00 59.0 29.264 1
8.000 -1.00 68.8 39.096 1
8.000 -1.00 78.7 48.928 1
8.000 -1.00 88.5 58.760 1
8.000 -1.00 98.3 68.592 1
8.000 -1.00 108.2 78.423 1
8.000 -1.00 118.0 88.255 1
8.000 0.00 0.0 -28.168 0
8.000 0.00 9.8 -18.334 0
8.000 0.00 19.7 -8.501 0
8.000 0.00 29.5 1.332 0
8.000 0.00 39.3 11.166 1
8.000 0.00 49.2 20.999 1
8.000 0.00 59.0 30.832 1
8.000 0.00 68.8 40.666 1
8.000 0.00 78.7 50.499 1
8.000 0.00 88.5 60.332 1
8.000 0.00 98.3 70.166 1
8.000 0.00 108.2 79.999 1
8.000 0.00 118.0 89.832 1
8.000 1.00 0.0 -27.232 0
8.000 1.00 9.8 -17.400 0
8.000 1.00 19.7 -7.569 0
8.000 1.00 29.5 2.263 0
8.000 1.00 39.3 12.095 1
8.000 1.00 49.2 21.927 1
8.000 1.00 59.0 31.759 1
8.000 1.00 68.8 41.591 1
8.000 1.00 78.7 51.422 1
8.000 1.00 88.5 61.254 1
8.000 1.00 98.3 71.086 1
8.000 1.00 108.2 80.918 1
8.000 1.00 118.0 90.750 1
8.000 2.00 0.0 -26.297 0
8.000 2.00 9.8 -16.470 0
8.000 2.00 19.7 -6.642 0
8.000 2.00 29.5 3.185 0
8.000 2.00 39.3 13.012 1
8.000 2.00 49.2 22.840 1
8.000 2.00 59.0 32.667 1
8.000 2.00 68.8 42.495 1
8.000 2.00 78.7 52.322 1
8.000 2.00 88.5 62.149 1
8.000 2.00 98.3 71.977 1
8.000 2.00 108.2 81.804 1
8.000 2.00 118.0 91.631 1
8.000 3.00 0.0 -25.361 0
8.000 3.00 9.8 -15.542 0
8.000 3.00 19.7 -5.722 0
8.000 3.00 29.5 4.098 0
8.000 3.00 39.3 13.918 1
8.000 3.00 49.2 23.738 1
8.000 3.00 59.0 33.558 1
8.000 3.00 68.8 43.378 1
8.000 3.00 78.7 53.197 1
8.000 3.00 88.5 63.017 1
8.000 3.00 98.3 72.837 1
8.000 3.00 108.2 82.657 1
8.000 3.00 118.0 92.477 1
8.000 4.00 0.0 -24.426 0
8.000 4.00 9.8 -14.617 0
8.000 4.00 19.7 -4.807 0
8.000 4.00 29.5 5.002 0
8.000 4.00 39.3 14.811 0
8.000 4.00 49.2 24.621 1
8.000 4.00 59.0 34.430 1
8.000 4.00 68.8 44.240 1
8.000 4.00 78.7 54.049 1
8.000 4.00 88.5 63.858 1
8.000 4.00 98.3 73.668 1
8.000 4.00 108.2 83.477 1
8.000 4.00 118.0 93.287 1
8.000 5.00 0.0 -23.491 0
8.000 5.00 9.8 -13.695 0
8.000 5.00 19.7 -3.899 0
8.000 5.00 29.5 5.897 0
8.000 5.00 39.3 15.693 0
8.000 5.00 49.2 25.489 1
8.000 5.00 59.0 35.285 1
8.000 5.00 68.8 45.081 1
8.000 5.00 78.7 54.877 1
8.000 5.00 88.5 64.673 1
8.000 5.00 98.3 74.469 1
8.000 5.00 108.2 84.264 1
8.000 5.00 118.0 94.060 1
8.500 -10.00 0.0 -42.823 0
8.500 -10.00 9.8 -33.139 0
8.500 -10.00 19.7 -23.455 0
8.500 -10.00 29.5 -13.771 0
8.500 -10.00 39.3 -4.087 0
8.500 -10.00 49.2 5.597 1
8.500 -10.00 59.0 15.281 1
8.500 -10.00 68.8 24.964 1
8.500 -10.00 78.7 34.648 1
8.500 -10.00 88.5 44.332 1
8.500 -10.00 98.3 54.016 1
8.500 -10.00 108.2 63.700 1
8.500 -10.00 118.0 73.384 1
8.500 -9.00 0.0 -41.063 0
8.500 -9.00 9.8 -31.351 0
8.500 -9.00 19.7 -21.639 0
8.500 -9.00 29.5 -11.926 0
8.500 -9.00 39.3 -2.214 0
8.500 -9.00 49.2 7.498 1
8.500 -9.00 59.0 17.211 1
8.500 -9.00 68.8 26.923 1
8.500 -9.00 78.7 36.635 1
8.500 -9.00 88.5 46.347 1
8.500 -9.00 98.3 56.060 1
8.500 -9.00 108.2 65.772 1
8.500 -9.00 118.0 75.484 1
8.500 -8.00 0.0 -39.303 0
8.500 -8.00 9.8 -29.565 0
8.500 -8.00 19.7 -19.828 0
8.500 -8.00 29.5 -10.090 0
8.500 -8.00 39.3 -0.353 0
8.500 -8.00 49.2 9.385 1
8.500 -8.00 59.0 19.123 1
8.500 -8.00 68.8 28.860 1
8.500 -8.00 78.7 38.598 1
8.500 -8.00 88.5 48.336 1
8.500 -8.00 98.3 58.073 1
8.500 -8.00 108.2 67.811 1
8.500 -8.00 118.0 77.549 1
8.500 -7.00 0.0 -37.543 0
8.500 -7.00 9.8 -27.783 0
8.500 -7.00 19.7 -18.023 0
8.500 -7.00 29.5 -8.263 0
8.500 -7.00 39.3 1.497 0
8.500 -7.00 49.2 11.257 1
8.500 -7.00 59.0 21.017 1
8.500 -7.00 68.8 30.777 1
8.500 -7.00 78.7 40.537 1
8.500 -7.00 88.5 50.297 1
8.500 -7.00 98.3 60.057 1
8.500 -7.00 108.2 69.817 1
8.500 -7.00 118.0 79.577 1
8.500 -6.00 0.0 -35.783 0
8.500 -6.00 9.8 -26.004 0
8.500 -6.00 19.7 -16.224 0
8.500 -6.00 29.5 -6.445 0
8.500 -6.00 39.3 3.335 1
8.500 -6.00 49.2 13.114 1
8.500 -6.00 59.0 22.894 1
8.500 -6.00 68.8 32.673 1
8.500 -6.00 78.7 42.453 1
8.500 -6.00 88.5 52.232 1
8.500 -6.00 98.3 62.012 1
8.500 -6.00 108.2 71.791 1
8.500 -6.00 118.0 81.571 1
8.500 -5.00 0.0 -34.023 0
8.500 -5.00 9.8 -24.227 0
8.500 -5.00 19.7 -14.431 0
8.500 -5.00 29.5 -4.635 0
8.500 -5.00 39.3 5.161 1
8.500 -5.00 49.2 14.957 1
8.500 -5.00 59.0 24.752 1
8.500 -5.00 68.8 34.548 1
8.500 -5.00 78.7 44.344 1
8.500 -5.00 88.5 54.140 1
8.500 -5.00 98.3 63.936 1
8.500 -5.00 108.2 73.732 1
8.500 -5.00 118.0 83.528 1
8.500 -4.00 0.0 -32.263 0
8.500 -4.00 9.8 -22.454 0
8.500 -4.00 19.7 -12.644 0
8.500 -4.00 29.5 -2.835 0
8.500 -4.00 39.3 6.974 1
8.500 -4.00 49.2 16.784 1
8.500 -4.00 59.0 26.593 1
8.500 -4.00 68.8 36.403 1
8.500 -4.00 78.7 46.212 1
8.500 -4.00 88.5 56.021 1
8.500 -4.00 98.3 65.831 1
8.500 -4.00 108.2 75.640 1
8.500 -4.00 118.0 85.450 1
8.500 -3.00 0.0 -30.503 0
8.500 -3.00 9.8 -20.683 0
8.500 -3.00 19.7 -10.863 0
8.500 -3.00 29.5 -1.043 0
8.500 -3.00 39.3 8.776 1
8.500 -3.00 49.2 18.596 1
8.500 -3.00 59.0 28.416 1
8.500 -3.00 68.8 38.236 1
8.500 -3.00 78.7 48.056 1
8.500 -3.00 88.5 57.876 1
8.500 -3.00 98.3 67.696 1
8.500 -3.00 108.2 77.515 1
8.500 -3.00 118.0 87.335 1
8.500 -2.00 0.0 -28.743 0
8.500 -2.00 9.8 -18.916 0
8.500 -2.00 19.7 -9.088 0
8.500 -2.00 29.5 0.739 0
8.500 -2.00 39.3 10.566 1
8.500 -2.00 49.2 20.394 1
8.500 -2.00 59.0 30.221 1
8.500 -2.00 68.8 40.048 1
8.500 -2.00 78.7 49.876 1
8.500 -2.00 88.5 59.703 1
8.500 -2.00 98.3 69.530 1
8.500 -2.00 108.2 79.358 1
8.500 -2.00 118.0 89.185 1
8.500 -1.00 0.0 -26.983 0
8.500 -1.00 9.8 -17.151 0
8.500 -1.00 19.7 -7.319 0
8.500 -1.00 29.5 2.513 1
8.500 -1.00 39.3 12.344 1
8.500 -1.00 49.2 22.176 1
8.500 -1.00 59.0 32.008 1
8.500 -1.00 68.8 41.840 1
8.500 -1.00 78.7 51.672 1
8.500 -1.00 88.5 61.504 1
8.500 -1.00 98.3 71.335 1
8.500 -1.00 108.2 81.167 1
8.500 -1.00 118.0 90.999 1
8.500 0.00 0.0 -25.223 0
8.500 0.00 9.8 -15.390 0
8.500 0.00 19.7 -5.556 0
8.500 0.00 29.5 4.277 1
8.500 0.00 39.3 14.110 1
8.500 0.00 49.2 23.944 1
8.500 0.00 59.0 33.777 1
8.500 0.00 68.8 43.610 1
8.500 0.00 78.7 53.444 1
8.500 0.00 88.5 63.277 1
8.500 0.00 98.3 73.110 1
8.500 0.00 108.2 82.944 1
8.500 0.00 118.0 92.777 1
8.500 1.00 0.0 -24.167 0
8.500 1.00 9.8 -14.335 0
8.500 1.00 19.7 -4.503 0
8.500 1.00 29.5 5.329 1
8.500 1.00 39.3 15.160 1
8.500 1.00 49.2 24.992 1
8.500 1.00 59.0 34.824 1
8.500 1.00 68.8 44.656 1
8.500 1.00 78.7 54.488 1
8.500 1.00 88.5 64.320 1
8.500 1.00 98.3 74.151 1
8.500 1.00 108.2 83.983 1
8.500 1.00 118.0 93.815 1
8.500 2.00 0.0 -23.111 0
8.500 2.00 9.8 -13.284 0
8.500 2.00 19.7 -3.456 0
8.500 2.00 29.5 6.371 1
8.500 2.00 39.3 16.198 1
8.500 2.00 49.2 26.026 1
8.500 2.00 59.0 35.853 1
8.500 2.00 68.8 45.680 1
8.500 2.00 78.7 55.508 1
8.500 2.00 88.5 65.335 1
8.500 2.00 98.3 75.162 1
8.500 2.00 108.2 84.990 1
8.500 2.00 118.0 94.817 1
8.500 3.00 0.0 -22.055 0
8.500 3.00 9.8 -12.235 0
8.500 3.00 19.7 -2.415 0
8.500 3.00 29.5 7.405 0
8.500 3.00 39.3 17.224 1
8.500 3.00 49.2 27.044 1
8.500 3.00 59.0 36.864 1
8.500 3.00 68.8 46.684 1
8.500 3.00 78.7 56.504 1
8.500 3.00 88.5 66.324 1
8.500 3.00 98.3 76.144 1
8.500 3.00 108.2 85.963 1
8.500 3.00 118.0 95.783 1
8.500 4.00 0.0 -20.999 0
8.500 4.00 9.8 -11.190 0
8.500 4.00 19.7 -1.380 0
8.500 4.00 29.5 8.429 0
8.500 4.00 39.3 18.239 0
8.500 4.00 49.2 28.048 1
8.500 4.00 59.0 37.857 1
8.500 4.00 68.8 47.667 1
8.500 4.00 78.7 57.476 1
8.500 4.00 88.5 67.285 1
8.500 4.00 98.3 77.095 1
8.500 4.00 108.2 86.904 1
8.500 4.00 118.0 96.714 1
8.500 5.00 0.0 -19.943 0
8.500 5.00 9.8 -10.147 0
8.500 5.00 19.7 -0.351 0
8.500 5.00 29.5 9.445 0
8.500 5.00 39.3 19.241 0
8.500 5.00 49.2 29.037 1
8.500 5.00 59.0 38.833 1
8.500 5.00 68.8 48.628 1
8.500 5.00 78.7 58.424 1
8.500 5.00 88.5 68.220 1
8.500 5.00 98.3 78.016 1
8.500 5.00 108.2 87.812 1
8.500 5.00 118.0 97.608 1
9.000 -10.00 0.0 -41.831 0
9.000 -10.00 9.8 -32.147 0
9.000 -10.00 19.7 -22.463 0
9.000 -10.00 29.5 -12.780 0
9.000 -10.00 39.3 -3.096 0
9.000 -10.00 49.2 6.588 1
9.000 -10.00 59.0 16.272 1
9.000 -10.00 68.8 25.956 1
9.000 -10.00 78.7 35.640 1
9.000 -10.00 88.5 45.324 1
9.000 -10.00 98.3 55.008 1
9.000 -10.00 108.2 64.692 1
9.000 -10.00 118.0 74.376 1
9.000 -9.00 0.0 -39.858 0
9.000 -9.00 9.8 -30.146 0
9.000 -9.00 19.7 -20.434 0
9.000 -9.00 29.5 -10.721 0
9.000 -9.00 39.3 -1.009 0
9.000 -9.00 49.2 8.703 1
9.000 -9.00 59.0 18.415 1
9.000 -9.00 68.8 28.128 1
9.000 -9.00 78.7 37.840 1
9.000 -9.00 88.5 47.552 1
9.000 -9.00 98.3 57.264 1
9.000 -9.00 108.2 66.977 1
9.000 -9.00 118.0 76.689 1
9.000 -8.00 0.0 -37.885 0
9.000 -8.00 9.8 -28.147 0
9.000 -8.00 19.7 -18.410 0
9.000 -8.00 29.5 -8.672 0
9.000 -8.00 39.3 1.066 0
9.000 -8.00 49.2 10.803 1
9.000 -8.00 59.0 20.541 1
9.000 -8.00 68.8 30.278 1
9.000 -8.00 78.7 40.016 1
9.000 -8.00 88.5 49.754 1
9.000 -8.00 98.3 59.491 1
9.000 -8.00 108.2 69.229 1
9.000 -8.00 118.0 78.967 1
9.000 -7.00 0.0 -35.912 0
9.000 -7.00 9.8 -26.152 0
9.000 -7.00 19.7 -16.392 0
9.000 -7.00 29.5 -6.632 0
9.000 -7.00 39.3 3.128 0
9.000 -7.00 49.2 12.888 1
9.000 -7.00 59.0 22.648 1
9.000 -7.00 68.8 32.408 1
9.000 -7.00 78.7 42.168 1
9.000 -7.00 88.5 51.928 1
9.000 -7.00 98.3 61.688 1
9.000 -7.00 108.2 71.449 1
9.000 -7.00 118.0 81.209 1
9.000 -6.00 0.0 -33.939 0
9.000 -6.00 9.8 -24.159 0
9.000 -6.00 19.7 -14.380 0
9.000 -6.00 29.5 -4.600 0
9.000 -6.00 39.3 5.179 1
9.000 -6.00 49.2 14.959 1
9.000 -6.00 59.0 24.738 1
9.000 -6.00 68.8 34.518 1
9.000 -6.00 78.7 44.297 1
9.000 -6.00 88.5 54.076 1
9.000 -6.00 98.3 63.856 1
9.000 -6.00 108.2 73.635 1
9.000 -6.00 118.0 83.415 1
9.000 -5.00 0.0 -31.966 0
9.000 -5.00 9.8 -22.170 0
9.000 -5.00 19.7 -12.374 0
9.000 -5.00 29.5 -2.578 0
9.000 -5.00 39.3 7.218 1
9.000 -5.00 49.2 17.014 1
9.000 -5.00 59.0 26.810 1
9.000 -5.00 68.8 36.606 1
9.000 -5.00 78.7 46.402 1
9.000 -5.00 88.5 56.198 1
9.000 -5.00 98.3 65.994 1
9.000 -5.00 108.2 75.790 1
9.000 -5.00 118.0 85.585 1
9.000 -4.00 0.0 -29.992 0
9.000 -4.00 9.8 -20.183 0
9.000 -4.00 19.7 -10.374 0
9.000 -4.00 29.5 -0.564 0
9.000 -4.00 39.3 9.245 1
9.000 -4.00 49.2 19.055 1
9.000 -4.00 59.0 28.864 1
9.000 -4.00 68.8 38.673 1
9.000 -4.00 78.7 48.483 1
9.000 -4.00 88.5 58.292 1
9.000 -4.00 98.3 68.101 1
9.000 -4.00 108.2 77.911 1
9.000 -4.00 118.0 87.720 1
9.000 -3.00 0.0 -28.019 0
9.000 -3.00 9.8 -18.199 0
9.000 -3.00 19.7 -8.380 0
9.000 -3.00 29.5 1.440 0
9.000 -3.00 39.3 11.260 1
9.000 -3.00 49.2 21.080 1
9.000 -3.00 59.0 30.900 1
9.000 -3.00 68.8 40.720 1
9.000 -3.00 78.7 50.540 1
9.000 -3.00 88.5 60.359 1
9.000 -3.00 98.3 70.179 1
9.000 -3.00 108.2 79.999 1
9.000 -3.00 118.0 89.819 1
9.000 -2.00 0.0 -26.046 0
9.000 -2.00 9.8 -16.219 0
9.000 -2.00 19.7 -6.391 0
9.000 -2.00 29.5 3.436 1
9.000 -2.00 39.3 13.263 1
9.000 -2.00 49.2 23.091 1
9.000 -2.00 59.0 32.918 1
9.000 -2.00 68.8 42.745 1
9.000 -2.00 78.7 52.573 1
9.000 -2.00 88.5 62.400 1
9.000 -2.00 98.3 72.227 1
9.000 -2.00 108.2 82.055 1
9.000 -2.00 118.0 91.882 1
9.000 -1.00 0.0 -24.073 0
9.000 -1.00 9.8 -14.241 0
9.000 -1.00 19.7 -4.409 0
9.000 -1.00 29.5 5.423 1
9.000 -1.00 39.3 15.254 1
9.000 -1.00 49.2 25.086 1
9.000 -1.00 59.0 34.918 1
9.000 -1.00 68.8 44.750 1
9.000 -1.00 78.7 54.582 1
9.000 -1.00 88.5 64.414 1
9.000 -1.00 98.3 74.245 1
9.000 -1.00 108.2 84.077 1
9.000 -1.00 118.0 93.909 1
9.000 0.00 0.0 -22.100 0
9.000 0.00 9.8 -12.266 0
9.000 0.00 19.7 -2.433 0
9.000 0.00 29.5 7.400 1
9.000 0.00 39.3 17.234 1
9.000 0.00 49.2 27.067 1
9.000 0.00 59.0 36.900 1
9.000 0.00 68.8 46.734 1
9.000 0.00 78.7 56.567 1
9.000 0.00 88.5 66.400 1
9.000 0.00 98.3 76.234 1
9.000 0.00 108.2 86.067 1
9.000 0.00 118.0 95.900 1
9.000 1.00 0.0 -20.916 0
9.000 1.00 9.8 -11.084 0
9.000 1.00 19.7 -1.252 0
9.000 1.00 29.5 8.580 1
9.000 1.00 39.3 18.412 1
9.000 1.00 49.2 28.243 1
9.000 1.00 59.0 38.075 1
9.000 1.00 68.8 47.907 1
9.000 1.00 78.7 57.739 1
9.000 1.00 88.5 67.571 1
9.000 1.00 98.3 77.403 1
9.000 1.00 108.2 87.234 1
9.000 1.00 118.0 97.066 1
9.000 2.00 0.0 -19.732 0
9.000 2.00 9.8 -9.905 0
9.000 2.00 19.7 -0.077 0
9.000 2.00 29.5 9.750 1
9.000 2.00 39.3 19.577 1
9.000 2.00 49.2 29.405 1
9.000 2.00 59.0 39.232 1
9.000 2.00 68.8 49.059 1
9.000 2.00 78.7 58.887 1
9.000 2.00 88.5 68.714 1
9.000 2.00 98.3 78.541 1
9.000 2.00 108.2 88.369 1
9.000 2.00 118.0 98.196 1
9.000 3.00 0.0 -18.548 0
9.000 3.00 9.8 -8.728 0
9.000 3.00 19.7 1.092 0
9.000 3.00 29.5 10.912 0
9.000 3.00 39.3 20.731 1
9.000 3.00 49.2 30.551 1
9.000 3.00 59.0 40.371 1
9.000 3.00 68.8 50.191 1
9.000 3.00 78.7 60.011 1
9.000 3.00 88.5 69.831 1
9.000 3.00 98.3 79.651 1
9.000 3.00 108.2 89.470 1
9.000 3.00 118.0 99.290 1
9.000 4.00 0.0 -17.364 0
9.000 4.00 9.8 -7.555 0
9.000 4.00 19.7 2.255 0
9.000 4.00 29.5 12.064 0
9.000 4.00 39.3 21.873 1
9.000 4.00 49.2 31.683 1
9.000 4.00 59.0 41.492 1
9.000 4.00 68.8 51.302 1
9.000 4.00 78.7 61.111 1
9.000 4.00 88.5 70.920 1
9.000 4.00 98.3 80.730 1
9.000 4.00 108.2 90.539 1
9.000 4.00 118.0 100.348 1
9.000 5.00 0.0 -16.180 0
9.000 5.00 9.8 -6.384 0
9.000 5.00 19.7 3.412 0
9.000 5.00 29.5 13.207 0
9.000 5.00 39.3 23.003 0
9.000 5.00 49.2 32.799 1
9.000 5.00 59.0 42.595 1
9.000 5.00 68.8 52.391 1
9.000 5.00 78.7 62.187 1
9.000 5.00 88.5 71.983 1
9.000 5.00 98.3 81.779 1
9.000 5.00 108.2 91.575 1
9.000 5.00 118.0 101.371 1
9.500 -10.00 0.0 -40.783 0
9.500 -10.00 9.8 -31.099 0
9.500 -10.00 19.7 -21.415 0
9.500 -10.00 29.5 -11.731 0
9.500 -10.00 39.3 -2.047 0
9.500 -10.00 49.2 7.637 1
9.500 -10.00 59.0 17.321 1
9.500 -10.00 68.8 27.005 1
9.500 -10.00 78.7 36.689 1
9.500 -10.00 88.5 46.373 1
9.500 -10.00 98.3 56.056 1
9.500 -10.00 108.2 65.740 1
9.500 -10.00 118.0 75.424 1
9.500 -9.00 0.0 -38.584 0
9.500 -9.00 9.8 -28.872 0
9.500 -9.00 19.7 -19.160 0
9.500 -9.00 29.5 -9.448 0
9.500 -9.00 39.3 0.265 0
9.500 -9.00 49.2 9.977 1
9.500 -9.00 59.0 19.689 1
9.500 -9.00 68.8 29.401 1
9.500 -9.00 78.7 39.114 1
9.500 -9.00 88.5 48.826 1
9.500 -9.00 98.3 58.538 1
9.500 -9.00 108.2 68.250 1
9.500 -9.00 118.0 77.963 1
9.500 -8.00 0.0 -36.386 0
9.500 -8.00 9.8 -26.648 0
9.500 -8.00 19.7 -16.911 0
9.500 -8.00 29.5 -7.173 0
9.500 -8.00 39.3 2.565 0
9.500 -8.00 49.2 12.302 1
9.500 -8.00 59.0 22.040 1
9.500 -8.00 68.8 31.777 1
9.500 -8.00 78.7 41.515 1
9.500 -8.00 88.5 51.253 1
9.500 -8.00 98.3 60.990 1
9.500 -8.00 108.2 70.728 1
9.500 -8.00 118.0 80.466 1
9.500 -7.00 0.0 -34.187 0
9.500 -7.00 9.8 -24.427 0
9.500 -7.00 19.7 -14.667 0
9.500 -7.00 29.5 -4.907 0
9.500 -7.00 39.3 4.853 1
9.500 -7.00 49.2 14.613 1
9.500 -7.00 59.0 24.373 1
9.500 -7.00 68.8 34.133 1
9.500 -7.00 78.7 43.893 1
9.500 -7.00 88.5 53.653 1
9.500 -7.00 98.3 63.413 1
9.500 -7.00 108.2 73.173 1
9.500 -7.00 118.0 82.933 1
9.500 -6.00 0.0 -31.989 0
9.500 -6.00 9.8 -22.210 0
9.500 -6.00 19.7 -12.430 0
9.500 -6.00 29.5 -2.651 0
9.500 -6.00 39.3 7.129 1
9.500 -6.00 49.2 16.908 1
9.500 -6.00 59.0 26.688 1
9.500 -6.00 68.8 36.467 1
9.500 -6.00 78.7 46.247 1
9.500 -6.00 88.5 56.026 1
9.500 -6.00 98.3 65.806 1
9.500 -6.00 108.2 75.585 1
9.500 -6.00 118.0 85.365 1
9.500 -5.00 0.0 -29.790 0
9.500 -5.00 9.8 -19.995 0
9.500 -5.00 19.7 -10.199 0
9.500 -5.00 29.5 -0.403 0
9.500 -5.00 39.3 9.393 1
9.500 -5.00 49.2 19.189 1
9.500 -5.00 59.0 28.985 1
9.500 -5.00 68.8 38.781 1
9.500 -5.00 78.7 48.577 1
9.500 -5.00 88.5 58.373 1
9.500 -5.00 98.3 68.169 1
9.500 -5.00 108.2 77.965 1
9.500 -5.00 118.0 87.760 1
9.500 -4.00 0.0 -27.592 0
9.500 -4.00 9.8 -17.783 0
9.500 -4.00 19.7 -7.973 0
9.500 -4.00 29.5 1.836 0
9.500 -4.00 39.3 11.646 1
9.500 -4.00 49.2 21.455 1
9.500 -4.00 59.0 31.264 1
9.500 -4.00 68.8 41.074 1
9.500 -4.00 78.7 50.883 1
9.500 -4.00 88.5 60.692 1
9.500 -4.00 98.3 70.502 1
9.500 -4.00 108.2 80.311 1
9.500 -4.00 118.0 90.121 1
9.500 -3.00 0.0 -25.394 0
9.500 -3.00 9.8 -15.574 0
9.500 -3.00 19.7 -5.754 0
9.500 -3.00 29.5 4.066 1
9.500 -3.00 39.3 13.886 1
9.500 -3.00 49.2 23.706 1
9.500 -3.00 59.0 33.526 1
9.500 -3.00 68.8 43.345 1
9.500 -3.00 78.7 53.165 1
9.500 -3.00 88.5 62.985 1
9.500 -3.00 98.3 72.805 1
9.500 -3.00 108.2 82.625 1
9.500 -3.00 118.0 92.445 1
9.500 -2.00 0.0 -23.195 0
9.500 -2.00 9.8 -13.368 0
9.500 -2.00 19.7 -3.540 0
9.500 -2.00 29.5 6.287 1
9.500 -2.00 39.3 16.114 1
9.500 -2.00 49.2 25.942 1
9.500 -2.00 59.0 35.769 1
9.500 -2.00 68.8 45.596 1
9.500 -2.00 78.7 55.424 1
9.500 -2.00 88.5 65.251 1
9.500 -2.00 98.3 75.078 1
9.500 -2.00 108.2 84.906 1
9.500 -2.00 118.0 94.733 1
9.500 -1.00 0.0 -20.997 0
9.500 -1.00 9.8 -11.165 0
9.500 -1.00 19.7 -1.333 0
9.500 -1.00 29.5 8.499 1
9.500 -1.00 39.3 18.331 1
9.500 -1.00 49.2 28.163 1
9.500 -1.00 59.0 37.994 1
9.500 -1.00 68.8 47.826 1
9.500 -1.00 78.7 57.658 1
9.500 -1.00 88.5 67.490 1
9.500 -1.00 98.3 77.322 1
9.500 -1.00 108.2 87.154 1
9.500 -1.00 118.0 96.986 1
9.500 0.00 0.0 -18.798 0
9.500 0.00 9.8 -8.965 0
9.500 0.00 19.7 0.869 0
9.500 0.00 29.5 10.702 1
9.500 0.00 39.3 20.535 1
9.500 0.00 49.2 30.369 1
9.500 0.00 59.0 40.202 1
9.500 0.00 68.8 50.035 1
9.500 0.00 78.7 59.869 1
9.500 0.00 88.5 69.702 1
9.500 0.00 98.3 79.535 1
9.500 0.00 108.2 89.369 1
9.500 0.00 118.0 99.202 1
9.500 1.00 0.0 -17.479 0
9.500 1.00 9.8 -7.647 0
9.500 1.00 19.7 2.185 1
9.500 1.00 29.5 12.017 1
9.500 1.00 39.3 21.848 1
9.500 1.00 49.2 31.680 1
9.500 1.00 59.0 41.512 1
9.500 1.00 68.8 51.344 1
9.500 1.00 78.7 61.176 1
9.500 1.00 88.5 71.008 1
9.500 1.00 98.3 80.839 1
9.500 1.00 108.2 90.671 1
9.500 1.00 118.0 100.503 1
9.500 2.00 0.0 -16.160 0
9.500 2.00 9.8 -6.332 0
9.500 2.00 19.7 3.495 0
9.500 2.00 29.5 13.322 1
9.500 2.00 39.3 23.150 1
9.500 2.00 49.2 32.977 1
9.500 2.00 59.0 42.804 1
9.500 2.00 68.8 52.632 1
9.500 2.00 78.7 62.459 1
9.500 2.00 88.5 72.286 1
9.500 2.00 98.3 82.114 1
9.500 2.00 108.2 91.941 1
9.500 2.00 118.0 101.768 1
9.500 3.00 0.0 -14.841 0
9.500 3.00 9.8 -5.021 0
9.500 3.00 19.7 4.799 0
9.500 3.00 29.5 14.619 1
9.500 3.00 39.3 24.439 1
9.500 3.00 49.2 34.259 1
9.500 3.00 59.0 44.078 1
9.500 3.00 68.8 53.898 1
9.500 3.00 78.7 63.718 1
9.500 3.00 88.5 73.538 1
9.500 3.00 98.3 83.358 1
9.500 3.00 108.2 93.178 1
9.500 3.00 118.0 102.998 1
9.500 4.00 0.0 -13.522 0
9.500 4.00 9.8 -3.712 0
9.500 4.00 19.7 6.097 0
9.500 4.00 29.5 15.906 0
9.500 4.00 39.3 25.716 1
9.500 4.00 49.2 35.525 1
9.500 4.00 59.0 45.335 1
9.500 4.00 68.8 55.144 1
9.500 4.00 78.7 64.953 1
9.500 4.00 88.5 74.763 1
9.500 4.00 98.3 84.572 1
9.500 4.00 108.2 94.382 1
9.500 4.00 118.0 104.191 1
9.500 5.00 0.0 -12.203 0
9.500 5.00 9.8 -2.407 0
9.500 5.00 19.7 7.389 0
9.500 5.00 29.5 17.185 0
9.500 5.00 39.3 26.981 0
9.500 5.00 49.2 36.777 1
9.500 5.00 59.0 46.573 1
9.500 5.00 68.8 56.369 1
9.500 5.00 78.7 66.165 1
9.500 5.00 88.5 75.961 1
9.500 5.00 98.3 85.757 1
9.500 5.00 108.2 95.553 1
9.500 5.00 118.0 105.348 1
10.000 -10.00 0.0 -39.678 0
10.000 -10.00 9.8 -29.994 0
10.000 -10.00 19.7 -20.310 0
10.000 -10.00 29.5 -10.626 0
10.000 -10.00 39.3 -0.942 0
10.000 -10.00 49.2 8.742 1
10.000 -10.00 59.0 18.426 1
10.000 -10.00 68.8 28.110 1
10.000 -10.00 78.7 37.794 1
10.000 -10.00 88.5 47.478 1
10.000 -10.00 98.3 57.162 1
10.000 -10.00 108.2 66.845 1
10.000 -10.00 118.0 76.529 1
10.000 -9.00 0.0 -37.242 0
10.000 -9.00 9.8 -27.530 0
10.000 -9.00 19.7 -17.817 0
10.000 -9.00 29.5 -8.105 0
10.000 -9.00 39.3 1.607 0
10.000 -9.00 49.2 11.319 1
10.000 -9.00 59.0 21.032 1
10.000 -9.00 68.8 30.744 1
10.000 -9.00 78.7 40.456 1
10.000 -9.00 88.5 50.169 1
10.000 -9.00 98.3 59.881 1
10.000 -9.00 108.2 69.593 1
10.000 -9.00 118.0 79.305 1
10.000 -8.00 0.0 -34.806 0
10.000 -8.00 9.8 -25.068 0
10.000 -8.00 19.7 -15.331 0
10.000 -8.00 29.5 -5.593 0
10.000 -8.00 39.3 4.145 1
10.000 -8.00 49.2 13.882 1
10.000 -8.00 59.0 23.620 1
10.000 -8.00 68.8 33.358 1
10.000 -8.00 78.7 43.095 1
10.000 -8.00 88.5 52.833 1
10.000 -8.00 98.3 62.570 1
10.000 -8.00 108.2 72.308 1
10.000 -8.00 118.0 82.046 1
10.000 -7.00 0.0 -32.370 0
10.000 -7.00 9.8 -22.610 0
10.000 -7.00 19.7 -12.850 0
10.000 -7.00 29.5 -3.090 0
10.000 -7.00 39.3 6.670 1
10.000 -7.00 49.2 16.430 1
10.000 -7.00 59.0 26.190 1
10.000 -7.00 68.8 35.950 1
10.000 -7.00 78.7 45.710 1
10.000 -7.00 88.5 55.470 1
10.000 -7.00 98.3 65.230 1
10.000 -7.00 108.2 74.991 1
10.000 -7.00 118.0 84.751 1
10.000 -6.00 0.0 -29.934 0
10.000 -6.00 9.8 -20.154 0
10.000 -6.00 19.7 -10.375 0
10.000 -6.00 29.5 -0.595 0
10.000 -6.00 39.3 9.184 1
10.000 -6.00 49.2 18.963 1
10.000 -6.00 59.0 28.743 1
10.000 -6.00 68.8 38.522 1
10.000 -6.00 78.7 48.302 1
10.000 -6.00 88.5 58.081 1
10.000 -6.00 98.3 67.861 1
10.000 -6.00 108.2 77.640 1
10.000 -6.00 118.0 87.420 1
10.000 -5.00 0.0 -27.498 0
10.000 -5.00 9.8 -17.702 0
10.000 -5.00 19.7 -7.906 0
10.000 -5.00 29.5 1.890 0
10.000 -5.00 39.3 11.686 1
10.000 -5.00 49.2 21.482 1
10.000 -5.00 59.0 31.278 1
10.000 -5.00 68.8 41.074 1
10.000 -5.00 78.7 50.869 1
10.000 -5.00 88.5 60.665 1
10.000 -5.00 98.3 70.461 1
10.000 -5.00 108.2 80.257 1
10.000 -5.00 118.0 90.053 1
10.000 -4.00 0.0 -25.062 0
10.000 -4.00 9.8 -15.252 0
10.000 -4.00 19.7 -5.443 0
10.000 -4.00 29.5 4.366 1
10.000 -4.00 39.3 14.176 1
10.000 -4.00 49.2 23.985 1
10.000 -4.00 59.0 33.794 1
10.000 -4.00 68.8 43.604 1
10.000 -4.00 78.7 53.413 1
10.000 -4.00 88.5 63.223 1
10.000 -4.00 98.3 73.032 1
10.000 -4.00 108.2 82.841 1
10.000 -4.00 118.0 92.651 1
10.000 -3.00 0.0 -22.626 0
10.000 -3.00 9.8 -12.806 0
10.000 -3.00 19.7 -2.986 0
10.000 -3.00 29.5 6.834 1
10.000 -3.00 39.3 16.654 1
10.000 -3.00 49.2 26.473 1
10.000 -3.00 59.0 36.293 1
10.000 -3.00 68.8 46.113 1
10.000 -3.00 78.7 55.933 1
10.000 -3.00 88.5 65.753 1
10.000 -3.00 98.3 75.573 1
10.000 -3.00 108.2 85.393 1
10.000 -3.00 118.0 95.212 1
10.000 -2.00 0.0 -20.190 0
10.000 -2.00 9.8 -10.363 0
10.000 -2.00 19.7 -0.535 0
10.000 -2.00 29.5 9.292 1
10.000 -2.00 39.3 19.120 1
10.000 -2.00 49.2 28.947 1
10.000 -2.00 59.0 38.774 1
10.000 -2.00 68.8 48.602 1
10.000 -2.00 78.7 58.429 1
10.000 -2.00 88.5 68.256 1
10.000 -2.00 98.3 78.084 1
10.000 -2.00 108.2 87.911 1
10.000 -2.00 118.0 97.738 1
10.000 -1.00 0.0 -17.754 0
10.000 -1.00 9.8 -7.922 0
10.000 -1.00 19.7 1.910 0
10.000 -1.00 29.5 11.742 1
10.000 -1.00 39.3 21.573 1
10.000 -1.00 49.2 31.405 1
10.000 -1.00 59.0 41.237 1
10.000 -1.00 68.8 51.069 1
10.000 -1.00 78.7 60.901 1
10.000 -1.00 88.5 70.733 1
10.000 -1.00 98.3 80.565 1
10.000 -1.00 108.2 90.396 1
10.000 -1.00 118.0 100.228 1
10.000 0.00 0.0 -15.318 0
10.000 0.00 9.8 -5.485 0
10.000 0.00 19.7 4.349 1
10.000 0.00 29.5 14.182 1
10.000 0.00 39.3 24.015 1
10.000 0.00 49.2 33.849 1
10.000 0.00 59.0 43.682 1
10.000 0.00 68.8 53.515 1
10.000 0.00 78.7 63.349 1
10.000 0.00 88.5 73.182 1
10.000 0.00 98.3 83.015 1
10.000 0.00 108.2 92.849 1
10.000 0.00 118.0 102.682 1
10.000 1.00 0.0 -13.856 0
10.000 1.00 9.8 -4.024 0
10.000 1.00 19.7 5.807 1
10.000 1.00 29.5 15.639 1
10.000 1.00 39.3 25.471 1
10.000 1.00 49.2 35.303 1
10.000 1.00 59.0 45.135 1
10.000 1.00 68.8 54.967 1
10.000 1.00 78.7 64.798 1
10.000 1.00 88.5 74.630 1
10.000 1.00 98.3 84.462 1
10.000 1.00 108.2 94.294 1
10.000 1.00 118.0 104.126 1
10.000 2.00 0.0 -12.395 0
10.000 2.00 9.8 -2.567 0
10.000 2.00 19.7 7.260 1
10.000 2.00 29.5 17.087 1
10.000 2.00 39.3 26.915 1
10.000 2.00 49.2 36.742 1
10.000 2.00 59.0 46.569 1
10.000 2.00 68.8 56.397 1
10.000 2.00 78.7 66.224 1
10.000 2.00 88.5 76.051 1
10.000 2.00 98.3 85.879 1
10.000 2.00 108.2 95.706 1
10.000 2.00 118.0 105.533 1
10.000 3.00 0.0 -10.933 0
10.000 3.00 9.8 -1.113 0
10.000 3.00 19.7 8.707 0
10.000 3.00 29.5 18.527 1
10.000 3.00 39.3 28.346 1
10.000 3.00 49.2 38.166 1
10.000 3.00 59.0 47.986 1
10.000 3.00 68.8 57.806 1
10.000 3.00 78.7 67.626 1
10.000 3.00 88.5 77.446 1
10.000 3.00 98.3 87.266 1
10.000 3.00 108.2 97.085 1
10.000 3.00 118.0 106.905 1
10.000 4.00 0.0 -9.471 0
10.000 4.00 9.8 0.338 0
10.000 4.00 19.7 10.147 0
10.000 4.00 29.5 19.957 0
10.000 4.00 39.3 29.766 1
10.000 4.00 49.2 39.575 1
10.000 4.00 59.0 49.385 1
10.000 4.00 68.8 59.194 1
10.000 4.00 78.7 69.004 1
10.000 4.00 88.5 78.813 1
10.000 4.00 98.3 88.622 1
10.000 4.00 108.2 98.432 1
10.000 4.00 118.0 108.241 1
10.000 5.00 0.0 -8.010 0
10.000 5.00 9.8 1.786 0
10.000 5.00 19.7 11.582 0
10.000 5.00 29.5 21.378 0
10.000 5.00 39.3 31.174 1
10.000 5.00 49.2 40.970 1
10.000 5.00 59.0 50.766 1
10.000 5.00 68.8 60.562 1
10.000 5.00 78.7 70.357 1
10.000 5.00 88.5 80.153 1
10.000 5.00 98.3 89.949 1
10.000 5.00 108.2 99.745 1
10.000 5.00 118.0 109.541 1
10.500 -10.00 0.0 -38.516 0
10.500 -10.00 9.8 -28.832 0
10.500 -10.00 19.7 -19.148 0
10.500 -10.00 29.5 -9.464 0
10.500 -10.00 39.3 0.220 0
10.500 -10.00 49.2 9.904 1
10.500 -10.00 59.0 19.588 1
10.500 -10.00 68.8 29.271 1
10.500 -10.00 78.7 38.955 1
10.500 -10.00 88.5 48.639 1
10.500 -10.00 98.3 58.323 1
10.500 -10.00 108.2 68.007 1
10.500 -10.00 118.0 77.691 1
10.500 -9.00 0.0 -35.830 0
10.500 -9.00 9.8 -26.118 0
10.500 -9.00 19.7 -16.406 0
10.500 -9.00 29.5 -6.694 0
10.500 -9.00 39.3 3.019 0
10.500 -9.00 49.2 12.731 1
10.500 -9.00 59.0 22.443 1
10.500 -9.00 68.8 32.155 1
10.500 -9.00 78.7 41.868 1
10.500 -9.00 88.5 51.580 1
10.500 -9.00 98.3 61.292 1
10.500 -9.00 108.2 71.005 1
10.500 -9.00 118.0 80.717 1
10.500 -8.00 0.0 -33.145 0
10.500 -8.00 9.8 -23.407 0
10.500 -8.00 19.7 -13.669 0
10.500 -8.00 29.5 -3.932 0
10.500 -8.00 39.3 5.806 1
10.500 -8.00 49.2 15.543 1
10.500 -8.00 59.0 25.281 1
10.500 -8.00 68.8 35.019 1
10.500 -8.00 78.7 44.756 1
10.500 -8.00 88.5 54.494 1
10.500 -8.00 98.3 64.232 1
10.500 -8.00 108.2 73.969 1
10.500 -8.00 118.0 83.707 1
10.500 -7.00 0.0 -30.459 0
10.500 -7.00 9.8 -20.699 0
10.500 -7.00 19.7 -10.939 0
10.500 -7.00 29.5 -1.179 0
10.500 -7.00 39.3 8.581 1
10.500 -7.00 49.2 18.341 1
10.500 -7.00 59.0 28.101 1
10.500 -7.00 68.8 37.861 1
10.500 -7.00 78.7 47.621 1
10.500 -7.00 88.5 57.381 1
10.500 -7.00 98.3 67.141 1
10.500 -7.00 108.2 76.901 1
10.500 -7.00 118.0 86.661 1
10.500 -6.00 0.0 -27.773 0
10.500 -6.00 9.8 -17.994 0
10.500 -6.00 19.7 -8.214 0
10.500 -6.00 29.5 1.565 0
10.500 -6.00 39.3 11.344 1
10.500 -6.00 49.2 21.124 1
10.500 -6.00 59.0 30.903 1
10.500 -6.00 68.8 40.683 1
10.500 -6.00 78.7 50.462 1
10.500 -6.00 88.5 60.242 1
10.500 -6.00 98.3 70.021 1
10.500 -6.00 108.2 79.801 1
10.500 -6.00 118.0 89.580 1
10.500 -5.00 0.0 -25.088 0
10.500 -5.00 9.8 -15.292 0
10.500 -5.00 19.7 -5.496 0
10.500 -5.00 29.5 4.300 1
10.500 -5.00 39.3 14.096 1
10.500 -5.00 49.2 23.892 1
10.500 -5.00 59.0 33.688 1
10.500 -5.00 68.8 43.484 1
10.500 -5.00 78.7 53.280 1
10.500 -5.00 88.5 63.076 1
10.500 -5.00 98.3 72.871 1
10.500 -5.00 108.2 82.667 1
10.500 -5.00 118.0 92.463 1
10.500 -4.00 0.0 -22.402 0
10.500 -4.00 9.8 -12.593 0
10.500 -4.00 19.7 -2.783 0
10.500 -4.00 29.5 7.026 1
10.500 -4.00 39.3 16.836 1
10.500 -4.00 49.2 26.645 1
10.500 -4.00 59.0 36.454 1
10.500 -4.00 68.8 46.264 1
10.500 -4.00 78.7 56.073 1
10.500 -4.00 88.5 65.882 1
10.500 -4.00 98.3 75.692 1
10.500 -4.00 108.2 85.501 1
10.500 -4.00 118.0 95.311 1
10.500 -3.00 0.0 -19.716 0
10.500 -3.00 9.8 -9.896 0
10.500 -3.00 19.7 -0.077 0
10.500 -3.00 29.5 9.743 1
10.500 -3.00 39.3 19.563 1
10.500 -3.00 49.2 29.383 1
10.500 -3.00 59.0 39.203 1
10.500 -3.00 68.8 49.023 1
10.500 -3.00 78.7 58.843 1
10.500 -3.00 88.5 68.662 1
10.500 -3.00 98.3 78.482 1
10.500 -3.00 108.2 88.302 1
10.500 -3.00 118.0 98.122 1
10.500 -2.00 0.0 -17.031 0
10.500 -2.00 9.8 -7.203 0
10.500 -2.00 19.7 2.624 0
10.500 -2.00 29.5 12.451 1
10.500 -2.00 39.3 22.279 1
10.500 -2.00 49.2 32.106 1
10.500 -2.00 59.0 41.933 1
10.500 -2.00 68.8 51.761 1
10.500 -2.00 78.7 61.588 1
10.500 -2.00 88.5 71.415 1
10.500 -2.00 98.3 81.243 1
10.500 -2.00 108.2 91.070 1
10.500 -2.00 118.0 100.898 1
10.500 -1.00 0.0 -14.345 0
10.500 -1.00 9.8 -4.513 0
10.500 -1.00 19.7 5.319 1
10.500 -1.00 29.5 15.151 1
10.500 -1.00 39.3 24.982 1
10.500 -1.00 49.2 34.814 1
10.500 -1.00 59.0 44.646 1
10.500 -1.00 68.8 54.478 1
10.500 -1.00 78.7 64.310 1
10.500 -1.00 88.5 74.142 1
10.500 -1.00 98.3 83.973 1
10.500 -1.00 108.2 93.805 1
10.500 -1.00 118.0 103.637 1
10.500 0.00 0.0 -11.659 0
10.500 0.00 9.8 -1.826 0
10.500 0.00 19.7 8.007 1
10.500 0.00 29.5 17.841 1
10.500 0.00 39.3 27.674 1
10.500 0.00 49.2 37.507 1
10.500 0.00 59.0 47.341 1
10.500 0.00 68.8 57.174 1
10.500 0.00 78.7 67.007 1
10.500 0.00 88.5 76.841 1
10.500 0.00 98.3 86.674 1
10.500 0.00 108.2 96.507 1
10.500 0.00 118.0 106.341 1
10.500 1.00 0.0 -10.048 0
10.500 1.00 9.8 -0.216 0
10.500 1.00 19.7 9.616 1
10.500 1.00 29.5 19.448 1
10.500 1.00 39.3 29.280 1
10.500 1.00 49.2 39.111 1
10.500 1.00 59.0 48.943 1
10.500 1.00 68.8 58.775 1
10.500 1.00 78.7 68.607 1
10.500 1.00 88.5 78.439 1
10.500 1.00 98.3 88.271 1
10.500 1.00 108.2 98.102 1
10.500 1.00 118.0 107.934 1
10.500 2.00 0.0 -8.436 0
10.500 2.00 9.8 1.391 0
10.500 2.00 19.7 11.218 1
10.500 2.00 29.5 21.046 1
10.500 2.00 39.3 30.873 1
10.500 2.00 49.2 40.700 1
10.500 2.00 59.0 50.528 1
10.500 2.00 68.8 60.355 1
10.500 2.00 78.7 70.182 1
10.500 2.00 88.5 80.010 1
10.500 2.00 98.3 89.837 1
10.500 2.00 108.2 99.664 1
10.500 2.00 118.0 109.492 1
10.500 3.00 0.0 -6.825 0
10.500 3.00 9.8 2.995 0
10.500 3.00 19.7 12.815 1
10.500 3.00 29.5 22.635 1
10.500 3.00 39.3 32.454 1
10.500 3.00 49.2 42.274 1
10.500 3.00 59.0 52.094 1
10.500 3.00 68.8 61.914 1
10.500 3.00 78.7 71.734 1
10.500 3.00 88.5 81.554 1
10.500 3.00 98.3 91.374 1
10.500 3.00 108.2 101.193 1
10.500 3.00 118.0 111.013 1
10.500 4.00 0.0 -5.214 0
10.500 4.00 9.8 4.596 0
10.500 4.00 19.7 14.405 0
10.500 4.00 29.5 24.215 1
10.500 4.00 39.3 34.024 1
10.500 4.00 49.2 43.833 1
10.500 4.00 59.0 53.643 1
10.500 4.00 68.8 63.452 1
10.500 4.00 78.7 73.262 1
10.500 4.00 88.5 83.071 1
10.500 4.00 98.3 92.880 1
10.500 4.00 108.2 102.690 1
10.500 4.00 118.0 112.499 1
10.500 5.00 0.0 -3.602 0
10.500 5.00 9.8 6.194 0
10.500 5.00 19.7 15.990 0
10.500 5.00 29.5 25.786 0
10.500 5.00 39.3 35.582 1
10.500 5.00 49.2 45.377 1
10.500 5.00 59.0 55.173 1
10.500 5.00 68.8 64.969 1
10.500 5.00 78.7 74.765 1
10.500 5.00 88.5 84.561 1
10.500 5.00 98.3 94.357 1
10.500 5.00 108.2 104.153 1
10.500 5.00 118.0 113.949 1
11.000 -10.00 0.0 -37.298 0
11.000 -10.00 9.8 -27.614 0
11.000 -10.00 19.7 -17.930 0
11.000 -10.00 29.5 -8.246 0
11.000 -10.00 39.3 1.438 0
11.000 -10.00 49.2 11.122 1
11.000 -10.00 59.0 20.806 1
11.000 -10.00 68.8 30.490 1
11.000 -10.00 78.7 40.174 1
11.000 -10.00 88.5 49.858 1
11.000 -10.00 98.3 59.542 1
11.000 -10.00 108.2 69.226 1
11.000 -10.00 118.0 78.910 1
11.000 -9.00 0.0 -34.350 0
11.000 -9.00 9.8 -24.638 0
11.000 -9.00 19.7 -14.926 0
11.000 -9.00 29.5 -5.213 0
11.000 -9.00 39.3 4.499 0
11.000 -9.00 49.2 14.211 1
11.000 -9.00 59.0 23.923 1
11.000 -9.00 68.8 33.636 1
11.000 -9.00 78.7 43.348 1
11.000 -9.00 88.5 53.060 1
11.000 -9.00 98.3 62.773 1
11.000 -9.00 108.2 72.485 1
11.000 -9.00 118.0 82.197 1
11.000 -8.00 0.0 -31.403 0
11.000 -8.00 9.8 -21.665 0
11.000 -8.00 19.7 -11.927 0
11.000 -8.00 29.5 -2.190 0
11.000 -8.00 39.3 7.548 1
11.000 -8.00 49.2 17.286 1
11.000 -8.00 59.0 27.023 1
11.000 -8.00 68.8 36.761 1
11.000 -8.00 78.7 46.498 1
11.000 -8.00 88.5 56.236 1
11.000 -8.00 98.3 65.974 1
11.000 -8.00 108.2 75.711 1
11.000 -8.00 118.0 85.449 1
11.000 -7.00 0.0 -28.455 0
11.000 -7.00 9.8 -18.695 0
11.000 -7.00 19.7 -8.935 0
11.000 -7.00 29.5 0.825 0
11.000 -7.00 39.3 10.585 1
11.000 -7.00 49.2 20.345 1
11.000 -7.00 59.0 30.105 1
11.000 -7.00 68.8 39.865 1
11.000 -7.00 78.7 49.625 1
11.000 -7.00 88.5 59.385 1
11.000 -7.00 98.3 69.145 1
11.000 -7.00 108.2 78.905 1
11.000 -7.00 118.0 88.665 1
11.000 -6.00 0.0 -25.507 0
11.000 -6.00 9.8 -15.728 0
11.000 -6.00 19.7 -5.949 0
11.000 -6.00 29.5 3.831 0
11.000 -6.00 39.3 13.610 1
11.000 -6.00 49.2 23.390 1
11.000 -6.00 59.0 33.169 1
11.000 -6.00 68.8 42.949 1
11.000 -6.00 78.7 52.728 1
11.000 -6.00 88.5 62.508 1
11.000 -6.00 98.3 72.287 1
11.000 -6.00 108.2 82.067 1
11.000 -6.00 118.0 91.846 1
11.000 -5.00 0.0 -22.560 0
11.000 -5.00 9.8 -12.764 0
11.000 -5.00 19.7 -2.968 0
11.000 -5.00 29.5 6.828 1
11.000 -5.00 39.3 16.624 1
11.000 -5.00 49.2 26.420 1
11.000 -5.00 59.0 36.216 1
11.000 -5.00 68.8 46.011 1
11.000 -5.00 78.7 55.807 1
11.000 -5.00 88.5 65.603 1
11.000 -5.00 98.3 75.399 1
11.000 -5.00 108.2 85.195 1
11.000 -5.00 118.0 94.991 1
11.000 -4.00 0.0 -19.612 0
11.000 -4.00 9.8 -9.803 0
11.000 -4.00 19.7 0.006 0
11.000 -4.00 29.5 9.816 1
11.000 -4.00 39.3 19.625 1
11.000 -4.00 49.2 29.435 1
11.000 -4.00 59.0 39.244 1
11.000 -4.00 68.8 49.053 1
11.000 -4.00 78.7 58.863 1
11.000 -4.00 88.5 68.672 1
11.000 -4.00 98.3 78.481 1
11.000 -4.00 108.2 88.291 1
11.000 -4.00 118.0 98.100 1
11.000 -3.00 0.0 -16.665 0
11.000 -3.00 9.8 -6.845 0
11.000 -3.00 19.7 2.975 0
11.000 -3.00 29.5 12.795 1
11.000 -3.00 39.3 22.615 1
11.000 -3.00 49.2 32.435 1
11.000 -3.00 59.0 42.254 1
11.000 -3.00 68.8 52.074 1
11.000 -3.00 78.7 61.894 1
11.000 -3.00 88.5 71.714 1
11.000 -3.00 98.3 81.534 1
11.000 -3.00 108.2 91.354 1
11.000 -3.00 118.0 101.174 1
11.000 -2.00 0.0 -13.717 0
11.000 -2.00 9.8 -3.890 0
11.000 -2.00 19.7 5.937 1
11.000 -2.00 29.5 15.765 1
11.000 -2.00 39.3 25.592 1
11.000 -2.00 49.2 35.420 1
11.000 -2.00 59.0 45.247 1
11.000 -2.00 68.8 55.074 1
11.000 -2.00 78.7 64.902 1
11.000 -2.00 88.5 74.729 1
11.000 -2.00 98.3 84.556 1
11.000 -2.00 108.2 94.384 1
11.000 -2.00 118.0 104.211 1
11.000 -1.00 0.0 -10.770 0
11.000 -1.00 9.8 -0.938 0
11.000 -1.00 19.7 8.894 1
11.000 -1.00 29.5 18.726 1
11.000 -1.00 39.3 28.558 1
11.000 -1.00 49.2 38.390 1
11.000 -1.00 59.0 48.221 1
11.000 -1.00 68.8 58.053 1
11.000 -1.00 78.7 67.885 1
11.000 -1.00 88.5 77.717 1
11.000 -1.00 98.3 87.549 1
11.000 -1.00 108.2 97.381 1
11.000 -1.00 118.0 107.212 1
11.000 0.00 0.0 -7.822 0
11.000 0.00 9.8 2.011 0
11.000 0.00 19.7 11.845 1
11.000 0.00 29.5 21.678 1
11.000 0.00 39.3 31.511 1
11.000 0.00 49.2 41.345 1
11.000 0.00 59.0 51.178 1
11.000 0.00 68.8 61.011 1
11.000 0.00 78.7 70.845 1
11.000 0.00 88.5 80.678 1
11.000 0.00 98.3 90.511 1
11.000 0.00 108.2 100.345 1
11.000 0.00 118.0 110.178 1
11.000 1.00 0.0 -6.054 0
11.000 1.00 9.8 3.778 1
11.000 1.00 19.7 13.610 1
11.000 1.00 29.5 23.442 1
11.000 1.00 39.3 33.274 1
11.000 1.00 49.2 43.106 1
11.000 1.00 59.0 52.937 1
11.000 1.00 68.8 62.769 1
11.000 1.00 78.7 72.601 1
11.000 1.00 88.5 82.433 1
11.000 1.00 98.3 92.265 1
11.000 1.00 108.2 102.097 1
11.000 1.00 118.0 111.928 1
11.000 2.00 0.0 -4.285 0
11.000 2.00 9.8 5.542 1
11.000 2.00 19.7 15.370 1
11.000 2.00 29.5 25.197 1
11.000 2.00 39.3 35.024 1
11.000 2.00 49.2 44.852 1
11.000 2.00 59.0 54.679 1
11.000 2.00 68.8 64.506 1
11.000 2.00 78.7 74.334 1
11.000 2.00 88.5 84.161 1
11.000 2.00 98.3 93.988 1
11.000 2.00 108.2 103.816 1
11.000 2.00 118.0 113.643 1
11.000 3.00 0.0 -2.516 0
11.000 3.00 9.8 7.303 0
11.000 3.00 19.7 17.123 1
11.000 3.00 29.5 26.943 1
11.000 3.00 39.3 36.763 1
11.000 3.00 49.2 46.583 1
11.000 3.00 59.0 56.403 1
11.000 3.00 68.8 66.223 1
11.000 3.00 78.7 76.042 1
11.000 3.00 88.5 85.862 1
11.000 3.00 98.3 95.682 1
11.000 3.00 108.2 105.502 1
11.000 3.00 118.0 115.322 1
11.000 4.00 0.0 -0.748 0
11.000 4.00 9.8 9.061 0
11.000 4.00 19.7 18.871 0
11.000 4.00 29.5 28.680 1
11.000 4.00 39.3 38.490 1
11.000 4.00 49.2 48.299 1
11.000 4.00 59.0 58.108 1
11.000 4.00 68.8 67.918 1
11.000 4.00 78.7 77.727 1
11.000 4.00 88.5 87.536 1
11.000 4.00 98.3 97.346 1
11.000 4.00 108.2 107.155 1
11.000 4.00 118.0 116.965 1
11.000 5.00 0.0 1.021 0
11.000 5.00 9.8 10.817 0
11.000 5.00 19.7 20.612 0
11.000 5.00 29.5 30.408 0
11.000 5.00 39.3 40.204 1
11.000 5.00 49.2 50.000 1
11.000 5.00 59.0 59.796 1
11.000 5.00 68.8 69.592 1
11.000 5.00 78.7 79.388 1
11.000 5.00 88.5 89.184 1
11.000 5.00 98.3 98.980 1
11.000 5.00 108.2 108.776 1
11.000 5.00 118.0 118.572 1
11.500 -10.00 0.0 -36.023 0
11.500 -10.00 9.8 -26.339 0
11.500 -10.00 19.7 -16.655 0
11.500 -10.00 29.5 -6.971 0
11.500 -10.00 39.3 2.713 0
11.500 -10.00 49.2 12.397 1
11.500 -10.00 59.0 22.081 1
11.500 -10.00 68.8 31.765 1
11.500 -10.00 78.7 41.449 1
11.500 -10.00 88.5 51.133 1
11.500 -10.00 98.3 60.817 1
11.500 -10.00 108.2 70.501 1
11.500 -10.00 118.0 80.185 1
11.500 -9.00 0.0 -32.801 0
11.500 -9.00 9.8 -23.089 0
11.500 -9.00 19.7 -13.376 0
11.500 -9.00 29.5 -3.664 0
11.500 -9.00 39.3 6.048 1
11.500 -9.00 49.2 15.760 1
11.500 -9.00 59.0 25.473 1
11.500 -9.00 68.8 35.185 1
11.500 -9.00 78.7 44.897 1
11.500 -9.00 88.5 54.609 1
11.500 -9.00 98.3 64.322 1
11.500 -9.00 108.2 74.034 1
11.500 -9.00 118.0 83.746 1
11.500 -8.00 0.0 -29.579 0
11.500 -8.00 9.8 -19.842 0
11.500 -8.00 19.7 -10.104 0
11.500 -8.00 29.5 -0.367 0
11.500 -8.00 39.3 9.371 1
11.500 -8.00 49.2 19.109 1
11.500 -8.00 59.0 28.846 1
11.500 -8.00 68.8 38.584 1
11.500 -8.00 78.7 48.322 1
11.500 -8.00 88.5 58.059 1
11.500 -8.00 98.3 67.797 1
11.500 -8.00 108.2 77.535 1
11.500 -8.00 118.0 87.272 1
11.500 -7.00 0.0 -26.358 0
11.500 -7.00 9.8 -16.598 0
11.500 -7.00 19.7 -6.838 0
11.500 -7.00 29.5 2.922 0
11.500 -7.00 39.3 12.682 1
11.500 -7.00 49.2 22.442 1
11.500 -7.00 59.0 32.202 1
11.500 -7.00 68.8 41.962 1
11.500 -7.00 78.7 51.723 1
11.500 -7.00 88.5 61.483 1
11.500 -7.00 98.3 71.243 1
11.500 -7.00 108.2 81.003 1
11.500 -7.00 118.0 90.763 1
11.500 -6.00 0.0 -23.136 0
11.500 -6.00 9.8 -13.357 0
11.500 -6.00 19.7 -3.577 0
11.500 -6.00 29.5 6.202 1
11.500 -6.00 39.3 15.982 1
11.500 -6.00 49.2 25.761 1
11.500 -6.00 59.0 35.541 1
11.500 -6.00 68.8 45.320 1
11.500 -6.00 78.7 55.100 1
11.500 -6.00 88.5 64.879 1
11.500 -6.00 98.3 74.658 1
11.500 -6.00 108.2 84.438 1
11.500 -6.00 118.0 94.217 1
11.500 -5.00 0.0 -19.915 0
11.500 -5.00 9.8 -10.119 0
11.500 -5.00 19.7 -0.323 0
11.500 -5.00 29.5 9.473 1
11.500 -5.00 39.3 19.269 1
11.500 -5.00 49.2 29.065 1
11.500 -5.00 59.0 38.861 1
11.500 -5.00 68.8 48.657 1
11.500 -5.00 78.7 58.453 1
11.500 -5.00 88.5 68.249 1
11.500 -5.00 98.3 78.045 1
11.500 -5.00 108.2 87.840 1
11.500 -5.00 118.0 97.636 1
11.500 -4.00 0.0 -16.693 0
11.500 -4.00 9.8 -6.884 0
11.500 -4.00 19.7 2.926 0
11.500 -4.00 29.5 12.735 1
11.500 -4.00 39.3 22.545 1
11.500 -4.00 49.2 32.354 1
11.500 -4.00 59.0 42.163 1
11.500 -4.00 68.8 51.973 1
11.500 -4.00 78.7 61.782 1
11.500 -4.00 88.5 71.591 1
11.500 -4.00 98.3 81.401 1
11.500 -4.00 108.2 91.210 1
11.500 -4.00 118.0 101.020 1
11.500 -3.00 0.0 -13.471 0
11.500 -3.00 9.8 -3.651 0
11.500 -3.00 19.7 6.168 1
11.500 -3.00 29.5 15.988 1
11.500 -3.00 39.3 25.808 1
11.500 -3.00 49.2 35.628 1
11.500 -3.00 59.0 45.448 1
11.500 -3.00 68.8 55.268 1
11.500 -3.00 78.7 65.088 1
11.500 -3.00 88.5 74.907 1
11.500 -3.00 98.3 84.727 1
11.500 -3.00 108.2 94.547 1
11.500 -3.00 118.0 104.367 1
11.500 -2.00 0.0 -10.250 0
11.500 -2.00 9.8 -0.422 0
11.500 -2.00 19.7 9.405 1
11.500 -2.00 29.5 19.232 1
11.500 -2.00 39.3 29.060 1
11.500 -2.00 49.2 38.887 1
11.500 -2.00 59.0 48.714 1
11.500 -2.00 68.8 58.542 1
11.500 -2.00 78.7 68.369 1
11.500 -2.00 88.5 78.196 1
11.500 -2.00 98.3 88.024 1
11.500 -2.00 108.2 97.851 1
11.500 -2.00 118.0 107.678 1
11.500 -1.00 0.0 -7.028 0
11.500 -1.00 9.8 2.804 0
11.500 -1.00 19.7 12.636 1
11.500 -1.00 29.5 22.467 1
11.500 -1.00 39.3 32.299 1
11.500 -1.00 49.2 42.131 1
11.500 -1.00 59.0 51.963 1
11.500 -1.00 68.8 61.795 1
11.500 -1.00 78.7 71.627 1
11.500 -1.00 88.5 81.458 1
11.500 -1.00 98.3 91.290 1
11.500 -1.00 108.2 101.122 1
11.500 -1.00 118.0 110.954 1
11.500 0.00 0.0 -3.806 0
11.500 0.00 9.8 6.027 1
11.500 0.00 19.7 15.860 1
11.500 0.00 29.5 25.694 1
11.500 0.00 39.3 35.527 1
11.500 0.00 49.2 45.360 1
11.500 0.00 59.0 55.194 1
11.500 0.00 68.8 65.027 1
11.500 0.00 78.7 74.860 1
11.500 0.00 88.5 84.694 1
11.500 0.00 98.3 94.527 1
11.500 0.00 108.2 104.360 1
11.500 0.00 118.0 114.194 1
11.500 1.00 0.0 -1.874 0
11.500 1.00 9.8 7.958 1
11.500 1.00 19.7 17.790 1
11.500 1.00 29.5 27.622 1
11.500 1.00 39.3 37.454 1
11.500 1.00 49.2 47.286 1
11.500 1.00 59.0 57.117 1
11.500 1.00 68.8 66.949 1
11.500 1.00 78.7 76.781 1
11.500 1.00 88.5 86.613 1
11.500 1.00 98.3 96.445 1
11.500 1.00 108.2 106.277 1
11.500 1.00 118.0 116.109 1
11.500 2.00 0.0 0.059 0
11.500 2.00 9.8 9.887 1
11.500 2.00 19.7 19.714 1
11.500 2.00 29.5 29.541 1
11.500 2.00 39.3 39.369 1
11.500 2.00 49.2 49.196 1
11.500 2.00 59.0 59.024 1
11.500 2.00 68.8 68.851 1
11.500 2.00 78.7 78.678 1
11.500 2.00 88.5 88.506 1
11.500 2.00 98.3 98.333 1
11.500 2.00 108.2 108.160 1
11.500 2.00 118.0 117.988 1
11.500 3.00 0.0 1.992 0
11.500 3.00 9.8 11.812 0
11.500 3.00 19.7 21.632 1
11.500 3.00 29.5 31.452 1
11.500 3.00 39.3 41.272 1
11.500 3.00 49.2 51.092 1
11.500 3.00 59.0 60.912 1
11.500 3.00 68.8 70.731 1
11.500 3.00 78.7 80.551 1
11.500 3.00 88.5 90.371 1
11.500 3.00 98.3 100.191 1
11.500 3.00 108.2 110.011 1
11.500 3.00 118.0 119.831 1
11.500 4.00 0.0 3.925 0
11.500 4.00 9.8 13.735 0
11.500 4.00 19.7 23.544 0
11.500 4.00 29.5 33.354 1
11.500 4.00 39.3 43.163 1
11.500 4.00 49.2 52.972 1
11.500 4.00 59.0 62.782 1
11.500 4.00 68.8 72.591 1
11.500 4.00 78.7 82.400 1
11.500 4.00 88.5 92.210 1
11.500 4.00 98.3 102.019 1
11.500 4.00 108.2 111.829 1
11.500 4.00 118.0 121.638 1
11.500 5.00 0.0 5.858 0
11.500 5.00 9.8 15.654 0
11.500 5.00 19.7 25.450 0
11.500 5.00 29.5 35.246 0
11.500 5.00 39.3 45.042 1
11.500 5.00 49.2 54.838 1
11.500 5.00 59.0 64.634 1
11.500 5.00 68.8 74.430 1
11.500 5.00 78.7 84.226 1
11.500 5.00 88.5 94.022 1
11.500 5.00 98.3 103.818 1
11.500 5.00 108.2 113.613 1
11.500 5.00 118.0 123.409 1
12.000 -10.00 0.0 -34.691 0
12.000 -10.00 9.8 -25.007 0
12.000 -10.00 19.7 -15.323 0
12.000 -10.00 29.5 -5.639 0
12.000 -10.00 39.3 4.045 0
12.000 -10.00 49.2 13.729 1
12.000 -10.00 59.0 23.413 1
12.000 -10.00 68.8 33.097 1
12.000 -10.00 78.7 42.781 1
12.000 -10.00 88.5 52.465 1
12.000 -10.00 98.3 62.149 1
12.000 -10.00 108.2 71.832 1
12.000 -10.00 118.0 81.516 1
12.000 -9.00 0.0 -31.183 0
12.000 -9.00 9.8 -21.471 0
12.000 -9.00 19.7 -11.758 0
12.000 -9.00 29.5 -2.046 0
12.000 -9.00 39.3 7.666 1
12.000 -9.00 49.2 17.378 1
12.000 -9.00 59.0 27.091 1
12.000 -9.00 68.8 36.803 1
12.000 -9.00 78.7 46.515 1
12.000 -9.00 88.5 56.227 1
12.000 -9.00 98.3 65.940 1
12.000 -9.00 108.2 75.652 1
12.000 -9.00 118.0 85.364 1
12.000 -8.00 0.0 -27.675 0
12.000 -8.00 9.8 -17.938 0
12.000 -8.00 19.7 -8.200 0
12.000 -8.00 29.5 1.538 0
12.000 -8.00 39.3 11.275 1
12.000 -8.00 49.2 21.013 1
12.000 -8.00 59.0 30.751 1
12.000 -8.00 68.8 40.488 1
12.000 -8.00 78.7 50.226 1
12.000 -8.00 88.5 59.964 1
12.000 -8.00 98.3 69.701 1
12.000 -8.00 108.2 79.439 1
12.000 -8.00 118.0 89.176 1
12.000 -7.00 0.0 -24.167 0
12.000 -7.00 9.8 -14.407 0
12.000 -7.00 19.7 -4.647 0
12.000 -7.00 29.5 5.113 0
12.000 -7.00 39.3 14.873 1
12.000 -7.00 49.2 24.633 1
12.000 -7.00 59.0 34.393 1
12.000 -7.00 68.8 44.153 1
12.000 -7.00 78.7 53.913 1
12.000 -7.00 88.5 63.673 1
12.000 -7.00 98.3 73.433 1
12.000 -7.00 108.2 83.193 1
12.000 -7.00 118.0 92.953 1
12.000 -6.00 0.0 -20.659 0
12.000 -6.00 9.8 -10.880 0
12.000 -6.00 19.7 -1.101 0
12.000 -6.00 29.5 8.679 1
12.000 -6.00 39.3 18.458 1
12.000 -6.00 49.2 28.238 1
12.000 -6.00 59.0 38.017 1
12.000 -6.00 68.8 47.797 1
12.000 -6.00 78.7 57.576 1
12.000 -6.00 88.5 67.356 1
12.000 -6.00 98.3 77.135 1
12.000 -6.00 108.2 86.915 1
12.000 -6.00 118.0 96.694 1
12.000 -5.00 0.0 -17.152 0
12.000 -5.00 9.8 -7.356 0
12.000 -5.00 19.7 2.440 0
12.000 -5.00 29.5 12.236 1
12.000 -5.00 39.3 22.032 1
12.000 -5.00 49.2 31.828 1
12.000 -5.00 59.0 41.624 1
12.000 -5.00 68.8 51.420 1
12.000 -5.00 78.7 61.216 1
12.000 -5.00 88.5 71.012 1
12.000 -5.00 98.3 80.807 1
12.000 -5.00 108.2 90.603 1
12.000 -5.00 118.0 100.399 1
12.000 -4.00 0.0 -13.644 0
12.000 -4.00 9.8 -3.834 0
12.000 -4.00 19.7 5.975 1
12.000 -4.00 29.5 15.784 1
12.000 -4.00 39.3 25.594 1
12.000 -4.00 49.2 35.403 1
12.000 -4.00 59.0 45.212 1
12.000 -4.00 68.8 55.022 1
12.000 -4.00 78.7 64.831 1
12.000 -4.00 88.5 74.641 1
12.000 -4.00 98.3 84.450 1
12.000 -4.00 108.2 94.259 1
12.000 -4.00 118.0 104.069 1
12.000 -3.00 0.0 -10.136 0
12.000 -3.00 9.8 -0.316 0
12.000 -3.00 19.7 9.504 1
12.000 -3.00 29.5 19.324 1
12.000 -3.00 39.3 29.143 1
12.000 -3.00 49.2 38.963 1
12.000 -3.00 59.0 48.783 1
12.000 -3.00 68.8 58.603 1
12.000 -3.00 78.7 68.423 1
12.000 -3.00 88.5 78.243 1
12.000 -3.00 98.3 88.063 1
12.000 -3.00 108.2 97.882 1
12.000 -3.00 118.0 107.702 1
12.000 -2.00 0.0 -6.628 0
12.000 -2.00 9.8 3.199 0
12.000 -2.00 19.7 13.027 1
12.000 -2.00 29.5 22.854 1
12.000 -2.00 39.3 32.681 1
12.000 -2.00 49.2 42.509 1
12.000 -2.00 59.0 52.336 1
12.000 -2.00 68.8 62.163 1
12.000 -2.00 78.7 71.991 1
12.000 -2.00 88.5 81.818 1
12.000 -2.00 98.3 91.645 1
12.000 -2.00 108.2 101.473 1
12.000 -2.00 118.0 111.300 1
12.000 -1.00 0.0 -3.120 0
12.000 -1.00 9.8 6.712 1
12.000 -1.00 19.7 16.543 1
12.000 -1.00 29.5 26.375 1
12.000 -1.00 39.3 36.207 1
12.000 -1.00 49.2 46.039 1
12.000 -1.00 59.0 55.871 1
12.000 -1.00 68.8 65.703 1
12.000 -1.00 78.7 75.534 1
12.000 -1.00 88.5 85.366 1
12.000 -1.00 98.3 95.198 1
12.000 -1.00 108.2 105.030 1
12.000 -1.00 118.0 114.862 1
12.000 0.00 0.0 0.388 0
12.000 0.00 9.8 10.221 1
12.000 0.00 19.7 20.054 1
12.000 0.00 29.5 29.888 1
12.000 0.00 39.3 39.721 1
12.000 0.00 49.2 49.554 1
12.000 0.00 59.0 59.388 1
12.000 0.00 68.8 69.221 1
12.000 0.00 78.7 79.054 1
12.000 0.00 88.5 88.888 1
12.000 0.00 98.3 98.721 1
12.000 0.00 108.2 108.554 1
12.000 0.00 118.0 118.388 1
12.000 1.00 0.0 2.492 0
12.000 1.00 9.8 12.324 1
12.000 1.00 19.7 22.156 1
12.000 1.00 29.5 31.988 1
12.000 1.00 39.3 41.820 1
12.000 1.00 49.2 51.651 1
12.000 1.00 59.0 61.483 1
12.000 1.00 68.8 71.315 1
12.000 1.00 78.7 81.147 1
12.000 1.00 88.5 90.979 1
12.000 1.00 98.3 100.811 1
12.000 1.00 108.2 110.642 1
12.000 1.00 118.0 120.474 1
12.000 2.00 0.0 4.597 1
12.000 2.00 9.8 14.424 1
12.000 2.00 19.7 24.252 1
12.000 2.00 29.5 34.079 1
12.000 2.00 39.3 43.906 1
12.000 2.00 49.2 53.734 1
12.000 2.00 59.0 63.561 1
12.000 2.00 68.8 73.388 1
12.000 2.00 78.7 83.216 1
12.000 2.00 88.5 93.043 1
12.000 2.00 98.3 102.870 1
12.000 2.00 108.2 112.698 1
12.000 2.00 118.0 122.525 1
12.000 3.00 0.0 6.702 0
12.000 3.00 9.8 16.522 1
12.000 3.00 19.7 26.341 1
12.000 3.00 29.5 36.161 1
12.000 3.00 39.3 45.981 1
12.000 3.00 49.2 55.801 1
12.000 3.00 59.0 65.621 1
12.000 3.00 68.8 75.441 1
12.000 3.00 78.7 85.261 1
12.000 3.00 88.5 95.080 1
12.000 3.00 98.3 104.900 1
12.000 3.00 108.2 114.720 1
12.000 3.00 118.0 124.540 1
12.000 4.00 0.0 8.806 0
12.000 4.00 9.8 18.616 0
12.000 4.00 19.7 28.425 1
12.000 4.00 29.5 38.235 1
12.000 4.00 39.3 48.044 1
12.000 4.00 49.2 57.853 1
12.000 4.00 59.0 67.663 1
12.000 4.00 68.8 77.472 1
12.000 4.00 78.7 87.281 1
12.000 4.00 88.5 97.091 1
12.000 4.00 98.3 106.900 1
12.000 4.00 108.2 116.710 1
12.000 4.00 118.0 126.519 1
12.000 5.00 0.0 10.911 0
12.000 5.00 9.8 20.707 0
12.000 5.00 19.7 30.503 0
12.000 5.00 29.5 40.299 1
12.000 5.00 39.3 50.095 1
12.000 5.00 49.2 59.891 1
12.000 5.00 59.0 69.687 1
12.000 5.00 68.8 79.483 1
12.000 5.00 78.7 89.278 1
12.000 5.00 88.5 99.074 1
12.000 5.00 98.3 108.870 1
12.000 5.00 108.2 118.666 1
12.000 5.00 118.0 128.462 1
12.500 -10.00 0.0 -33.302 0
12.500 -10.00 9.8 -23.619 0
12.500 -10.00 19.7 -13.935 0
12.500 -10.00 29.5 -4.251 0
12.500 -10.00 39.3 5.433 0
12.500 -10.00 49.2 15.117 1
12.500 -10.00 59.0 24.801 1
12.500 -10.00 68.8 34.485 1
12.500 -10.00 78.7 44.169 1
12.500 -10.00 88.5 53.853 1
12.500 -10.00 98.3 63.537 1
12.500 -10.00 108.2 73.221 1
12.500 -10.00 118.0 82.905 1
12.500 -9.00 0.0 -29.496 0
12.500 -9.00 9.8 -19.784 0
12.500 -9.00 19.7 -10.072 0
12.500 -9.00 29.5 -0.359 0
12.500 -9.00 39.3 9.353 1
12.500 -9.00 49.2 19.065 1
12.500 -9.00 59.0 28.777 1
12.500 -9.00 68.8 38.490 1
12.500 -9.00 78.7 48.202 1
12.500 -9.00 88.5 57.914 1
12.500 -9.00 98.3 67.626 1
12.500 -9.00 108.2 77.339 1
12.500 -9.00 118.0 87.051 1
12.500 -8.00 0.0 -25.690 0
12.500 -8.00 9.8 -15.952 0
12.500 -8.00 19.7 -6.215 0
12.500 -8.00 29.5 3.523 0
12.500 -8.00 39.3 13.261 1
12.500 -8.00 49.2 22.998 1
12.500 -8.00 59.0 32.736 1
12.500 -8.00 68.8 42.474 1
12.500 -8.00 78.7 52.211 1
12.500 -8.00 88.5 61.949 1
12.500 -8.00 98.3 71.686 1
12.500 -8.00 108.2 81.424 1
12.500 -8.00 118.0 91.162 1
12.500 -7.00 0.0 -21.884 0
12.500 -7.00 9.8 -12.124 0
12.500 -7.00 19.7 -2.364 0
12.500 -7.00 29.5 7.396 1
12.500 -7.00 39.3 17.156 1
12.500 -7.00 49.2 26.917 1
12.500 -7.00 59.0 36.677 1
12.500 -7.00 68.8 46.437 1
12.500 -7.00 78.7 56.197 1
12.500 -7.00 88.5 65.957 1
12.500 -7.00 98.3 75.717 1
12.500 -7.00 108.2 85.477 1
12.500 -7.00 118.0 95.237 1
12.500 -6.00 0.0 -18.077 0
12.500 -6.00 9.8 -8.298 0
12.500 -6.00 19.7 1.482 0
12.500 -6.00 29.5 11.261 1
12.500 -6.00 39.3 21.040 1
12.500 -6.00 49.2 30.820 1
12.500 -6.00 59.0 40.599 1
12.500 -6.00 68.8 50.379 1
12.500 -6.00 78.7 60.158 1
12.500 -6.00 88.5 69.938 1
12.500 -6.00 98.3 79.717 1
12.500 -6.00 108.2 89.497 1
12.500 -6.00 118.0 99.276 1
12.500 -5.00 0.0 -14.271 0
12.500 -5.00 9.8 -4.475 0
12.500 -5.00 19.7 5.321 0
12.500 -5.00 29.5 15.117 1
12.500 -5.00 39.3 24.912 1
12.500 -5.00 49.2 34.708 1
12.500 -5.00 59.0 44.504 1
12.500 -5.00 68.8 54.300 1
12.500 -5.00 78.7 64.096 1
12.500 -5.00 88.5 73.892 1
12.500 -5.00 98.3 83.688 1
12.500 -5.00 108.2 93.484 1
12.500 -5.00 118.0 103.280 1
12.500 -4.00 0.0 -10.465 0
12.500 -4.00 9.8 -0.656 0
12.500 -4.00 19.7 9.154 1
12.500 -4.00 29.5 18.963 1
12.500 -4.00 39.3 28.773 1
12.500 -4.00 49.2 38.582 1
12.500 -4.00 59.0 48.391 1
12.500 -4.00 68.8 58.201 1
12.500 -4.00 78.7 68.010 1
12.500 -4.00 88.5 77.820 1
12.500 -4.00 98.3 87.629 1
12.500 -4.00 108.2 97.438 1
12.500 -4.00 118.0 107.248 1
12.500 -3.00 0.0 -6.659 0
12.500 -3.00 9.8 3.161 0
12.500 -3.00 19.7 12.981 1
12.500 -3.00 29.5 22.801 1
12.500 -3.00 39.3 32.621 1
12.500 -3.00 49.2 42.441 1
12.500 -3.00 59.0 52.260 1
12.500 -3.00 68.8 62.080 1
12.500 -3.00 78.7 71.900 1
12.500 -3.00 88.5 81.720 1
12.500 -3.00 98.3 91.540 1
12.500 -3.00 108.2 101.360 1
12.500 -3.00 118.0 111.180 1
12.500 -2.00 0.0 -2.852 0
12.500 -2.00 9.8 6.975 1
12.500 -2.00 19.7 16.802 1
12.500 -2.00 29.5 26.630 1
12.500 -2.00 39.3 36.457 1
12.500 -2.00 49.2 46.284 1
12.500 -2.00 59.0 56.112 1
12.500 -2.00 68.8 65.939 1
12.500 -2.00 78.7 75.766 1
12.500 -2.00 88.5 85.594 1
12.500 -2.00 98.3 95.421 1
12.500 -2.00 108.2 105.248 1
12.500 -2.00 118.0 115.076 1
12.500 -1.00 0.0 0.954 0
12.500 -1.00 9.8 10.786 1
12.500 -1.00 19.7 20.618 1
12.500 -1.00 29.5 30.449 1
12.500 -1.00 39.3 40.281 1
12.500 -1.00 49.2 50.113 1
12.500 -1.00 59.0 59.945 1
12.500 -1.00 68.8 69.777 1
12.500 -1.00 78.7 79.609 1
12.500 -1.00 88.5 89.440 1
12.500 -1.00 98.3 99.272 1
12.500 -1.00 108.2 109.104 1
12.500 -1.00 118.0 118.936 1
12.500 0.00 0.0 4.760 0
12.500 0.00 9.8 14.593 1
12.500 0.00 19.7 24.427 1
12.500 0.00 29.5 34.260 1
12.500 0.00 39.3 44.093 1
12.500 0.00 49.2 53.927 1
12.500 0.00 59.0 63.760 1
12.500 0.00 68.8 73.593 1
12.500 0.00 78.7 83.427 1
12.500 0.00 88.5 93.260 1
12.500 0.00 98.3 103.093 1
12.500 0.00 108.2 112.927 1
12.500 0.00 118.0 122.760 1
12.500 1.00 0.0 7.044 1
12.500 1.00 9.8 16.876 1
12.500 1.00 19.7 26.708 1
12.500 1.00 29.5 36.539 1
12.500 1.00 39.3 46.371 1
12.500 1.00 49.2 56.203 1
12.500 1.00 59.0 66.035 1
12.500 1.00 68.8 75.867 1
12.500 1.00 78.7 85.699 1
12.500 1.00 88.5 95.530 1
12.500 1.00 98.3 105.362 1
12.500 1.00 108.2 115.194 1
12.500 1.00 118.0 125.026 1
12.500 2.00 0.0 9.328 1
12.500 2.00 9.8 19.155 1
12.500 2.00 19.7 28.982 1
12.500 2.00 29.5 38.810 1
12.500 2.00 39.3 48.637 1
12.500 2.00 49.2 58.464 1
12.500 2.00 59.0 68.292 1
12.500 2.00 68.8 78.119 1
12.500 2.00 78.7 87.946 1
12.500 2.00 88.5 97.774 1
12.500 2.00 98.3 107.601 1
12.500 2.00 108.2 117.428 1
12.500 2.00 118.0 127.256 1
12.500 3.00 0.0 11.611 0
12.500 3.00 9.8 21.431 1
12.500 3.00 19.7 31.251 1
12.500 3.00 29.5 41.071 1
12.500 3.00 39.3 50.891 1
12.500 3.00 49.2 60.711 1
12.500 3.00 59.0 70.531 1
12.500 3.00 68.8 80.350 1
12.500 3.00 78.7 90.170 1
12.500 3.00 88.5 99.990 1
12.500 3.00 98.3 109.810 1
12.500 3.00 108.2 119.630 1
12.500 3.00 118.0 129.450 1
12.500 4.00 0.0 13.895 0
12.500 4.00 9.8 23.705 0
12.500 4.00 19.7 33.514 1
12.500 4.00 29.5 43.323 1
12.500 4.00 39.3 53.133 1
12.500 4.00 49.2 62.942 1
12.500 4.00 59.0 72.751 1
12.500 4.00 68.8 82.561 1
12.500 4.00 78.7 92.370 1
12.500 4.00 88.5 102.180 1
12.500 4.00 98.3 111.989 1
12.500 4.00 108.2 121.798 1
12.500 4.00 118.0 131.608 1
12.500 5.00 0.0 16.179 0
12.500 5.00 9.8 25.975 0
12.500 5.00 19.7 35.771 0
12.500 5.00 29.5 45.567 1
12.500 5.00 39.3 55.363 1
12.500 5.00 49.2 65.158 1
12.500 5.00 59.0 74.954 1
12.500 5.00 68.8 84.750 1
12.500 5.00 78.7 94.546 1
12.500 5.00 88.5 104.342 1
12.500 5.00 98.3 114.138 1
12.500 5.00 108.2 123.934 1
12.500 5.00 118.0 133.730 1
13.000 -10.00 0.0 -31.857 0
13.000 -10.00 9.8 -22.173 0
13.000 -10.00 19.7 -12.489 0
13.000 -10.00 29.5 -2.806 0
13.000 -10.00 39.3 6.878 0
13.000 -10.00 49.2 16.562 1
13.000 -10.00 59.0 26.246 1
13.000 -10.00 68.8 35.930 1
13.000 -10.00 78.7 45.614 1
13.000 -10.00 88.5 55.298 1
13.000 -10.00 98.3 64.982 1
13.000 -10.00 108.2 74.666 1
13.000 -10.00 118.0 84.350 1
13.000 -9.00 0.0 -27.741 0
13.000 -9.00 9.8 -18.028 0
13.000 -9.00 19.7 -8.316 0
13.000 -9.00 29.5 1.396 0
13.000 -9.00 39.3 11.109 1
13.000 -9.00 49.2 20.821 1
13.000 -9.00 59.0 30.533 1
13.000 -9.00 68.8 40.245 1
13.000 -9.00 78.7 49.958 1
13.000 -9.00 88.5 59.670 1
13.000 -9.00 98.3 69.382 1
13.000 -9.00 108.2 79.094 1
13.000 -9.00 118.0 88.807 1
13.000 -8.00 0.0 -23.624 0
13.000 -8.00 9.8 -13.886 0
13.000 -8.00 19.7 -4.148 0
13.000 -8.00 29.5 5.589 0
13.000 -8.00 39.3 15.327 1
13.000 -8.00 49.2 25.065 1
13.000 -8.00 59.0 34.802 1
13.000 -8.00 68.8 44.540 1
13.000 -8.00 78.7 54.277 1
13.000 -8.00 88.5 64.015 1
13.000 -8.00 98.3 73.753 1
13.000 -8.00 108.2 83.490 1
13.000 -8.00 118.0 93.228 1
13.000 -7.00 0.0 -19.507 0
13.000 -7.00 9.8 -9.747 0
13.000 -7.00 19.7 0.013 0
13.000 -7.00 29.5 9.773 1
13.000 -7.00 39.3 19.533 1
13.000 -7.00 49.2 29.293 1
13.000 -7.00 59.0 39.053 1
13.000 -7.00 68.8 48.813 1
13.000 -7.00 78.7 58.573 1
13.000 -7.00 88.5 68.334 1
13.000 -7.00 98.3 78.094 1
13.000 -7.00 108.2 87.854 1
13.000 -7.00 118.0 97.614 1
13.000 -6.00 0.0 -15.390 0
13.000 -6.00 9.8 -5.611 0
13.000 -6.00 19.7 4.169 0
13.000 -6.00 29.5 13.948 1
13.000 -6.00 39.3 23.728 1
13.000 -6.00 49.2 33.507 1
13.000 -6.00 59.0 43.287 1
13.000 -6.00 68.8 53.066 1
13.000 -6.00 78.7 62.846 1
13.000 -6.00 88.5 72.625 1
13.000 -6.00 98.3 82.405 1
13.000 -6.00 108.2 92.184 1
13.000 -6.00 118.0 101.964 1
13.000 -5.00 0.0 -11.273 0
13.000 -5.00 9.8 -1.477 0
13.000 -5.00 19.7 8.319 1
13.000 -5.00 29.5 18.115 1
13.000 -5.00 39.3 27.911 1
13.000 -5.00 49.2 37.706 1
13.000 -5.00 59.0 47.502 1
13.000 -5.00 68.8 57.298 1
13.000 -5.00 78.7 67.094 1
13.000 -5.00 88.5 76.890 1
13.000 -5.00 98.3 86.686 1
13.000 -5.00 108.2 96.482 1
13.000 -5.00 118.0 106.278 1
13.000 -4.00 0.0 -7.156 0
13.000 -4.00 9.8 2.653 0
13.000 -4.00 19.7 12.462 1
13.000 -4.00 29.5 22.272 1
13.000 -4.00 39.3 32.081 1
13.000 -4.00 49.2 41.891 1
13.000 -4.00 59.0 51.700 1
13.000 -4.00 68.8 61.509 1
13.000 -4.00 78.7 71.319 1
13.000 -4.00 88.5 81.128 1
13.000 -4.00 98.3 90.938 1
13.000 -4.00 108.2 100.747 1
13.000 -4.00 118.0 110.556 1
13.000 -3.00 0.0 -3.039 0
13.000 -3.00 9.8 6.780 0
13.000 -3.00 19.7 16.600 1
13.000 -3.00 29.5 26.420 1
13.000 -3.00 39.3 36.240 1
13.000 -3.00 49.2 46.060 1
13.000 -3.00 59.0 55.880 1
13.000 -3.00 68.8 65.700 1
13.000 -3.00 78.7 75.519 1
13.000 -3.00 88.5 85.339 1
13.000 -3.00 98.3 95.159 1
13.000 -3.00 108.2 104.979 1
13.000 -3.00 118.0 114.799 1
13.000 -2.00 0.0 1.077 0
13.000 -2.00 9.8 10.905 1
13.000 -2.00 19.7 20.732 1
13.000 -2.00 29.5 30.559 1
13.000 -2.00 39.3 40.387 1
13.000 -2.00 49.2 50.214 1
13.000 -2.00 59.0 60.041 1
13.000 -2.00 68.8 69.869 1
13.000 -2.00 78.7 79.696 1
13.000 -2.00 88.5 89.524 1
13.000 -2.00 98.3 99.351 1
13.000 -2.00 108.2 109.178 1
13.000 -2.00 118.0 119.006 1
13.000 -1.00 0.0 5.194 0
13.000 -1.00 9.8 15.026 1
13.000 -1.00 19.7 24.858 1
13.000 -1.00 29.5 34.690 1
13.000 -1.00 39.3 44.522 1
13.000 -1.00 49.2 54.353 1
13.000 -1.00 59.0 64.185 1
13.000 -1.00 68.8 74.017 1
13.000 -1.00 78.7 83.849 1
13.000 -1.00 88.5 93.681 1
13.000 -1.00 98.3 103.513 1
13.000 -1.00 108.2 113.344 1
13.000 -1.00 118.0 123.176 1
13.000 0.00 0.0 9.311 1
13.000 0.00 9.8 19.144 1
13.000 0.00 19.7 28.978 1
13.000 0.00 29.5 38.811 1
13.000 0.00 39.3 48.644 1
13.000 0.00 49.2 58.478 1
13.000 0.00 59.0 68.311 1
13.000 0.00 68.8 78.144 1
13.000 0.00 78.7 87.978 1
13.000 0.00 88.5 97.811 1
13.000 0.00 98.3 107.644 1
13.000 0.00 108.2 117.478 1
13.000 0.00 118.0 127.311 1
13.000 1.00 0.0 11.781 1
13.000 1.00 9.8 21.613 1
13.000 1.00 19.7 31.445 1
13.000 1.00 29.5 41.277 1
13.000 1.00 39.3 51.109 1
13.000 1.00 49.2 60.940 1
13.000 1.00 59.0 70.772 1
13.000 1.00 68.8 80.604 1
13.000 1.00 78.7 90.436 1
13.000 1.00 88.5 100.268 1
13.000 1.00 98.3 110.100 1
13.000 1.00 108.2 119.931 1
13.000 1.00 118.0 129.763 1
13.000 2.00 0.0 14.251 1
13.000 2.00 9.8 24.079 1
13.000 2.00 19.7 33.906 1
13.000 2.00 29.5 43.733 1
13.000 2.00 39.3 53.561 1
13.000 2.00 49.2 63.388 1
13.000 2.00 59.0 73.215 1
13.000 2.00 68.8 83.043 1
13.000 2.00 78.7 92.870 1
13.000 2.00 88.5 102.697 1
13.000 2.00 98.3 112.525 1
13.000 2.00 108.2 122.352 1
13.000 2.00 118.0 132.179 1
13.000 3.00 0.0 16.721 1
13.000 3.00 9.8 26.541 1
13.000 3.00 19.7 36.361 1
13.000 3.00 29.5 46.181 1
13.000 3.00 39.3 56.001 1
13.000 3.00 49.2 65.821 1
13.000 3.00 59.0 75.641 1
13.000 3.00 68.8 85.460 1
13.000 3.00 78.7 95.280 1
13.000 3.00 88.5 105.100 1
13.000 3.00 98.3 114.920 1
13.000 3.00 108.2 124.740 1
13.000 3.00 118.0 134.560 1
13.000 4.00 0.0 19.192 0
13.000 4.00 9.8 29.001 0
13.000 4.00 19.7 38.810 1
13.000 4.00 29.5 48.620 1
13.000 4.00 39.3 58.429 1
13.000 4.00 49.2 68.238 1
13.000 4.00 59.0 78.048 1
13.000 4.00 68.8 87.857 1
13.000 4.00 78.7 97.667 1
13.000 4.00 88.5 107.476 1
13.000 4.00 98.3 117.285 1
13.000 4.00 108.2 127.095 1
13.000 4.00 118.0 136.904 1
13.000 5.00 0.0 21.662 0
13.000 5.00 9.8 31.458 0
13.000 5.00 19.7 41.253 0
13.000 5.00 29.5 51.049 1
13.000 5.00 39.3 60.845 1
13.000 5.00 49.2 70.641 1
13.000 5.00 59.0 80.437 1
13.000 5.00 68.8 90.233 1
13.000 5.00 78.7 100.029 1
13.000 5.00 88.5 109.825 1
13.000 5.00 98.3 119.621 1
13.000 5.00 108.2 129.417 1
13.000 5.00 118.0 139.213 1
13.500 -10.00 0.0 -30.356 0
13.500 -10.00 9.8 -20.672 0
13.500 -10.00 19.7 -10.988 0
13.500 -10.00 29.5 -1.304 0
13.500 -10.00 39.3 8.380 0
13.500 -10.00 49.2 18.064 1
13.500 -10.00 59.0 27.748 1
13.500 -10.00 68.8 37.432 1
13.500 -10.00 78.7 47.116 1
13.500 -10.00 88.5 56.800 1
13.500 -10.00 98.3 66.484 1
13.500 -10.00 108.2 76.168 1
13.500 -10.00 118.0 85.852 1
13.500 -9.00 0.0 -25.916 0
13.500 -9.00 9.8 -16.204 0
13.500 -9.00 19.7 -6.491 0
13.500 -9.00 29.5 3.221 0
13.500 -9.00 39.3 12.933 1
13.500 -9.00 49.2 22.645 1
13.500 -9.00 59.0 32.358 1
13.500 -9.00 68.8 42.070 1
13.500 -9.00 78.7 51.782 1
13.500 -9.00 88.5 61.494 1
13.500 -9.00 98.3 71.207 1
13.500 -9.00 108.2 80.919 1
13.500 -9.00 118.0 90.631 1
13.500 -8.00 0.0 -21.476 0
13.500 -8.00 9.8 -11.739 0
13.500 -8.00 19.7 -2.001 0
13.500 -8.00 29.5 7.737 0
13.500 -8.00 39.3 17.474 1
13.500 -8.00 49.2 27.212 1
13.500 -8.00 59.0 36.949 1
13.500 -8.00 68.8 46.687 1
13.500 -8.00 78.7 56.425 1
13.500 -8.00 88.5 66.162 1
13.500 -8.00 98.3 75.900 1
13.500 -8.00 108.2 85.638 1
13.500 -8.00 118.0 95.375 1
13.500 -7.00 0.0 -17.037 0
13.500 -7.00 9.8 -7.277 0
13.500 -7.00 19.7 2.483 0
13.500 -7.00 29.5 12.243 1
13.500 -7.00 39.3 22.003 1
13.500 -7.00 49.2 31.763 1
13.500 -7.00 59.0 41.523 1
13.500 -7.00 68.8 51.284 1
13.500 -7.00 78.7 61.044 1
13.500 -7.00 88.5 70.804 1
13.500 -7.00 98.3 80.564 1
13.500 -7.00 108.2 90.324 1
13.500 -7.00 118.0 100.084 1
13.500 -6.00 0.0 -12.597 0
13.500 -6.00 9.8 -2.818 0
13.500 -6.00 19.7 6.962 0
13.500 -6.00 29.5 16.741 1
13.500 -6.00 39.3 26.521 1
13.500 -6.00 49.2 36.300 1
13.500 -6.00 59.0 46.080 1
13.500 -6.00 68.8 55.859 1
13.500 -6.00 78.7 65.639 1
13.500 -6.00 88.5 75.418 1
13.500 -6.00 98.3 85.198 1
13.500 -6.00 108.2 94.977 1
13.500 -6.00 118.0 104.756 1
13.500 -5.00 0.0 -8.157 0
13.500 -5.00 9.8 1.638 0
13.500 -5.00 19.7 11.434 1
13.500 -5.00 29.5 21.230 1
13.500 -5.00 39.3 31.026 1
13.500 -5.00 49.2 40.822 1
13.500 -5.00 59.0 50.618 1
13.500 -5.00 68.8 60.414 1
13.500 -5.00 78.7 70.210 1
13.500 -5.00 88.5 80.006 1
13.500 -5.00 98.3 89.802 1
13.500 -5.00 108.2 99.598 1
13.500 -5.00 118.0 109.393 1
13.500 -4.00 0.0 -3.718 0
13.500 -4.00 9.8 6.091 0
13.500 -4.00 19.7 15.901 1
13.500 -4.00 29.5 25.710 1
13.500 -4.00 39.3 35.520 1
13.500 -4.00 49.2 45.329 1
13.500 -4.00 59.0 55.138 1
13.500 -4.00 68.8 64.948 1
13.500 -4.00 78.7 74.757 1
13.500 -4.00 88.5 84.567 1
13.500 -4.00 98.3 94.376 1
13.500 -4.00 108.2 104.185 1
13.500 -4.00 118.0 113.995 1
13.500 -3.00 0.0 0.722 0
13.500 -3.00 9.8 10.542 1
13.500 -3.00 19.7 20.361 1
13.500 -3.00 29.5 30.181 1
13.500 -3.00 39.3 40.001 1
13.500 -3.00 49.2 49.821 1
13.500 -3.00 59.0 59.641 1
13.500 -3.00 68.8 69.461 1
13.500 -3.00 78.7 79.281 1
13.500 -3.00 88.5 89.100 1
13.500 -3.00 98.3 98.920 1
13.500 -3.00 108.2 108.740 1
13.500 -3.00 118.0 118.560 1
13.500 -2.00 0.0 5.161 0
13.500 -2.00 9.8 14.989 1
13.500 -2.00 19.7 24.816 1
13.500 -2.00 29.5 34.643 1
13.500 -2.00 39.3 44.471 1
13.500 -2.00 49.2 54.298 1
13.500 -2.00 59.0 64.125 1
13.500 -2.00 68.8 73.953 1
13.500 -2.00 78.7 83.780 1
13.500 -2.00 88.5 93.607 1
13.500 -2.00 98.3 103.435 1
13.500 -2.00 108.2 113.262 1
13.500 -2.00 118.0 123.089 1
13.500 -1.00 0.0 9.601 1
13.500 -1.00 9.8 19.433 1
13.500 -1.00 19.7 29.265 1
13.500 -1.00 29.5 39.096 1
13.500 -1.00 39.3 48.928 1
13.500 -1.00 49.2 58.760 1
13.500 -1.00 59.0 68.592 1
13.500 -1.00 68.8 78.424 1
13.500 -1.00 78.7 88.256 1
13.500 -1.00 88.5 98.087 1
13.500 -1.00 98.3 107.919 1
13.500 -1.00 108.2 117.751 1
13.500 -1.00 118.0 127.583 1
13.500 0.00 0.0 14.041 1
13.500 0.00 9.8 23.874 1
13.500 0.00 19.7 33.707 1
13.500 0.00 29.5 43.541 1
13.500 0.00 39.3 53.374 1
13.500 0.00 49.2 63.207 1
13.500 0.00 59.0 73.041 1
13.500 0.00 68.8 82.874 1
13.500 0.00 78.7 92.707 1
13.500 0.00 88.5 102.541 1
13.500 0.00 98.3 112.374 1
13.500 0.00 108.2 122.207 1
13.500 0.00 118.0 132.041 1
13.500 1.00 0.0 16.704 1
13.500 1.00 9.8 26.536 1
13.500 1.00 19.7 36.368 1
13.500 1.00 29.5 46.200 1
13.500 1.00 39.3 56.032 1
13.500 1.00 49.2 65.864 1
13.500 1.00 59.0 75.695 1
13.500 1.00 68.8 85.527 1
13.500 1.00 78.7 95.359 1
13.500 1.00 88.5 105.191 1
13.500 1.00 98.3 115.023 1
13.500 1.00 108.2 124.855 1
13.500 1.00 118.0 134.686 1
13.500 2.00 0.0 19.368 1
13.500 2.00 9.8 29.195 1
13.500 2.00 19.7 39.023 1
13.500 2.00 29.5 48.850 1
13.500 2.00 39.3 58.678 1
13.500 2.00 49.2 68.505 1
13.500 2.00 59.0 78.332 1
13.500 2.00 68.8 88.160 1
13.500 2.00 78.7 97.987 1
13.500 2.00 88.5 107.814 1
13.500 2.00 98.3 117.642 1
13.500 2.00 108.2 127.469 1
13.500 2.00 118.0 137.296 1
13.500 3.00 0.0 22.032 1
13.500 3.00 9.8 31.852 1
13.500 3.00 19.7 41.672 1
13.500 3.00 29.5 51.491 1
13.500 3.00 39.3 61.311 1
13.500 3.00 49.2 71.131 1
13.500 3.00 59.0 80.951 1
13.500 3.00 68.8 90.771 1
13.500 3.00 78.7 100.591 1
13.500 3.00 88.5 110.411 1
13.500 3.00 98.3 120.230 1
13.500 3.00 108.2 130.050 1
13.500 3.00 118.0 139.870 1
13.500 4.00 0.0 24.696 0
13.500 4.00 9.8 34.505 1
13.500 4.00 19.7 44.314 1
13.500 4.00 29.5 54.124 1
13.500 4.00 39.3 63.933 1
13.500 4.00 49.2 73.743 1
13.500 4.00 59.0 83.552 1
13.500 4.00 68.8 93.361 1
13.500 4.00 78.7 103.171 1
13.500 4.00 88.5 112.980 1
13.500 4.00 98.3 122.789 1
13.500 4.00 108.2 132.599 1
13.500 4.00 118.0 142.408 1
13.500 5.00 0.0 27.359 0
13.500 5.00 9.8 37.155 0
13.500 5.00 19.7 46.951 1
13.500 5.00 29.5 56.747 1
13.500 5.00 39.3 66.543 1
13.500 5.00 49.2 76.339 1
13.500 5.00 59.0 86.135 1
13.500 5.00 68.8 95.931 1
13.500 5.00 78.7 105.727 1
13.500 5.00 88.5 115.523 1
13.500 5.00 98.3 125.319 1
13.500 5.00 108.2 135.114 1
13.500 5.00 118.0 144.910 1
14.000 -10.00 0.0 -28.797 0
14.000 -10.00 9.8 -19.113 0
14.000 -10.00 19.7 -9.429 0
14.000 -10.00 29.5 0.255 0
14.000 -10.00 39.3 9.939 0
14.000 -10.00 49.2 19.623 1
14.000 -10.00 59.0 29.307 1
14.000 -10.00 68.8 38.990 1
14.000 -10.00 78.7 48.674 1
14.000 -10.00 88.5 58.358 1
14.000 -10.00 98.3 68.042 1
14.000 -10.00 108.2 77.726 1
14.000 -10.00 118.0 87.410 1
14.000 -9.00 0.0 -24.023 0
14.000 -9.00 9.8 -14.310 0
14.000 -9.00 19.7 -4.598 0
14.000 -9.00 29.5 5.114 0
14.000 -9.00 39.3 14.826 1
14.000 -9.00 49.2 24.539 1
14.000 -9.00 59.0 34.251 1
14.000 -9.00 68.8 43.963 1
14.000 -9.00 78.7 53.676 1
14.000 -9.00 88.5 63.388 1
14.000 -9.00 98.3 73.100 1
14.000 -9.00 108.2 82.812 1
14.000 -9.00 118.0 92.525 1
14.000 -8.00 0.0 -19.248 0
14.000 -8.00 9.8 -9.510 0
14.000 -8.00 19.7 0.227 0
14.000 -8.00 29.5 9.965 0
14.000 -8.00 39.3 19.703 1
14.000 -8.00 49.2 29.440 1
14.000 -8.00 59.0 39.178 1
14.000 -8.00 68.8 48.915 1
14.000 -8.00 78.7 58.653 1
14.000 -8.00 88.5 68.391 1
14.000 -8.00 98.3 78.128 1
14.000 -8.00 108.2 87.866 1
14.000 -8.00 118.0 97.604 1
14.000 -7.00 0.0 -14.473 0
14.000 -7.00 9.8 -4.713 0
14.000 -7.00 19.7 5.047 0
14.000 -7.00 29.5 14.807 1
14.000 -7.00 39.3 24.567 1
14.000 -7.00 49.2 34.327 1
14.000 -7.00 59.0 44.087 1
14.000 -7.00 68.8 53.847 1
14.000 -7.00 78.7 63.607 1
14.000 -7.00 88.5 73.367 1
14.000 -7.00 98.3 83.127 1
14.000 -7.00 108.2 92.887 1
14.000 -7.00 118.0 102.647 1
14.000 -6.00 0.0 -9.699 0
14.000 -6.00 9.8 0.081 0
14.000 -6.00 19.7 9.860 1
14.000 -6.00 29.5 19.640 1
14.000 -6.00 39.3 29.419 1
14.000 -6.00 49.2 39.198 1
14.000 -6.00 59.0 48.978 1
14.000 -6.00 68.8 58.757 1
14.000 -6.00 78.7 68.537 1
14.000 -6.00 88.5 78.316 1
14.000 -6.00 98.3 88.096 1
14.000 -6.00 108.2 97.875 1
14.000 -6.00 118.0 107.655 1
14.000 -5.00 0.0 -4.924 0
14.000 -5.00 9.8 4.872 0
14.000 -5.00 19.7 14.668 1
14.000 -5.00 29.5 24.463 1
14.000 -5.00 39.3 34.259 1
14.000 -5.00 49.2 44.055 1
14.000 -5.00 59.0 53.851 1
14.000 -5.00 68.8 63.647 1
14.000 -5.00 78.7 73.443 1
14.000 -5.00 88.5 83.239 1
14.000 -5.00 98.3 93.035 1
14.000 -5.00 108.2 102.831 1
14.000 -5.00 118.0 112.627 1
14.000 -4.00 0.0 -0.150 0
14.000 -4.00 9.8 9.660 0
14.000 -4.00 19.7 19.469 1
14.000 -4.00 29.5 29.278 1
14.000 -4.00 39.3 39.088 1
14.000 -4.00 49.2 48.897 1
14.000 -4.00 59.0 58.707 1
14.000 -4.00 68.8 68.516 1
14.000 -4.00 78.7 78.325 1
14.000 -4.00 88.5 88.135 1
14.000 -4.00 98.3 97.944 1
14.000 -4.00 108.2 107.753 1
14.000 -4.00 118.0 117.563 1
14.000 -3.00 0.0 4.625 0
14.000 -3.00 9.8 14.445 1
14.000 -3.00 19.7 24.265 1
14.000 -3.00 29.5 34.084 1
14.000 -3.00 39.3 43.904 1
14.000 -3.00 49.2 53.724 1
14.000 -3.00 59.0 63.544 1
14.000 -3.00 68.8 73.364 1
14.000 -3.00 78.7 83.184 1
14.000 -3.00 88.5 93.004 1
14.000 -3.00 98.3 102.823 1
14.000 -3.00 108.2 112.643 1
14.000 -3.00 118.0 122.463 1
14.000 -2.00 0.0 9.399 0
14.000 -2.00 9.8 19.227 1
14.000 -2.00 19.7 29.054 1
14.000 -2.00 29.5 38.881 1
14.000 -2.00 39.3 48.709 1
14.000 -2.00 49.2 58.536 1
14.000 -2.00 59.0 68.363 1
14.000 -2.00 68.8 78.191 1
14.000 -2.00 78.7 88.018 1
14.000 -2.00 88.5 97.845 1
14.000 -2.00 98.3 107.673 1
14.000 -2.00 108.2 117.500 1
14.000 -2.00 118.0 127.328 1
14.000 -1.00 0.0 14.174 1
14.000 -1.00 9.8 24.006 1
14.000 -1.00 19.7 33.838 1
14.000 -1.00 29.5 43.669 1
14.000 -1.00 39.3 53.501 1
14.000 -1.00 49.2 63.333 1
14.000 -1.00 59.0 73.165 1
14.000 -1.00 68.8 82.997 1
14.000 -1.00 78.7 92.829 1
14.000 -1.00 88.5 102.660 1
14.000 -1.00 98.3 112.492 1
14.000 -1.00 108.2 122.324 1
14.000 -1.00 118.0 132.156 1
14.000 0.00 0.0 18.949 1
14.000 0.00 9.8 28.782 1
14.000 0.00 19.7 38.615 1
14.000 0.00 29.5 48.449 1
14.000 0.00 39.3 58.282 1
14.000 0.00 49.2 68.115 1
14.000 0.00 59.0 77.949 1
14.000 0.00 68.8 87.782 1
14.000 0.00 78.7 97.615 1
14.000 0.00 88.5 107.449 1
14.000 0.00 98.3 117.282 1
14.000 0.00 108.2 127.115 1
14.000 0.00 118.0 136.949 1
14.000 1.00 0.0 21.813 1
14.000 1.00 9.8 31.645 1
14.000 1.00 19.7 41.477 1
14.000 1.00 29.5 51.309 1
14.000 1.00 39.3 61.141 1
14.000 1.00 49.2 70.972 1
14.000 1.00 59.0 80.804 1
14.000 1.00 68.8 90.636 1
14.000 1.00 78.7 100.468 1
14.000 1.00 88.5 110.300 1
14.000 1.00 98.3 120.132 1
14.000 1.00 108.2 129.963 1
14.000 1.00 118.0 139.795 1
14.000 2.00 0.0 24.678 1
14.000 2.00 9.8 34.505 1
14.000 2.00 19.7 44.333 1
14.000 2.00 29.5 54.160 1
14.000 2.00 39.3 63.987 1
14.000 2.00 49.2 73.815 1
14.000 2.00 59.0 83.642 1
14.000 2.00 68.8 93.469 1
14.000 2.00 78.7 103.297 1
14.000 2.00 88.5 113.124 1
14.000 2.00 98.3 122.951 1
14.000 2.00 108.2 132.779 1
14.000 2.00 118.0 142.606 1
14.000 3.00 0.0 27.543 1
14.000 3.00 9.8 37.363 1
14.000 3.00 19.7 47.182 1
14.000 3.00 29.5 57.002 1
14.000 3.00 39.3 66.822 1
14.000 3.00 49.2 76.642 1
14.000 3.00 59.0 86.462 1
14.000 3.00 68.8 96.282 1
14.000 3.00 78.7 106.102 1
14.000 3.00 88.5 115.921 1
14.000 3.00 98.3 125.741 1
14.000 3.00 108.2 135.561 1
14.000 3.00 118.0 145.381 1
14.000 4.00 0.0 30.407 0
14.000 4.00 9.8 40.217 1
14.000 4.00 19.7 50.026 1
14.000 4.00 29.5 59.836 1
14.000 4.00 39.3 69.645 1
14.000 4.00 49.2 79.454 1
14.000 4.00 59.0 89.264 1
14.000 4.00 68.8 99.073 1
14.000 4.00 78.7 108.883 1
14.000 4.00 88.5 118.692 1
14.000 4.00 98.3 128.501 1
14.000 4.00 108.2 138.311 1
14.000 4.00 118.0 148.120 1
14.000 5.00 0.0 33.272 0
14.000 5.00 9.8 43.068 0
14.000 5.00 19.7 52.864 1
14.000 5.00 29.5 62.660 1
14.000 5.00 39.3 72.456 1
14.000 5.00 49.2 82.252 1
14.000 5.00 59.0 92.048 1
14.000 5.00 68.8 101.844 1
14.000 5.00 78.7 111.640 1
14.000 5.00 88.5 121.435 1
14.000 5.00 98.3 131.231 1
14.000 5.00 108.2 141.027 1
14.000 5.00 118.0 150.823 1
14.500 -10.00 0.0 -27.182 0
14.500 -10.00 9.8 -17.498 0
14.500 -10.00 19.7 -7.814 0
14.500 -10.00 29.5 1.870 0
14.500 -10.00 39.3 11.554 0
14.500 -10.00 49.2 21.238 1
14.500 -10.00 59.0 30.922 1
14.500 -10.00 68.8 40.606 1
14.500 -10.00 78.7 50.290 1
14.500 -10.00 88.5 59.973 1
14.500 -10.00 98.3 69.657 1
14.500 -10.00 108.2 79.341 1
14.500 -10.00 118.0 89.025 1
14.500 -9.00 0.0 -22.060 0
14.500 -9.00 9.8 -12.348 0
14.500 -9.00 19.7 -2.636 0
14.500 -9.00 29.5 7.076 0
14.500 -9.00 39.3 16.789 1
14.500 -9.00 49.2 26.501 1
14.500 -9.00 59.0 36.213 1
14.500 -9.00 68.8 45.926 1
14.500 -9.00 78.7 55.638 1
14.500 -9.00 88.5 65.350 1
14.500 -9.00 98.3 75.062 1
14.500 -9.00 108.2 84.775 1
14.500 -9.00 118.0 94.487 1
14.500 -8.00 0.0 -16.939 0
14.500 -8.00 9.8 -7.201 0
14.500 -8.00 19.7 2.537 0
14.500 -8.00 29.5 12.274 1
14.500 -8.00 39.3 22.012 1
14.500 -8.00 49.2 31.750 1
14.500 -8.00 59.0 41.487 1
14.500 -8.00 68.8 51.225 1
14.500 -8.00 78.7 60.962 1
14.500 -8.00 88.5 70.700 1
14.500 -8.00 98.3 80.438 1
14.500 -8.00 108.2 90.175 1
14.500 -8.00 118.0 99.913 1
14.500 -7.00 0.0 -11.817 0
14.500 -7.00 9.8 -2.057 0
14.500 -7.00 19.7 7.703 0
14.500 -7.00 29.5 17.463 1
14.500 -7.00 39.3 27.223 1
14.500 -7.00 49.2 36.983 1
14.500 -7.00 59.0 46.743 1
14.500 -7.00 68.8 56.503 1
14.500 -7.00 78.7 66.263 1
14.500 -7.00 88.5 76.023 1
14.500 -7.00 98.3 85.783 1
14.500 -7.00 108.2 95.543 1
14.500 -7.00 118.0 105.304 1
14.500 -6.00 0.0 -6.695 0
14.500 -6.00 9.8 3.084 0
14.500 -6.00 19.7 12.864 1
14.500 -6.00 29.5 22.643 1
14.500 -6.00 39.3 32.423 1
14.500 -6.00 49.2 42.202 1
14.500 -6.00 59.0 51.982 1
14.500 -6.00 68.8 61.761 1
14.500 -6.00 78.7 71.540 1
14.500 -6.00 88.5 81.320 1
14.500 -6.00 98.3 91.099 1
14.500 -6.00 108.2 100.879 1
14.500 -6.00 118.0 110.658 1
14.500 -5.00 0.0 -1.574 0
14.500 -5.00 9.8 8.222 0
14.500 -5.00 19.7 18.018 1
14.500 -5.00 29.5 27.814 1
14.500 -5.00 39.3 37.610 1
14.500 -5.00 49.2 47.406 1
14.500 -5.00 59.0 57.202 1
14.500 -5.00 68.8 66.998 1
14.500 -5.00 78.7 76.794 1
14.500 -5.00 88.5 86.590 1
14.500 -5.00 98.3 96.386 1
14.500 -5.00 108.2 106.182 1
14.500 -5.00 118.0 115.977 1
14.500 -4.00 0.0 3.548 0
14.500 -4.00 9.8 13.358 1
14.500 -4.00 19.7 23.167 1
14.500 -4.00 29.5 32.976 1
14.500 -4.00 39.3 42.786 1
14.500 -4.00 49.2 52.595 1
14.500 -4.00 59.0 62.404 1
14.500 -4.00 68.8 72.214 1
14.500 -4.00 78.7 82.023 1
14.500 -4.00 88.5 91.833 1
14.500 -4.00 98.3 101.642 1
14.500 -4.00 108.2 111.451 1
14.500 -4.00 118.0 121.261 1
14.500 -3.00 0.0 8.670 0
14.500 -3.00 9.8 18.490 1
14.500 -3.00 19.7 28.310 1
14.500 -3.00 29.5 38.129 1
14.500 -3.00 39.3 47.949 1
14.500 -3.00 49.2 57.769 1
14.500 -3.00 59.0 67.589 1
14.500 -3.00 68.8 77.409 1
14.500 -3.00 78.7 87.229 1
14.500 -3.00 88.5 97.049 1
14.500 -3.00 98.3 106.868 1
14.500 -3.00 108.2 116.688 1
14.500 -3.00 118.0 126.508 1
14.500 -2.00 0.0 13.792 1
14.500 -2.00 9.8 23.619 1
14.500 -2.00 19.7 33.446 1
14.500 -2.00 29.5 43.274 1
14.500 -2.00 39.3 53.101 1
14.500 -2.00 49.2 62.928 1
14.500 -2.00 59.0 72.756 1
14.500 -2.00 68.8 82.583 1
14.500 -2.00 78.7 92.410 1
14.500 -2.00 88.5 102.238 1
14.500 -2.00 98.3 112.065 1
14.500 -2.00 108.2 121.892 1
14.500 -2.00 118.0 131.720 1
14.500 -1.00 0.0 18.913 1
14.500 -1.00 9.8 28.745 1
14.500 -1.00 19.7 38.577 1
14.500 -1.00 29.5 48.409 1
14.500 -1.00 39.3 58.241 1
14.500 -1.00 49.2 68.072 1
14.500 -1.00 59.0 77.904 1
14.500 -1.00 68.8 87.736 1
14.500 -1.00 78.7 97.568 1
14.500 -1.00 88.5 107.400 1
14.500 -1.00 98.3 117.232 1
14.500 -1.00 108.2 127.063 1
14.500 -1.00 118.0 136.895 1
14.500 0.00 0.0 24.035 1
14.500 0.00 9.8 33.868 1
14.500 0.00 19.7 43.702 1
14.500 0.00 29.5 53.535 1
14.500 0.00 39.3 63.368 1
14.500 0.00 49.2 73.202 1
14.500 0.00 59.0 83.035 1
14.500 0.00 68.8 92.868 1
14.500 0.00 78.7 102.702 1
14.500 0.00 88.5 112.535 1
14.500 0.00 98.3 122.368 1
14.500 0.00 108.2 132.202 1
14.500 0.00 118.0 142.035 1
14.500 1.00 0.0 27.108 1
14.500 1.00 9.8 36.940 1
14.500 1.00 19.7 46.772 1
14.500 1.00 29.5 56.603 1
14.500 1.00 39.3 66.435 1
14.500 1.00 49.2 76.267 1
14.500 1.00 59.0 86.099 1
14.500 1.00 68.8 95.931 1
14.500 1.00 78.7 105.763 1
14.500 1.00 88.5 115.594 1
14.500 1.00 98.3 125.426 1
14.500 1.00 108.2 135.258 1
14.500 1.00 118.0 145.090 1
14.500 2.00 0.0 30.181 1
14.500 2.00 9.8 40.008 1
14.500 2.00 19.7 49.836 1
14.500 2.00 29.5 59.663 1
14.500 2.00 39.3 69.490 1
14.500 2.00 49.2 79.318 1
14.500 2.00 59.0 89.145 1
14.500 2.00 68.8 98.972 1
14.500 2.00 78.7 108.800 1
14.500 2.00 88.5 118.627 1
14.500 2.00 98.3 128.454 1
14.500 2.00 108.2 138.282 1
14.500 2.00 118.0 148.109 1
14.500 3.00 0.0 33.254 1
14.500 3.00 9.8 43.074 1
14.500 3.00 19.7 52.894 1
14.500 3.00 29.5 62.714 1
14.500 3.00 39.3 72.533 1
14.500 3.00 49.2 82.353 1
14.500 3.00 59.0 92.173 1
14.500 3.00 68.8 101.993 1
14.500 3.00 78.7 111.813 1
14.500 3.00 88.5 121.633 1
14.500 3.00 98.3 131.453 1
14.500 3.00 108.2 141.272 1
14.500 3.00 118.0 151.092 1
14.500 4.00 0.0 36.327 1
14.500 4.00 9.8 46.136 1
14.500 4.00 19.7 55.946 1
14.500 4.00 29.5 65.755 1
14.500 4.00 39.3 75.565 1
14.500 4.00 49.2 85.374 1
14.500 4.00 59.0 95.183 1
14.500 4.00 68.8 104.993 1
14.500 4.00 78.7 114.802 1
14.500 4.00 88.5 124.611 1
14.500 4.00 98.3 134.421 1
14.500 4.00 108.2 144.230 1
14.500 4.00 118.0 154.040 1
14.500 5.00 0.0 39.400 0
14.500 5.00 9.8 49.196 0
14.500 5.00 19.7 58.992 1
14.500 5.00 29.5 68.788 1
14.500 5.00 39.3 78.584 1
14.500 5.00 49.2 88.380 1
14.500 5.00 59.0 98.176 1
14.500 5.00 68.8 107.971 1
14.500 5.00 78.7 117.767 1
14.500 5.00 88.5 127.563 1
14.500 5.00 98.3 137.359 1
14.500 5.00 108.2 147.155 1
14.500 5.00 118.0 156.951 1
15.000 -10.00 0.0 -25.510 0
15.000 -10.00 9.8 -15.826 0
15.000 -10.00 19.7 -6.142 0
15.000 -10.00 29.5 3.542 0
15.000 -10.00 39.3 13.226 0
15.000 -10.00 49.2 22.909 1
15.000 -10.00 59.0 32.593 1
15.000 -10.00 68.8 42.277 1
15.000 -10.00 78.7 51.961 1
15.000 -10.00 88.5 61.645 1
15.000 -10.00 98.3 71.329 1
15.000 -10.00 108.2 81.013 1
15.000 -10.00 118.0 90.697 1
15.000 -9.00 0.0 -20.029 0
15.000 -9.00 9.8 -10.317 0
15.000 -9.00 19.7 -0.605 0
15.000 -9.00 29.5 9.108 0
15.000 -9.00 39.3 18.820 1
15.000 -9.00 49.2 28.532 1
15.000 -9.00 59.0 38.244 1
15.000 -9.00 68.8 47.957 1
15.000 -9.00 78.7 57.669 1
15.000 -9.00 88.5 67.381 1
15.000 -9.00 98.3 77.093 1
15.000 -9.00 108.2 86.806 1
15.000 -9.00 118.0 96.518 1
15.000 -8.00 0.0 -14.548 0
15.000 -8.00 9.8 -4.811 0
15.000 -8.00 19.7 4.927 0
15.000 -8.00 29.5 14.665 1
15.000 -8.00 39.3 24.402 1
15.000 -8.00 49.2 34.140 1
15.000 -8.00 59.0 43.878 1
15.000 -8.00 68.8 53.615 1
15.000 -8.00 78.7 63.353 1
15.000 -8.00 88.5 73.090 1
15.000 -8.00 98.3 82.828 1
15.000 -8.00 108.2 92.566 1
15.000 -8.00 118.0 102.303 1
15.000 -7.00 0.0 -9.067 0
15.000 -7.00 9.8 0.693 0
15.000 -7.00 19.7 10.453 0
15.000 -7.00 29.5 20.213 1
15.000 -7.00 39.3 29.973 1
15.000 -7.00 49.2 39.733 1
15.000 -7.00 59.0 49.493 1
15.000 -7.00 68.8 59.253 1
15.000 -7.00 78.7 69.013 1
15.000 -7.00 88.5 78.773 1
15.000 -7.00 98.3 88.533 1
15.000 -7.00 108.2 98.293 1
15.000 -7.00 118.0 108.053 1
15.000 -6.00 0.0 -3.586 0
15.000 -6.00 9.8 6.193 0
15.000 -6.00 19.7 15.973 1
15.000 -6.00 29.5 25.752 1
15.000 -6.00 39.3 35.532 1
15.000 -6.00 49.2 45.311 1
15.000 -6.00 59.0 55.091 1
15.000 -6.00 68.8 64.870 1
15.000 -6.00 78.7 74.650 1
15.000 -6.00 88.5 84.429 1
15.000 -6.00 98.3 94.208 1
15.000 -6.00 108.2 103.988 1
15.000 -6.00 118.0 113.767 1
15.000 -5.00 0.0 1.895 0
15.000 -5.00 9.8 11.691 0
15.000 -5.00 19.7 21.487 1
15.000 -5.00 29.5 31.283 1
15.000 -5.00 39.3 41.078 1
15.000 -5.00 49.2 50.874 1
15.000 -5.00 59.0 60.670 1
15.000 -5.00 68.8 70.466 1
15.000 -5.00 78.7 80.262 1
15.000 -5.00 88.5 90.058 1
15.000 -5.00 98.3 99.854 1
15.000 -5.00 108.2 109.650 1
15.000 -5.00 118.0 119.446 1
15.000 -4.00 0.0 7.376 0
15.000 -4.00 9.8 17.185 1
15.000 -4.00 19.7 26.995 1
15.000 -4.00 29.5 36.804 1
15.000 -4.00 39.3 46.613 1
15.000 -4.00 49.2 56.423 1
15.000 -4.00 59.0 66.232 1
15.000 -4.00 68.8 76.041 1
15.000 -4.00 78.7 85.851 1
15.000 -4.00 88.5 95.660 1
15.000 -4.00 98.3 105.470 1
15.000 -4.00 108.2 115.279 1
15.000 -4.00 118.0 125.088 1
15.000 -3.00 0.0 12.857 0
15.000 -3.00 9.8 22.677 1
15.000 -3.00 19.7 32.497 1
15.000 -3.00 29.5 42.316 1
15.000 -3.00 39.3 52.136 1
15.000 -3.00 49.2 61.956 1
15.000 -3.00 59.0 71.776 1
15.000 -3.00 68.8 81.596 1
15.000 -3.00 78.7 91.416 1
15.000 -3.00 88.5 101.236 1
15.000 -3.00 98.3 111.055 1
15.000 -3.00 108.2 120.875 1
15.000 -3.00 118.0 130.695 1
15.000 -2.00 0.0 18.338 1
15.000 -2.00 9.8 28.165 1
15.000 -2.00 19.7 37.993 1
15.000 -2.00 29.5 47.820 1
15.000 -2.00 39.3 57.647 1
15.000 -2.00 49.2 67.475 1
15.000 -2.00 59.0 77.302 1
15.000 -2.00 68.8 87.129 1
15.000 -2.00 78.7 96.957 1
15.000 -2.00 88.5 106.784 1
15.000 -2.00 98.3 116.611 1
15.000 -2.00 108.2 126.439 1
15.000 -2.00 118.0 136.266 1
15.000 -1.00 0.0 23.819 1
15.000 -1.00 9.8 33.651 1
15.000 -1.00 19.7 43.482 1
15.000 -1.00 29.5 53.314 1
15.000 -1.00 39.3 63.146 1
15.000 -1.00 49.2 72.978 1
15.000 -1.00 59.0 82.810 1
15.000 -1.00 68.8 92.642 1
15.000 -1.00 78.7 102.474 1
15.000 -1.00 88.5 112.305 1
15.000 -1.00 98.3 122.137 1
15.000 -1.00 108.2 131.969 1
15.000 -1.00 118.0 141.801 1
15.000 0.00 0.0 29.300 1
15.000 0.00 9.8 39.133 1
15.000 0.00 19.7 48.967 1
15.000 0.00 29.5 58.800 1
15.000 0.00 39.3 68.633 1
15.000 0.00 49.2 78.467 1
15.000 0.00 59.0 88.300 1
15.000 0.00 68.8 98.133 1
15.000 0.00 78.7 107.967 1
15.000 0.00 88.5 117.800 1
15.000 0.00 98.3 127.633 1
15.000 0.00 108.2 137.467 1
15.000 0.00 118.0 147.300 1
15.000 1.00 0.0 32.588 1
15.000 1.00 9.8 42.420 1
15.000 1.00 19.7 52.252 1
15.000 1.00 29.5 62.084 1
15.000 1.00 39.3 71.916 1
15.000 1.00 49.2 81.748 1
15.000 1.00 59.0 91.579 1
15.000 1.00 68.8 101.411 1
15.000 1.00 78.7 111.243 1
15.000 1.00 88.5 121.075 1
15.000 1.00 98.3 130.907 1
15.000 1.00 108.2 140.739 1
15.000 1.00 118.0 150.570 1
15.000 2.00 0.0 35.877 1
15.000 2.00 9.8 45.704 1
15.000 2.00 19.7 55.532 1
15.000 2.00 29.5 65.359 1
15.000 2.00 39.3 75.186 1
15.000 2.00 49.2 85.014 1
15.000 2.00 59.0 94.841 1
15.000 2.00 68.8 104.668 1
15.000 2.00 78.7 114.496 1
15.000 2.00 88.5 124.323 1
15.000 2.00 98.3 134.150 1
15.000 2.00 108.2 143.978 1
15.000 2.00 118.0 153.805 1
15.000 3.00 0.0 39.166 1
15.000 3.00 9.8 48.986 1
15.000 3.00 19.7 58.805 1
15.000 3.00 29.5 68.625 1
15.000 3.00 39.3 78.445 1
15.000 3.00 49.2 88.265 1
15.000 3.00 59.0 98.085 1
15.000 3.00 68.8 107.905 1
15.000 3.00 78.7 117.725 1
15.000 3.00 88.5 127.544 1
15.000 3.00 98.3 137.364 1
15.000 3.00 108.2 147.184 1
15.000 3.00 118.0 157.004 1
15.000 4.00 0.0 42.454 1
15.000 4.00 9.8 52.264 1
15.000 4.00 19.7 62.073 1
15.000 4.00 29.5 71.882 1
15.000 4.00 39.3 81.692 1
15.000 4.00 49.2 91.501 1
15.000 4.00 59.0 101.311 1
15.000 4.00 68.8 111.120 1
15.000 4.00 78.7 120.929 1
15.000 4.00 88.5 130.739 1
15.000 4.00 98.3 140.548 1
15.000 4.00 108.2 150.357 1
15.000 4.00 118.0 160.167 1
15.000 5.00 0.0 45.743 0
15.000 5.00 9.8 55.539 1
15.000 5.00 19.7 65.335 1
15.000 5.00 29.5 75.131 1
15.000 5.00 39.3 84.927 1
15.000 5.00 49.2 94.722 1
15.000 5.00 59.0 104.518 1
15.000 5.00 68.8 114.314 1
15.000 5.00 78.7 124.110 1
15.000 5.00 88.5 133.906 1
15.000 5.00 98.3 143.702 1
15.000 5.00 108.2 153.498 1
15.000 5.00 118.0 163.294 1
15.500 -10.00 0.0 -23.782 0
15.500 -10.00 9.8 -14.098 0
15.500 -10.00 19.7 -4.414 0
15.500 -10.00 29.5 5.270 0
15.500 -10.00 39.3 14.954 0
15.500 -10.00 49.2 24.638 1
15.500 -10.00 59.0 34.322 1
15.500 -10.00 68.8 44.006 1
15.500 -10.00 78.7 53.690 1
15.500 -10.00 88.5 63.374 1
15.500 -10.00 98.3 73.058 1
15.500 -10.00 108.2 82.742 1
15.500 -10.00 118.0 92.426 1
15.500 -9.00 0.0 -17.929 0
15.500 -9.00 9.8 -8.217 0
15.500 -9.00 19.7 1.495 0
15.500 -9.00 29.5 11.208 0
15.500 -9.00 39.3 20.920 1
15.500 -9.00 49.2 30.632 1
15.500 -9.00 59.0 40.344 1
15.500 -9.00 68.8 50.057 1
15.500 -9.00 78.7 59.769 1
15.500 -9.00 88.5 69.481 1
15.500 -9.00 98.3 79.193 1
15.500 -9.00 108.2 88.906 1
15.500 -9.00 118.0 98.618 1
15.500 -8.00 0.0 -12.077 0
15.500 -8.00 9.8 -2.339 0
15.500 -8.00 19.7 7.398 0
15.500 -8.00 29.5 17.136 1
15.500 -8.00 39.3 26.874 1
15.500 -8.00 49.2 36.611 1
15.500 -8.00 59.0 46.349 1
15.500 -8.00 68.8 56.087 1
15.500 -8.00 78.7 65.824 1
15.500 -8.00 88.5 75.562 1
15.500 -8.00 98.3 85.300 1
15.500 -8.00 108.2 95.037 1
15.500 -8.00 118.0 104.775 1
15.500 -7.00 0.0 -6.224 0
15.500 -7.00 9.8 3.536 0
15.500 -7.00 19.7 13.296 0
15.500 -7.00 29.5 23.056 1
15.500 -7.00 39.3 32.816 1
15.500 -7.00 49.2 42.576 1
15.500 -7.00 59.0 52.336 1
15.500 -7.00 68.8 62.096 1
15.500 -7.00 78.7 71.856 1
15.500 -7.00 88.5 81.616 1
15.500 -7.00 98.3 91.376 1
15.500 -7.00 108.2 101.136 1
15.500 -7.00 118.0 110.896 1
15.500 -6.00 0.0 -0.372 0
15.500 -6.00 9.8 9.408 0
15.500 -6.00 19.7 19.187 1
15.500 -6.00 29.5 28.967 1
15.500 -6.00 39.3 38.746 1
15.500 -6.00 49.2 48.526 1
15.500 -6.00 59.0 58.305 1
15.500 -6.00 68.8 68.084 1
15.500 -6.00 78.7 77.864 1
15.500 -6.00 88.5 87.643 1
15.500 -6.00 98.3 97.423 1
15.500 -6.00 108.2 107.202 1
15.500 -6.00 118.0 116.982 1
15.500 -5.00 0.0 5.481 0
15.500 -5.00 9.8 15.277 1
15.500 -5.00 19.7 25.073 1
15.500 -5.00 29.5 34.868 1
15.500 -5.00 39.3 44.664 1
15.500 -5.00 49.2 54.460 1
15.500 -5.00 59.0 64.256 1
15.500 -5.00 68.8 74.052 1
15.500 -5.00 78.7 83.848 1
15.500 -5.00 88.5 93.644 1
15.500 -5.00 98.3 103.440 1
15.500 -5.00 108.2 113.236 1
15.500 -5.00 118.0 123.032 1
15.500 -4.00 0.0 11.333 0
15.500 -4.00 9.8 21.143 1
15.500 -4.00 19.7 30.952 1
15.500 -4.00 29.5 40.761 1
15.500 -4.00 39.3 50.571 1
15.500 -4.00 49.2 60.380 1
15.500 -4.00 59.0 70.189 1
15.500 -4.00 68.8 79.999 1
15.500 -4.00 78.7 89.808 1
15.500 -4.00 88.5 99.618 1
15.500 -4.00 98.3 109.427 1
15.500 -4.00 108.2 119.236 1
15.500 -4.00 118.0 129.046 1
15.500 -3.00 0.0 17.186 1
15.500 -3.00 9.8 27.006 1
15.500 -3.00 19.7 36.825 1
15.500 -3.00 29.5 46.645 1
15.500 -3.00 39.3 56.465 1
15.500 -3.00 49.2 66.285 1
15.500 -3.00 59.0 76.105 1
15.500 -3.00 68.8 85.925 1
15.500 -3.00 78.7 95.745 1
15.500 -3.00 88.5 105.564 1
15.500 -3.00 98.3 115.384 1
15.500 -3.00 108.2 125.204 1
15.500 -3.00 118.0 135.024 1
15.500 -2.00 0.0 23.038 1
15.500 -2.00 9.8 32.866 1
15.500 -2.00 19.7 42.693 1
15.500 -2.00 29.5 52.520 1
15.500 -2.00 39.3 62.348 1
15.500 -2.00 49.2 72.175 1
15.500 -2.00 59.0 82.002 1
15.500 -2.00 68.8 91.830 1
15.500 -2.00 78.7 101.657 1
15.500 -2.00 88.5 111.484 1
15.500 -2.00 98.3 121.312 1
15.500 -2.00 108.2 131.139 1
15.500 -2.00 118.0 140.966 1
15.500 -1.00 0.0 28.891 1
15.500 -1.00 9.8 38.723 1
15.500 -1.00 19.7 48.554 1
15.500 -1.00 29.5 58.386 1
15.500 -1.00 39.3 68.218 1
15.500 -1.00 49.2 78.050 1
15.500 -1.00 59.0 87.882 1
15.500 -1.00 68.8 97.714 1
15.500 -1.00 78.7 107.545 1
15.500 -1.00 88.5 117.377 1
15.500 -1.00 98.3 127.209 1
15.500 -1.00 108.2 137.041 1
15.500 -1.00 118.0 146.873 1
15.500 0.00 0.0 34.743 1
15.500 0.00 9.8 44.577 1
15.500 0.00 19.7 54.410 1
15.500 0.00 29.5 64.243 1
15.500 0.00 39.3 74.077 1
15.500 0.00 49.2 83.910 1
15.500 0.00 59.0 93.743 1
15.500 0.00 68.8 103.577 1
15.500 0.00 78.7 113.410 1
15.500 0.00 88.5 123.243 1
15.500 0.00 98.3 133.077 1
15.500 0.00 108.2 142.910 1
15.500 0.00 118.0 152.743 1
15.500 1.00 0.0 38.255 1
15.500 1.00 9.8 48.087 1
15.500 1.00 19.7 57.918 1
15.500 1.00 29.5 67.750 1
15.500 1.00 39.3 77.582 1
15.500 1.00 49.2 87.414 1
15.500 1.00 59.0 97.246 1
15.500 1.00 68.8 107.078 1
15.500 1.00 78.7 116.909 1
15.500 1.00 88.5 126.741 1
15.500 1.00 98.3 136.573 1
15.500 1.00 108.2 146.405 1
15.500 1.00 118.0 156.237 1
15.500 2.00 0.0 41.766 1
15.500 2.00 9.8 51.594 1
15.500 2.00 19.7 61.421 1
15.500 2.00 29.5 71.248 1
15.500 2.00 39.3 81.076 1
15.500 2.00 49.2 90.903 1
15.500 2.00 59.0 100.730 1
15.500 2.00 68.8 110.558 1
15.500 2.00 78.7 120.385 1
15.500 2.00 88.5 130.212 1
15.500 2.00 98.3 140.040 1
15.500 2.00 108.2 149.867 1
15.500 2.00 118.0 159.694 1
15.500 3.00 0.0 45.278 1
15.500 3.00 9.8 55.098 1
15.500 3.00 19.7 64.917 1
15.500 3.00 29.5 74.737 1
15.500 3.00 39.3 84.557 1
15.500 3.00 49.2 94.377 1
15.500 3.00 59.0 104.197 1
15.500 3.00 68.8 114.017 1
15.500 3.00 78.7 123.837 1
15.500 3.00 88.5 133.656 1
15.500 3.00 98.3 143.476 1
15.500 3.00 108.2 153.296 1
15.500 3.00 118.0 163.116 1
15.500 4.00 0.0 48.789 1
15.500 4.00 9.8 58.599 1
15.500 4.00 19.7 68.408 1
15.500 4.00 29.5 78.217 1
15.500 4.00 39.3 88.027 1
15.500 4.00 49.2 97.836 1
15.500 4.00 59.0 107.645 1
15.500 4.00 68.8 117.455 1
15.500 4.00 78.7 127.264 1
15.500 4.00 88.5 137.074 1
15.500 4.00 98.3 146.883 1
15.500 4.00 108.2 156.692 1
15.500 4.00 118.0 166.502 1
15.500 5.00 0.0 52.301 0
15.500 5.00 9.8 62.097 1
15.500 5.00 19.7 71.893 1
15.500 5.00 29.5 81.688 1
15.500 5.00 39.3 91.484 1
15.500 5.00 49.2 101.280 1
15.500 5.00 59.0 111.076 1
15.500 5.00 68.8 120.872 1
15.500 5.00 78.7 130.668 1
15.500 5.00 88.5 140.464 1
15.500 5.00 98.3 150.260 1
15.500 5.00 108.2 160.056 1
15.500 5.00 118.0 169.852 1
16.000 -10.00 0.0 -21.997 0
16.000 -10.00 9.8 -12.313 0
16.000 -10.00 19.7 -2.629 0
16.000 -10.00 29.5 7.055 0
16.000 -10.00 39.3 16.739 0
16.000 -10.00 49.2 26.423 1
16.000 -10.00 59.0 36.107 1
16.000 -10.00 68.8 45.791 1
16.000 -10.00 78.7 55.475 1
16.000 -10.00 88.5 65.159 1
16.000 -10.00 98.3 74.843 1
16.000 -10.00 108.2 84.527 1
16.000 -10.00 118.0 94.211 1
16.000 -9.00 0.0 -15.761 0
16.000 -9.00 9.8 -6.048 0
16.000 -9.00 19.7 3.664 0
16.000 -9.00 29.5 13.376 0
16.000 -9.00 39.3 23.089 1
16.000 -9.00 49.2 32.801 1
16.000 -9.00 59.0 42.513 1
16.000 -9.00 68.8 52.225 1
16.000 -9.00 78.7 61.938 1
16.000 -9.00 88.5 71.650 1
16.000 -9.00 98.3 81.362 1
16.000 -9.00 108.2 91.074 1
16.000 -9.00 118.0 100.787 1
16.000 -8.00 0.0 -9.524 0
16.000 -8.00 9.8 0.213 0
16.000 -8.00 19.7 9.951 0
16.000 -8.00 29.5 19.689 1
16.000 -8.00 39.3 29.426 1
16.000 -8.00 49.2 39.164 1
16.000 -8.00 59.0 48.901 1
16.000 -8.00 68.8 58.639 1
16.000 -8.00 78.7 68.377 1
16.000 -8.00 88.5 78.114 1
16.000 -8.00 98.3 87.852 1
16.000 -8.00 108.2 97.590 1
16.000 -8.00 118.0 107.327 1
16.000 -7.00 0.0 -3.288 0
16.000 -7.00 9.8 6.472 0
16.000 -7.00 19.7 16.232 0
16.000 -7.00 29.5 25.992 1
16.000 -7.00 39.3 35.752 1
16.000 -7.00 49.2 45.512 1
16.000 -7.00 59.0 55.272 1
16.000 -7.00 68.8 65.032 1
16.000 -7.00 78.7 74.792 1
16.000 -7.00 88.5 84.552 1
16.000 -7.00 98.3 94.312 1
16.000 -7.00 108.2 104.072 1
16.000 -7.00 118.0 113.832 1
16.000 -6.00 0.0 2.948 0
16.000 -6.00 9.8 12.727 0
16.000 -6.00 19.7 22.507 1
16.000 -6.00 29.5 32.286 1
16.000 -6.00 39.3 42.066 1
16.000 -6.00 49.2 51.845 1
16.000 -6.00 59.0 61.625 1
16.000 -6.00 68.8 71.404 1
16.000 -6.00 78.7 81.184 1
16.000 -6.00 88.5 90.963 1
16.000 -6.00 98.3 100.743 1
16.000 -6.00 108.2 110.522 1
16.000 -6.00 118.0 120.302 1
16.000 -5.00 0.0 9.184 0
16.000 -5.00 9.8 18.980 1
16.000 -5.00 19.7 28.776 1
16.000 -5.00 29.5 38.572 1
16.000 -5.00 39.3 48.368 1
16.000 -5.00 49.2 58.164 1
16.000 -5.00 59.0 67.960 1
16.000 -5.00 68.8 77.756 1
16.000 -5.00 78.7 87.551 1
16.000 -5.00 88.5 97.347 1
16.000 -5.00 98.3 107.143 1
16.000 -5.00 108.2 116.939 1
16.000 -5.00 118.0 126.735 1
16.000 -4.00 0.0 15.420 0
16.000 -4.00 9.8 25.230 1
16.000 -4.00 19.7 35.039 1
16.000 -4.00 29.5 44.848 1
16.000 -4.00 39.3 54.658 1
16.000 -4.00 49.2 64.467 1
16.000 -4.00 59.0 74.277 1
16.000 -4.00 68.8 84.086 1
16.000 -4.00 78.7 93.895 1
16.000 -4.00 88.5 103.705 1
16.000 -4.00 98.3 113.514 1
16.000 -4.00 108.2 123.324 1
16.000 -4.00 118.0 133.133 1
16.000 -3.00 0.0 21.657 1
16.000 -3.00 9.8 31.476 1
16.000 -3.00 19.7 41.296 1
16.000 -3.00 29.5 51.116 1
16.000 -3.00 39.3 60.936 1
16.000 -3.00 49.2 70.756 1
16.000 -3.00 59.0 80.576 1
16.000 -3.00 68.8 90.396 1
16.000 -3.00 78.7 100.215 1
16.000 -3.00 88.5 110.035 1
16.000 -3.00 98.3 119.855 1
16.000 -3.00 108.2 129.675 1
16.000 -3.00 118.0 139.495 1
16.000 -2.00 0.0 27.893 1
16.000 -2.00 9.8 37.720 1
16.000 -2.00 19.7 47.547 1
16.000 -2.00 29.5 57.375 1
16.000 -2.00 39.3 67.202 1
16.000 -2.00 49.2 77.029 1
16.000 -2.00 59.0 86.857 1
16.000 -2.00 68.8 96.684 1
16.000 -2.00 78.7 106.511 1
16.000 -2.00 88.5 116.339 1
16.000 -2.00 98.3 126.166 1
16.000 -2.00 108.2 135.993 1
16.000 -2.00 118.0 145.821 1
16.000 -1.00 0.0 34.129 1
16.000 -1.00 9.8 43.961 1
16.000 -1.00 19.7 53.793 1
16.000 -1.00 29.5 63.624 1
16.000 -1.00 39.3 73.456 1
16.000 -1.00 49.2 83.288 1
16.000 -1.00 59.0 93.120 1
16.000 -1.00 68.8 102.952 1
16.000 -1.00 78.7 112.784 1
16.000 -1.00 88.5 122.615 1
16.000 -1.00 98.3 132.447 1
16.000 -1.00 108.2 142.279 1
16.000 -1.00 118.0 152.111 1
16.000 0.00 0.0 40.365 1
16.000 0.00 9.8 50.198 1
16.000 0.00 19.7 60.032 1
16.000 0.00 29.5 69.865 1
16.000 0.00 39.3 79.698 1
16.000 0.00 49.2 89.532 1
16.000 0.00 59.0 99.365 1
16.000 0.00 68.8 109.198 1
16.000 0.00 78.7 119.032 1
16.000 0.00 88.5 128.865 1
16.000 0.00 98.3 138.698 1
16.000 0.00 108.2 148.532 1
16.000 0.00 118.0 158.365 1
16.000 1.00 0.0 44.107 1
16.000 1.00 9.8 53.939 1
16.000 1.00 19.7 63.770 1
16.000 1.00 29.5 73.602 1
16.000 1.00 39.3 83.434 1
16.000 1.00 49.2 93.266 1
16.000 1.00 59.0 103.098 1
16.000 1.00 68.8 112.930 1
16.000 1.00 78.7 122.761 1
16.000 1.00 88.5 132.593 1
16.000 1.00 98.3 142.425 1
16.000 1.00 108.2 152.257 1
16.000 1.00 118.0 162.089 1
16.000 2.00 0.0 47.848 1
16.000 2.00 9.8 57.676 1
16.000 2.00 19.7 67.503 1
16.000 2.00 29.5 77.330 1
16.000 2.00 39.3 87.158 1
16.000 2.00 49.2 96.985 1
16.000 2.00 59.0 106.812 1
16.000 2.00 68.8 116.640 1
16.000 2.00 78.7 126.467 1
16.000 2.00 88.5 136.295 1
16.000 2.00 98.3 146.122 1
16.000 2.00 108.2 155.949 1
16.000 2.00 118.0 165.777 1
16.000 3.00 0.0 51.590 1
16.000 3.00 9.8 61.410 1
16.000 3.00 19.7 71.230 1
16.000 3.00 29.5 81.050 1
16.000 3.00 39.3 90.870 1
16.000 3.00 49.2 100.689 1
16.000 3.00 59.0 110.509 1
16.000 3.00 68.8 120.329 1
16.000 3.00 78.7 130.149 1
16.000 3.00 88.5 139.969 1
16.000 3.00 98.3 149.789 1
16.000 3.00 108.2 159.609 1
16.000 3.00 118.0 169.428 1
16.000 4.00 0.0 55.332 1
16.000 4.00 9.8 65.141 1
16.000 4.00 19.7 74.951 1
16.000 4.00 29.5 84.760 1
16.000 4.00 39.3 94.569 1
16.000 4.00 49.2 104.379 1
16.000 4.00 59.0 114.188 1
16.000 4.00 68.8 123.997 1
16.000 4.00 78.7 133.807 1
16.000 4.00 88.5 143.616 1
16.000 4.00 98.3 153.426 1
16.000 4.00 108.2 163.235 1
16.000 4.00 118.0 173.044 1
16.000 5.00 0.0 59.074 0
16.000 5.00 9.8 68.869 1
16.000 5.00 19.7 78.665 1
16.000 5.00 29.5 88.461 1
16.000 5.00 39.3 98.257 1
16.000 5.00 49.2 108.053 1
16.000 5.00 59.0 117.849 1
16.000 5.00 68.8 127.645 1
16.000 5.00 78.7 137.441 1
16.000 5.00 88.5 147.237 1
16.000 5.00 98.3 157.033 1
16.000 5.00 108.2 166.829 1
16.000 5.00 118.0 176.625 1
16.500 -10.00 0.0 -20.155 0
16.500 -10.00 9.8 -10.471 0
16.500 -10.00 19.7 -0.787 0
16.500 -10.00 29.5 8.897 0
16.500 -10.00 39.3 18.581 0
16.500 -10.00 49.2 28.265 1
16.500 -10.00 59.0 37.949 1
16.500 -10.00 68.8 47.633 1
16.500 -10.00 78.7 57.317 1
16.500 -10.00 88.5 67.001 1
16.500 -10.00 98.3 76.685 1
16.500 -10.00 108.2 86.368 1
16.500 -10.00 118.0 96.052 1
16.500 -9.00 0.0 -13.523 0
16.500 -9.00 9.8 -3.811 0
16.500 -9.00 19.7 5.902 0
16.500 -9.00 29.5 15.614 0
16.500 -9.00 39.3 25.326 1
16.500 -9.00 49.2 35.038 1
16.500 -9.00 59.0 44.751 1
16.500 -9.00 68.8 54.463 1
16.500 -9.00 78.7 64.175 1
16.500 -9.00 88.5 73.888 1
16.500 -9.00 98.3 83.600 1
16.500 -9.00 108.2 93.312 1
16.500 -9.00 118.0 103.024 1
16.500 -8.00 0.0 -6.891 0
16.500 -8.00 9.8 2.847 0
16.500 -8.00 19.7 12.584 0
16.500 -8.00 29.5 22.322 1
16.500 -8.00 39.3 32.060 1
16.500 -8.00 49.2 41.797 1
16.500 -8.00 59.0 51.535 1
16.500 -8.00 68.8 61.273 1
16.500 -8.00 78.7 71.010 1
16.500 -8.00 88.5 80.748 1
16.500 -8.00 98.3 90.486 1
16.500 -8.00 108.2 100.223 1
16.500 -8.00 118.0 109.961 1
16.500 -7.00 0.0 -0.259 0
16.500 -7.00 9.8 9.501 0
16.500 -7.00 19.7 19.261 0
16.500 -7.00 29.5 29.021 1
16.500 -7.00 39.3 38.781 1
16.500 -7.00 49.2 48.541 1
16.500 -7.00 59.0 58.301 1
16.500 -7.00 68.8 68.061 1
16.500 -7.00 78.7 77.821 1
16.500 -7.00 88.5 87.582 1
16.500 -7.00 98.3 97.342 1
16.500 -7.00 108.2 107.102 1
16.500 -7.00 118.0 116.862 1
16.500 -6.00 0.0 6.373 0
16.500 -6.00 9.8 16.153 0
16.500 -6.00 19.7 25.932 1
16.500 -6.00 29.5 35.712 1
16.500 -6.00 39.3 45.491 1
16.500 -6.00 49.2 55.271 1
16.500 -6.00 59.0 65.050 1
16.500 -6.00 68.8 74.829 1
16.500 -6.00 78.7 84.609 1
16.500 -6.00 88.5 94.388 1
16.500 -6.00 98.3 104.168 1
16.500 -6.00 108.2 113.947 1
16.500 -6.00 118.0 123.727 1
16.500 -5.00 0.0 13.005 0
16.500 -5.00 9.8 22.801 1
16.500 -5.00 19.7 32.597 1
16.500 -5.00 29.5 42.393 1
16.500 -5.00 39.3 52.189 1
16.500 -5.00 49.2 61.985 1
16.500 -5.00 59.0 71.781 1
16.500 -5.00 68.8 81.577 1
16.500 -5.00 78.7 91.373 1
16.500 -5.00 88.5 101.168 1
16.500 -5.00 98.3 110.964 1
16.500 -5.00 108.2 120.760 1
16.500 -5.00 118.0 130.556 1
16.500 -4.00 0.0 19.637 0
16.500 -4.00 9.8 29.447 1
16.500 -4.00 19.7 39.256 1
16.500 -4.00 29.5 49.065 1
16.500 -4.00 39.3 58.875 1
16.500 -4.00 49.2 68.684 1
16.500 -4.00 59.0 78.494 1
16.500 -4.00 68.8 88.303 1
16.500 -4.00 78.7 98.112 1
16.500 -4.00 88.5 107.922 1
16.500 -4.00 98.3 117.731 1
16.500 -4.00 108.2 127.540 1
16.500 -4.00 118.0 137.350 1
16.500 -3.00 0.0 26.269 1
16.500 -3.00 9.8 36.089 1
16.500 -3.00 19.7 45.909 1
16.500 -3.00 29.5 55.729 1
16.500 -3.00 39.3 65.549 1
16.500 -3.00 49.2 75.369 1
16.500 -3.00 59.0 85.188 1
16.500 -3.00 68.8 95.008 1
16.500 -3.00 78.7 104.828 1
16.500 -3.00 88.5 114.648 1
16.500 -3.00 98.3 124.468 1
16.500 -3.00 108.2 134.288 1
16.500 -3.00 118.0 144.108 1
16.500 -2.00 0.0 32.901 1
16.500 -2.00 9.8 42.729 1
16.500 -2.00 19.7 52.556 1
16.500 -2.00 29.5 62.383 1
16.500 -2.00 39.3 72.211 1
16.500 -2.00 49.2 82.038 1
16.500 -2.00 59.0 91.865 1
16.500 -2.00 68.8 101.693 1
16.500 -2.00 78.7 111.520 1
16.500 -2.00 88.5 121.347 1
16.500 -2.00 98.3 131.175 1
16.500 -2.00 108.2 141.002 1
16.500 -2.00 118.0 150.829 1
16.500 -1.00 0.0 39.533 1
16.500 -1.00 9.8 49.365 1
16.500 -1.00 19.7 59.197 1
16.500 -1.00 29.5 69.029 1
16.500 -1.00 39.3 78.861 1
16.500 -1.00 49.2 88.692 1
16.500 -1.00 59.0 98.524 1
16.500 -1.00 68.8 108.356 1
16.500 -1.00 78.7 118.188 1
16.500 -1.00 88.5 128.020 1
16.500 -1.00 98.3 137.852 1
16.500 -1.00 108.2 147.683 1
16.500 -1.00 118.0 157.515 1
16.500 0.00 0.0 46.165 1
16.500 0.00 9.8 55.999 1
16.500 0.00 19.7 65.832 1
16.500 0.00 29.5 75.665 1
16.500 0.00 39.3 85.499 1
16.500 0.00 49.2 95.332 1
16.500 0.00 59.0 105.165 1
16.500 0.00 68.8 114.999 1
16.500 0.00 78.7 124.832 1
16.500 0.00 88.5 134.665 1
16.500 0.00 98.3 144.499 1
16.500 0.00 108.2 154.332 1
16.500 0.00 118.0 164.165 1
16.500 1.00 0.0 50.145 1
16.500 1.00 9.8 59.976 1
16.500 1.00 19.7 69.808 1
16.500 1.00 29.5 79.640 1
16.500 1.00 39.3 89.472 1
16.500 1.00 49.2 99.304 1
16.500 1.00 59.0 109.136 1
16.500 1.00 68.8 118.967 1
16.500 1.00 78.7 128.799 1
16.500 1.00 88.5 138.631 1
16.500 1.00 98.3 148.463 1
16.500 1.00 108.2 158.295 1
16.500 1.00 118.0 168.127 1
16.500 2.00 0.0 54.124 1
16.500 2.00 9.8 63.951 1
16.500 2.00 19.7 73.778 1
16.500 2.00 29.5 83.606 1
16.500 2.00 39.3 93.433 1
16.500 2.00 49.2 103.260 1
16.500 2.00 59.0 113.088 1
16.500 2.00 68.8 122.915 1
16.500 2.00 78.7 132.742 1
16.500 2.00 88.5 142.570 1
16.500 2.00 98.3 152.397 1
16.500 2.00 108.2 162.225 1
16.500 2.00 118.0 172.052 1
16.500 3.00 0.0 58.103 1
16.500 3.00 9.8 67.923 1
16.500 3.00 19.7 77.743 1
16.500 3.00 29.5 87.563 1
16.500 3.00 39.3 97.382 1
16.500 3.00 49.2 107.202 1
16.500 3.00 59.0 117.022 1
16.500 3.00 68.8 126.842 1
16.500 3.00 78.7 136.662 1
16.500 3.00 88.5 146.482 1
16.500 3.00 98.3 156.302 1
16.500 3.00 108.2 166.121 1
16.500 3.00 118.0 175.941 1
16.500 4.00 0.0 62.082 1
16.500 4.00 9.8 71.892 1
16.500 4.00 19.7 81.701 1
16.500 4.00 29.5 91.510 1
16.500 4.00 39.3 101.320 1
16.500 4.00 49.2 111.129 1
16.500 4.00 59.0 120.938 1
16.500 4.00 68.8 130.748 1
16.500 4.00 78.7 140.557 1
16.500 4.00 88.5 150.367 1
16.500 4.00 98.3 160.176 1
16.500 4.00 108.2 169.985 1
16.500 4.00 118.0 179.795 1
16.500 5.00 0.0 66.061 1
16.500 5.00 9.8 75.857 1
16.500 5.00 19.7 85.653 1
16.500 5.00 29.5 95.449 1
16.500 5.00 39.3 105.245 1
16.500 5.00 49.2 115.041 1
16.500 5.00 59.0 124.837 1
16.500 5.00 68.8 134.633 1
16.500 5.00 78.7 144.429 1
16.500 5.00 88.5 154.225 1
16.500 5.00 98.3 164.021 1
16.500 5.00 108.2 173.816 1
16.500 5.00 118.0 183.612 1
17.000 -10.00 0.0 -18.256 0
17.000 -10.00 9.8 -8.572 0
17.000 -10.00 19.7 1.111 0
17.000 -10.00 29.5 10.795 0
17.000 -10.00 39.3 20.479 0
17.000 -10.00 49.2 30.163 1
17.000 -10.00 59.0 39.847 1
17.000 -10.00 68.8 49.531 1
17.000 -10.00 78.7 59.215 1
17.000 -10.00 88.5 68.899 1
17.000 -10.00 98.3 78.583 1
17.000 -10.00 108.2 88.267 1
17.000 -10.00 118.0 97.951 1
17.000 -9.00 0.0 -11.216 0
17.000 -9.00 9.8 -1.504 0
17.000 -9.00 19.7 8.208 0
17.000 -9.00 29.5 17.920 0
17.000 -9.00 39.3 27.633 1
17.000 -9.00 49.2 37.345 1
17.000 -9.00 59.0 47.057 1
17.000 -9.00 68.8 56.770 1
17.000 -9.00 78.7 66.482 1
17.000 -9.00 88.5 76.194 1
17.000 -9.00 98.3 85.906 1
17.000 -9.00 108.2 95.619 1
17.000 -9.00 118.0 105.331 1
17.000 -8.00 0.0 -4.176 0
17.000 -8.00 9.8 5.561 0
17.000 -8.00 19.7 15.299 0
17.000 -8.00 29.5 25.037 1
17.000 -8.00 39.3 34.774 1
17.000 -8.00 49.2 44.512 1
17.000 -8.00 59.0 54.249 1
17.000 -8.00 68.8 63.987 1
17.000 -8.00 78.7 73.725 1
17.000 -8.00 88.5 83.462 1
17.000 -8.00 98.3 93.200 1
17.000 -8.00 108.2 102.938 1
17.000 -8.00 118.0 112.675 1
17.000 -7.00 0.0 2.864 0
17.000 -7.00 9.8 12.624 0
17.000 -7.00 19.7 22.384 0
17.000 -7.00 29.5 32.144 1
17.000 -7.00 39.3 41.904 1
17.000 -7.00 49.2 51.664 1
17.000 -7.00 59.0 61.424 1
17.000 -7.00 68.8 71.184 1
17.000 -7.00 78.7 80.944 1
17.000 -7.00 88.5 90.704 1
17.000 -7.00 98.3 100.464 1
17.000 -7.00 108.2 110.224 1
17.000 -7.00 118.0 119.984 1
17.000 -6.00 0.0 9.904 0
17.000 -6.00 9.8 19.683 0
17.000 -6.00 19.7 29.463 1
17.000 -6.00 29.5 39.242 1
17.000 -6.00 39.3 49.022 1
17.000 -6.00 49.2 58.801 1
17.000 -6.00 59.0 68.581 1
17.000 -6.00 68.8 78.360 1
17.000 -6.00 78.7 88.140 1
17.000 -6.00 88.5 97.919 1
17.000 -6.00 98.3 107.698 1
17.000 -6.00 108.2 117.478 1
17.000 -6.00 118.0 127.257 1
17.000 -5.00 0.0 16.944 0
17.000 -5.00 9.8 26.740 1
17.000 -5.00 19.7 36.536 1
17.000 -5.00 29.5 46.332 1
17.000 -5.00 39.3 56.127 1
17.000 -5.00 49.2 65.923 1
17.000 -5.00 59.0 75.719 1
17.000 -5.00 68.8 85.515 1
17.000 -5.00 78.7 95.311 1
17.000 -5.00 88.5 105.107 1
17.000 -5.00 98.3 114.903 1
17.000 -5.00 108.2 124.699 1
17.000 -5.00 118.0 134.495 1
17.000 -4.00 0.0 23.984 1
17.000 -4.00 9.8 33.793 1
17.000 -4.00 19.7 43.603 1
17.000 -4.00 29.5 53.412 1
17.000 -4.00 39.3 63.221 1
17.000 -4.00 49.2 73.031 1
17.000 -4.00 59.0 82.840 1
17.000 -4.00 68.8 92.650 1
17.000 -4.00 78.7 102.459 1
17.000 -4.00 88.5 112.268 1
17.000 -4.00 98.3 122.078 1
17.000 -4.00 108.2 131.887 1
17.000 -4.00 118.0 141.696 1
17.000 -3.00 0.0 31.024 1
17.000 -3.00 9.8 40.844 1
17.000 -3.00 19.7 50.664 1
17.000 -3.00 29.5 60.484 1
17.000 -3.00 39.3 70.303 1
17.000 -3.00 49.2 80.123 1
17.000 -3.00 59.0 89.943 1
17.000 -3.00 68.8 99.763 1
17.000 -3.00 78.7 109.583 1
17.000 -3.00 88.5 119.403 1
17.000 -3.00 98.3 129.223 1
17.000 -3.00 108.2 139.042 1
17.000 -3.00 118.0 148.862 1
17.000 -2.00 0.0 38.064 1
17.000 -2.00 9.8 47.891 1
17.000 -2.00 19.7 57.719 1
17.000 -2.00 29.5 67.546 1
17.000 -2.00 39.3 77.373 1
17.000 -2.00 49.2 87.201 1
17.000 -2.00 59.0 97.028 1
17.000 -2.00 68.8 106.855 1
17.000 -2.00 78.7 116.683 1
17.000 -2.00 88.5 126.510 1
17.000 -2.00 98.3 136.337 1
17.000 -2.00 108.2 146.165 1
17.000 -2.00 118.0 155.992 1
17.000 -1.00 0.0 45.104 1
17.000 -1.00 9.8 54.936 1
17.000 -1.00 19.7 64.768 1
17.000 -1.00 29.5 74.600 1
17.000 -1.00 39.3 84.431 1
17.000 -1.00 49.2 94.263 1
17.000 -1.00 59.0 104.095 1
17.000 -1.00 68.8 113.927 1
17.000 -1.00 78.7 123.759 1
17.000 -1.00 88.5 133.591 1
17.000 -1.00 98.3 143.422 1
17.000 -1.00 108.2 153.254 1
17.000 -1.00 118.0 163.086 1
17.000 0.00 0.0 52.144 1
17.000 0.00 9.8 61.977 1
17.000 0.00 19.7 71.811 1
17.000 0.00 29.5 81.644 1
17.000 0.00 39.3 91.477 1
17.000 0.00 49.2 101.311 1
17.000 0.00 59.0 111.144 1
17.000 0.00 68.8 120.977 1
17.000 0.00 78.7 130.811 1
17.000 0.00 88.5 140.644 1
17.000 0.00 98.3 150.477 1
17.000 0.00 108.2 160.311 1
17.000 0.00 118.0 170.144 1
17.000 1.00 0.0 56.368 1
17.000 1.00 9.8 66.200 1
17.000 1.00 19.7 76.032 1
17.000 1.00 29.5 85.864 1
17.000 1.00 39.3 95.695 1
17.000 1.00 49.2 105.527 1
17.000 1.00 59.0 115.359 1
17.000 1.00 68.8 125.191 1
17.000 1.00 78.7 135.023 1
17.000 1.00 88.5 144.855 1
17.000 1.00 98.3 154.686 1
17.000 1.00 108.2 164.518 1
17.000 1.00 118.0 174.350 1
17.000 2.00 0.0 60.592 1
17.000 2.00 9.8 70.419 1
17.000 2.00 19.7 80.247 1
17.000 2.00 29.5 90.074 1
17.000 2.00 39.3 99.902 1
17.000 2.00 49.2 109.729 1
17.000 2.00 59.0 119.556 1
17.000 2.00 68.8 129.384 1
17.000 2.00 78.7 139.211 1
17.000 2.00 88.5 149.038 1
17.000 2.00 98.3 158.866 1
17.000 2.00 108.2 168.693 1
17.000 2.00 118.0 178.520 1
17.000 3.00 0.0 64.816 1
17.000 3.00 9.8 74.636 1
17.000 3.00 19.7 84.456 1
17.000 3.00 29.5 94.276 1
17.000 3.00 39.3 104.096 1
17.000 3.00 49.2 113.915 1
17.000 3.00 59.0 123.735 1
17.000 3.00 68.8 133.555 1
17.000 3.00 78.7 143.375 1
17.000 3.00 88.5 153.195 1
17.000 3.00 98.3 163.015 1
17.000 3.00 108.2 172.835 1
17.000 3.00 118.0 182.654 1
17.000 4.00 0.0 69.040 1
17.000 4.00 9.8 78.850 1
17.000 4.00 19.7 88.659 1
17.000 4.00 29.5 98.468 1
17.000 4.00 39.3 108.278 1
17.000 4.00 49.2 118.087 1
17.000 4.00 59.0 127.896 1
17.000 4.00 68.8 137.706 1
17.000 4.00 78.7 147.515 1
17.000 4.00 88.5 157.325 1
17.000 4.00 98.3 167.134 1
17.000 4.00 108.2 176.943 1
17.000 4.00 118.0 186.753 1
17.000 5.00 0.0 73.264 1
17.000 5.00 9.8 83.060 1
17.000 5.00 19.7 92.856 1
17.000 5.00 29.5 102.652 1
17.000 5.00 39.3 112.448 1
17.000 5.00 49.2 122.244 1
17.000 5.00 59.0 132.040 1
17.000 5.00 68.8 141.836 1
17.000 5.00 78.7 151.632 1
17.000 5.00 88.5 161.427 1
17.000 5.00 98.3 171.223 1
17.000 5.00 108.2 181.019 1
17.000 5.00 118.0 190.815 1
17.500 -10.00 0.0 -16.301 0
17.500 -10.00 9.8 -6.617 0
17.500 -10.00 19.7 3.067 0
17.500 -10.00 29.5 12.751 0
17.500 -10.00 39.3 22.434 0
17.500 -10.00 49.2 32.118 1
17.500 -10.00 59.0 41.802 1
17.500 -10.00 68.8 51.486 1
17.500 -10.00 78.7 61.170 1
17.500 -10.00 88.5 70.854 1
17.500 -10.00 98.3 80.538 1
17.500 -10.00 108.2 90.222 1
17.500 -10.00 118.0 99.906 1
17.500 -9.00 0.0 -8.841 0
17.500 -9.00 9.8 0.871 0
17.500 -9.00 19.7 10.584 0
17.500 -9.00 29.5 20.296 0
17.500 -9.00 39.3 30.008 1
17.500 -9.00 49.2 39.720 1
17.500 -9.00 59.0 49.433 1
17.500 -9.00 68.8 59.145 1
17.500 -9.00 78.7 68.857 1
17.500 -9.00 88.5 78.569 1
17.500 -9.00 98.3 88.282 1
17.500 -9.00 108.2 97.994 1
17.500 -9.00 118.0 107.706 1
17.500 -8.00 0.0 -1.381 0
17.500 -8.00 9.8 8.357 0
17.500 -8.00 19.7 18.095 0
17.500 -8.00 29.5 27.832 1
17.500 -8.00 39.3 37.570 1
17.500 -8.00 49.2 47.307 1
17.500 -8.00 59.0 57.045 1
17.500 -8.00 68.8 66.783 1
17.500 -8.00 78.7 76.520 1
17.500 -8.00 88.5 86.258 1
17.500 -8.00 98.3 95.996 1
17.500 -8.00 108.2 105.733 1
17.500 -8.00 118.0 115.471 1
17.500 -7.00 0.0 6.080 0
17.500 -7.00 9.8 15.840 0
17.500 -7.00 19.7 25.600 0
17.500 -7.00 29.5 35.360 1
17.500 -7.00 39.3 45.120 1
17.500 -7.00 49.2 54.880 1
17.500 -7.00 59.0 64.640 1
17.500 -7.00 68.8 74.400 1
17.500 -7.00 78.7 84.160 1
17.500 -7.00 88.5 93.920 1
17.500 -7.00 98.3 103.680 1
17.500 -7.00 108.2 113.440 1
17.500 -7.00 118.0 123.200 1
17.500 -6.00 0.0 13.540 0
17.500 -6.00 9.8 23.319 0
17.500 -6.00 19.7 33.099 1
17.500 -6.00 29.5 42.878 1
17.500 -6.00 39.3 52.658 1
17.500 -6.00 49.2 62.437 1
17.500 -6.00 59.0 72.217 1
17.500 -6.00 68.8 81.996 1
17.500 -6.00 78.7 91.775 1
17.500 -6.00 88.5 101.555 1
17.500 -6.00 98.3 111.334 1
17.500 -6.00 108.2 121.114 1
17.500 -6.00 118.0 130.893 1
17.500 -5.00 0.0 21.000 0
17.500 -5.00 9.8 30.796 1
17.500 -5.00 19.7 40.592 1
17.500 -5.00 29.5 50.388 1
17.500 -5.00 39.3 60.184 1
17.500 -5.00 49.2 69.980 1
17.500 -5.00 59.0 79.776 1
17.500 -5.00 68.8 89.571 1
17.500 -5.00 78.7 99.367 1
17.500 -5.00 88.5 109.163 1
17.500 -5.00 98.3 118.959 1
17.500 -5.00 108.2 128.755 1
17.500 -5.00 118.0 138.551 1
17.500 -4.00 0.0 28.460 1
17.500 -4.00 9.8 38.270 1
17.500 -4.00 19.7 48.079 1
17.500 -4.00 29.5 57.888 1
17.500 -4.00 39.3 67.698 1
17.500 -4.00 49.2 77.507 1
17.500 -4.00 59.0 87.317 1
17.500 -4.00 68.8 97.126 1
17.500 -4.00 78.7 106.935 1
17.500 -4.00 88.5 116.745 1
17.500 -4.00 98.3 126.554 1
17.500 -4.00 108.2 136.363 1
17.500 -4.00 118.0 146.173 1
17.500 -3.00 0.0 35.921 1
17.500 -3.00 9.8 45.740 1
17.500 -3.00 19.7 55.560 1
17.500 -3.00 29.5 65.380 1
17.500 -3.00 39.3 75.200 1
17.500 -3.00 49.2 85.020 1
17.500 -3.00 59.0 94.840 1
17.500 -3.00 68.8 104.660 1
17.500 -3.00 78.7 114.479 1
17.500 -3.00 88.5 124.299 1
17.500 -3.00 98.3 134.119 1
17.500 -3.00 108.2 143.939 1
17.500 -3.00 118.0 153.759 1
17.500 -2.00 0.0 43.381 1
17.500 -2.00 9.8 53.208 1
17.500 -2.00 19.7 63.035 1
17.500 -2.00 29.5 72.863 1
17.500 -2.00 39.3 82.690 1
17.500 -2.00 49.2 92.518 1
17.500 -2.00 59.0 102.345 1
17.500 -2.00 68.8 112.172 1
17.500 -2.00 78.7 122.000 1
17.500 -2.00 88.5 131.827 1
17.500 -2.00 98.3 141.654 1
17.500 -2.00 108.2 151.482 1
17.500 -2.00 118.0 161.309 1
17.500 -1.00 0.0 50.841 1
17.500 -1.00 9.8 60.673 1
17.500 -1.00 19.7 70.505 1
17.500 -1.00 29.5 80.337 1
17.500 -1.00 39.3 90.168 1
17.500 -1.00 49.2 100.000 1
17.500 -1.00 59.0 109.832 1
17.500 -1.00 68.8 119.664 1
17.500 -1.00 78.7 129.496 1
17.500 -1.00 88.5 139.328 1
17.500 -1.00 98.3 149.159 1
17.500 -1.00 108.2 158.991 1
17.500 -1.00 118.0 168.823 1
17.500 0.00 0.0 58.301 1
17.500 0.00 9.8 68.135 1
17.500 0.00 19.7 77.968 1
17.500 0.00 29.5 87.801 1
17.500 0.00 39.3 97.635 1
17.500 0.00 49.2 107.468 1
17.500 0.00 59.0 117.301 1
17.500 0.00 68.8 127.135 1
17.500 0.00 78.7 136.968 1
17.500 0.00 88.5 146.801 1
17.500 0.00 98.3 156.635 1
17.500 0.00 108.2 166.468 1
17.500 0.00 118.0 176.301 1
17.500 1.00 0.0 62.777 1
17.500 1.00 9.8 72.609 1
17.500 1.00 19.7 82.441 1
17.500 1.00 29.5 92.273 1
17.500 1.00 39.3 102.105 1
17.500 1.00 49.2 111.937 1
17.500 1.00 59.0 121.769 1
17.500 1.00 68.8 131.600 1
17.500 1.00 78.7 141.432 1
17.500 1.00 88.5 151.264 1
17.500 1.00 98.3 161.096 1
17.500 1.00 108.2 170.928 1
17.500 1.00 118.0 180.760 1
17.500 2.00 0.0 67.254 1
17.500 2.00 9.8 77.081 1
17.500 2.00 19.7 86.908 1
17.500 2.00 29.5 96.736 1
17.500 2.00 39.3 106.563 1
17.500 2.00 49.2 116.390 1
17.500 2.00 59.0 126.218 1
17.500 2.00 68.8 136.045 1
17.500 2.00 78.7 145.872 1
17.500 2.00 88.5 155.700 1
17.500 2.00 98.3 165.527 1
17.500 2.00 108.2 175.354 1
17.500 2.00 118.0 185.182 1
17.500 3.00 0.0 71.730 1
17.500 3.00 9.8 81.550 1
17.500 3.00 19.7 91.370 1
17.500 3.00 29.5 101.189 1
17.500 3.00 39.3 111.009 1
17.500 3.00 49.2 120.829 1
17.500 3.00 59.0 130.649 1
17.500 3.00 68.8 140.469 1
17.500 3.00 78.7 150.289 1
17.500 3.00 88.5 160.109 1
17.500 3.00 98.3 169.928 1
17.500 3.00 108.2 179.748 1
17.500 3.00 118.0 189.568 1
17.500 4.00 0.0 76.206 1
17.500 4.00 9.8 86.015 1
17.500 4.00 19.7 95.825 1
17.500 4.00 29.5 105.634 1
17.500 4.00 39.3 115.443 1
17.500 4.00 49.2 125.253 1
17.500 4.00 59.0 135.062 1
17.500 4.00 68.8 144.872 1
17.500 4.00 78.7 154.681 1
17.500 4.00 88.5 164.490 1
17.500 4.00 98.3 174.300 1
17.500 4.00 108.2 184.109 1
17.500 4.00 118.0 193.919 1
17.500 5.00 0.0 80.682 1
17.500 5.00 9.8 90.478 1
17.500 5.00 19.7 100.274 1
17.500 5.00 29.5 110.070 1
17.500 5.00 39.3 119.866 1
17.500 5.00 49.2 129.662 1
17.500 5.00 59.0 139.458 1
17.500 5.00 68.8 149.254 1
17.500 5.00 78.7 159.049 1
17.500 5.00 88.5 168.845 1
17.500 5.00 98.3 178.641 1
17.500 5.00 108.2 188.437 1
17.500 5.00 118.0 198.233 1
