V alpha_deg Tr h feas
4.500 -10.00 0.0 -64.413 0
4.500 -10.00 9.8 -54.729 0
4.500 -10.00 19.7 -45.045 0
4.500 -10.00 29.5 -35.361 0
4.500 -10.00 39.3 -25.677 0
4.500 -10.00 49.2 -15.993 0
4.500 -10.00 59.0 -6.309 0
4.500 -10.00 68.8 3.375 0
4.500 -10.00 78.7 13.059 1
4.500 -10.00 88.5 22.743 1
4.500 -10.00 98.3 32.427 1
4.500 -10.00 108.2 42.111 1
4.500 -10.00 118.0 51.794 1
4.500 -9.00 0.0 -63.920 0
4.500 -9.00 9.8 -54.207 0
4.500 -9.00 19.7 -44.495 0
4.500 -9.00 29.5 -34.783 0
4.500 -9.00 39.3 -25.070 0
4.500 -9.00 49.2 -15.358 0
4.500 -9.00 59.0 -5.646 0
4.500 -9.00 68.8 4.066 0
4.500 -9.00 78.7 13.779 1
4.500 -9.00 88.5 23.491 1
4.500 -9.00 98.3 33.203 1
4.500 -9.00 108.2 42.915 1
4.500 -9.00 118.0 52.628 1
4.500 -8.00 0.0 -63.426 0
4.500 -8.00 9.8 -53.689 0
4.500 -8.00 19.7 -43.951 0
4.500 -8.00 29.5 -34.213 0
4.500 -8.00 39.3 -24.476 0
4.500 -8.00 49.2 -14.738 0
4.500 -8.00 59.0 -5.000 0
4.500 -8.00 68.8 4.737 0
4.500 -8.00 78.7 14.475 1
4.500 -8.00 88.5 24.212 1
4.500 -8.00 98.3 33.950 1
4.500 -8.00 108.2 43.688 1
4.500 -8.00 118.0 53.425 1
4.500 -7.00 0.0 -62.933 0
4.500 -7.00 9.8 -53.173 0
4.500 -7.00 19.7 -43.413 0
4.500 -7.00 29.5 -33.653 0
4.500 -7.00 39.3 -23.893 0
4.500 -7.00 49.2 -14.133 0
4.500 -7.00 59.0 -4.373 0
4.500 -7.00 68.8 5.387 0
4.500 -7.00 78.7 15.147 1
4.500 -7.00 88.5 24.907 1
4.500 -7.00 98.3 34.667 1
4.500 -7.00 108.2 44.427 1
4.500 -7.00 118.0 54.187 1
4.500 -6.00 0.0 -62.440 0
4.500 -6.00 9.8 -52.660 0
4.500 -6.00 19.7 -42.881 0
4.500 -6.00 29.5 -33.101 0
4.500 -6.00 39.3 -23.322 0
4.500 -6.00 49.2 -13.542 0
4.500 -6.00 59.0 -3.763 0
4.500 -6.00 68.8 6.017 0
4.500 -6.00 78.7 15.796 1
4.500 -6.00 88.5 25.576 1
4.500 -6.00 98.3 35.355 1
4.500 -6.00 108.2 45.134 1
4.500 -6.00 118.0 54.914 1
4.500 -5.00 0.0 -61.946 0
4.500 -5.00 9.8 -52.150 0
4.500 -5.00 19.7 -42.355 0
4.500 -5.00 29.5 -32.559 0
4.500 -5.00 39.3 -22.763 0
4.500 -5.00 49.2 -12.967 0
4.500 -5.00 59.0 -3.171 0
4.500 -5.00 68.8 6.625 0
4.500 -5.00 78.7 16.421 1
4.500 -5.00 88.5 26.217 1
4.500 -5.00 98.3 36.013 1
4.500 -5.00 108.2 45.809 1
4.500 -5.00 118.0 55.605 1
4.500 -4.00 0.0 -61.453 0
4.500 -4.00 9.8 -51.644 0
4.500 -4.00 19.7 -41.834 0
4.500 -4.00 29.5 -32.025 0
4.500 -4.00 39.3 -22.216 0
4.500 -4.00 49.2 -12.406 0
4.500 -4.00 59.0 -2.597 0
4.500 -4.00 68.8 7.213 0
4.500 -4.00 78.7 17.022 1
4.500 -4.00 88.5 26.831 1
4.500 -4.00 98.3 36.641 1
4.500 -4.00 108.2 46.450 1
4.500 -4.00 118.0 56.259 1
4.500 -3.00 0.0 -60.960 0
4.500 -3.00 9.8 -51.140 0
4.500 -3.00 19.7 -41.320 0
4.500 -3.00 29.5 -31.500 0
4.500 -3.00 39.3 -21.680 0
4.500 -3.00 49.2 -11.861 0
4.500 -3.00 59.0 -2.041 0
4.500 -3.00 68.8 7.779 0
4.500 -3.00 78.7 17.599 1
4.500 -3.00 88.5 27.419 1
4.500 -3.00 98.3 37.239 1
4.500 -3.00 108.2 47.059 1
4.500 -3.00 118.0 56.878 1
4.500 -2.00 0.0 -60.467 0
4.500 -2.00 9.8 -50.639 0
4.500 -2.00 19.7 -40.812 0
4.500 -2.00 29.5 -30.984 0
4.500 -2.00 39.3 -21.157 0
4.500 -2.00 49.2 -11.330 0
4.500 -2.00 59.0 -1.502 0
4.500 -2.00 68.8 8.325 0
4.500 -2.00 78.7 18.152 1
4.500 -2.00 88.5 27.980 1
4.500 -2.00 98.3 37.807 1
4.500 -2.00 108.2 47.634 1
4.500 -2.00 118.0 57.462 1
4.500 -1.00 0.0 -59.973 0
4.500 -1.00 9.8 -50.141 0
4.500 -1.00 19.7 -40.310 0
4.500 -1.00 29.5 -30.478 0
4.500 -1.00 39.3 -20.646 0
4.500 -1.00 49.2 -10.814 0
4.500 -1.00 59.0 -0.982 0
4.500 -1.00 68.8 8.850 0
4.500 -1.00 78.7 18.681 1
4.500 -1.00 88.5 28.513 1
4.500 -1.00 98.3 38.345 1
4.500 -1.00 108.2 48.177 1
4.500 -1.00 118.0 58.009 1
4.500 0.00 0.0 -59.480 0
4.500 0.00 9.8 -49.647 0
4.500 0.00 19.7 -39.813 0
4.500 0.00 29.5 -29.980 0
4.500 0.00 39.3 -20.147 0
4.500 0.00 49.2 -10.313 0
4.500 0.00 59.0 -0.480 0
4.500 0.00 68.8 9.353 1
4.500 0.00 78.7 19.187 1
4.500 0.00 88.5 29.020 1
4.500 0.00 98.3 38.853 1
4.500 0.00 108.2 48.687 1
4.500 0.00 118.0 58.520 1
4.500 1.00 0.0 -59.184 0
4.500 1.00 9.8 -49.352 0
4.500 1.00 19.7 -39.520 0
4.500 1.00 29.5 -29.688 0
4.500 1.00 39.3 -19.857 0
4.500 1.00 49.2 -10.025 0
4.500 1.00 59.0 -0.193 0
4.500 1.00 68.8 9.639 1
4.500 1.00 78.7 19.471 1
4.500 1.00 88.5 29.303 1
4.500 1.00 98.3 39.134 1
4.500 1.00 108.2 48.966 1
4.500 1.00 118.0 58.798 1
4.500 2.00 0.0 -58.888 0
4.500 2.00 9.8 -49.061 0
4.500 2.00 19.7 -39.233 0
4.500 2.00 29.5 -29.406 0
4.500 2.00 39.3 -19.579 0
4.500 2.00 49.2 -9.751 0
4.500 2.00 59.0 0.076 0
4.500 2.00 68.8 9.903 1
4.500 2.00 78.7 19.731 1
4.500 2.00 88.5 29.558 1
4.500 2.00 98.3 39.385 1
4.500 2.00 108.2 49.213 1
4.500 2.00 118.0 59.040 1
4.500 3.00 0.0 -58.592 0
4.500 3.00 9.8 -48.772 0
4.500 3.00 19.7 -38.952 0
4.500 3.00 29.5 -29.132 0
4.500 3.00 39.3 -19.313 0
4.500 3.00 49.2 -9.493 0
4.500 3.00 59.0 0.327 0
4.500 3.00 68.8 10.147 0
4.500 3.00 78.7 19.967 1
4.500 3.00 88.5 29.787 1
4.500 3.00 98.3 39.607 1
4.500 3.00 108.2 49.426 1
4.500 3.00 118.0 59.246 1
4.500 4.00 0.0 -58.296 0
4.500 4.00 9.8 -48.487 0
4.500 4.00 19.7 -38.677 0
4.500 4.00 29.5 -28.868 0
4.500 4.00 39.3 -19.059 0
4.500 4.00 49.2 -9.249 0
4.500 4.00 59.0 0.560 0
4.500 4.00 68.8 10.370 0
4.500 4.00 78.7 20.179 1
4.500 4.00 88.5 29.988 1
4.500 4.00 98.3 39.798 1
4.500 4.00 108.2 49.607 1
4.500 4.00 118.0 59.417 1
4.500 5.00 0.0 -58.000 0
4.500 5.00 9.8 -48.204 0
4.500 5.00 19.7 -38.408 0
4.500 5.00 29.5 -28.612 0
4.500 5.00 39.3 -18.816 0
4.500 5.00 49.2 -9.020 0
4.500 5.00 59.0 0.775 0
4.500 5.00 68.8 10.571 0
4.500 5.00 78.7 20.367 1
4.500 5.00 88.5 30.163 1
4.500 5.00 98.3 39.959 1
4.500 5.00 108.2 49.755 1
4.500 5.00 118.0 59.551 1
5.000 -10.00 0.0 -63.874 0
5.000 -10.00 9.8 -54.191 0
5.000 -10.00 19.7 -44.507 0
5.000 -10.00 29.5 -34.823 0
5.000 -10.00 39.3 -25.139 0
5.000 -10.00 49.2 -15.455 0
5.000 -10.00 59.0 -5.771 0
5.000 -10.00 68.8 3.913 0
5.000 -10.00 78.7 13.597 1
5.000 -10.00 88.5 23.281 1
5.000 -10.00 98.3 32.965 1
5.000 -10.00 108.2 42.649 1
5.000 -10.00 118.0 52.333 1
5.000 -9.00 0.0 -63.265 0
5.000 -9.00 9.8 -53.553 0
5.000 -9.00 19.7 -43.841 0
5.000 -9.00 29.5 -34.129 0
5.000 -9.00 39.3 -24.416 0
5.000 -9.00 49.2 -14.704 0
5.000 -9.00 59.0 -4.992 0
5.000 -9.00 68.8 4.720 0
5.000 -9.00 78.7 14.433 1
5.000 -9.00 88.5 24.145 1
5.000 -9.00 98.3 33.857 1
5.000 -9.00 108.2 43.569 1
5.000 -9.00 118.0 53.282 1
5.000 -8.00 0.0 -62.656 0
5.000 -8.00 9.8 -52.919 0
5.000 -8.00 19.7 -43.181 0
5.000 -8.00 29.5 -33.444 0
5.000 -8.00 39.3 -23.706 0
5.000 -8.00 49.2 -13.968 0
5.000 -8.00 59.0 -4.231 0
5.000 -8.00 68.8 5.507 0
5.000 -8.00 78.7 15.245 1
5.000 -8.00 88.5 24.982 1
5.000 -8.00 98.3 34.720 1
5.000 -8.00 108.2 44.458 1
5.000 -8.00 118.0 54.195 1
5.000 -7.00 0.0 -62.047 0
5.000 -7.00 9.8 -52.287 0
5.000 -7.00 19.7 -42.527 0
5.000 -7.00 29.5 -32.767 0
5.000 -7.00 39.3 -23.007 0
5.000 -7.00 49.2 -13.247 0
5.000 -7.00 59.0 -3.487 0
5.000 -7.00 68.8 6.273 0
5.000 -7.00 78.7 16.033 1
5.000 -7.00 88.5 25.793 1
5.000 -7.00 98.3 35.553 1
5.000 -7.00 108.2 45.313 1
5.000 -7.00 118.0 55.073 1
5.000 -6.00 0.0 -61.438 0
5.000 -6.00 9.8 -51.659 0
5.000 -6.00 19.7 -41.880 0
5.000 -6.00 29.5 -32.100 0
5.000 -6.00 39.3 -22.321 0
5.000 -6.00 49.2 -12.541 0
5.000 -6.00 59.0 -2.762 0
5.000 -6.00 68.8 7.018 0
5.000 -6.00 78.7 16.797 1
5.000 -6.00 88.5 26.577 1
5.000 -6.00 98.3 36.356 1
5.000 -6.00 108.2 46.136 1
5.000 -6.00 118.0 55.915 1
5.000 -5.00 0.0 -60.829 0
5.000 -5.00 9.8 -51.034 0
5.000 -5.00 19.7 -41.238 0
5.000 -5.00 29.5 -31.442 0
5.000 -5.00 39.3 -21.646 0
5.000 -5.00 49.2 -11.850 0
5.000 -5.00 59.0 -2.054 0
5.000 -5.00 68.8 7.742 0
5.000 -5.00 78.7 17.538 1
5.000 -5.00 88.5 27.334 1
5.000 -5.00 98.3 37.130 1
5.000 -5.00 108.2 46.926 1
5.000 -5.00 118.0 56.722 1
5.000 -4.00 0.0 -60.220 0
5.000 -4.00 9.8 -50.411 0
5.000 -4.00 19.7 -40.602 0
5.000 -4.00 29.5 -30.792 0
5.000 -4.00 39.3 -20.983 0
5.000 -4.00 49.2 -11.174 0
5.000 -4.00 59.0 -1.364 0
5.000 -4.00 68.8 8.445 0
5.000 -4.00 78.7 18.255 1
5.000 -4.00 88.5 28.064 1
5.000 -4.00 98.3 37.873 1
5.000 -4.00 108.2 47.683 1
5.000 -4.00 118.0 57.492 1
5.000 -3.00 0.0 -59.611 0
5.000 -3.00 9.8 -49.792 0
5.000 -3.00 19.7 -39.972 0
5.000 -3.00 29.5 -30.152 0
5.000 -3.00 39.3 -20.332 0
5.000 -3.00 49.2 -10.512 0
5.000 -3.00 59.0 -0.692 0
5.000 -3.00 68.8 9.128 0
5.000 -3.00 78.7 18.947 1
5.000 -3.00 88.5 28.767 1
5.000 -3.00 98.3 38.587 1
5.000 -3.00 108.2 48.407 1
5.000 -3.00 118.0 58.227 1
5.000 -2.00 0.0 -59.002 0
5.000 -2.00 9.8 -49.175 0
5.000 -2.00 19.7 -39.348 0
5.000 -2.00 29.5 -29.520 0
5.000 -2.00 39.3 -19.693 0
5.000 -2.00 49.2 -9.866 0
5.000 -2.00 59.0 -0.038 0
5.000 -2.00 68.8 9.789 1
5.000 -2.00 78.7 19.616 1
5.000 -2.00 88.5 29.444 1
5.000 -2.00 98.3 39.271 1
5.000 -2.00 108.2 49.098 1
5.000 -2.00 118.0 58.926 1
5.000 -1.00 0.0 -58.393 0
5.000 -1.00 9.8 -48.562 0
5.000 -1.00 19.7 -38.730 0
5.000 -1.00 29.5 -28.898 0
5.000 -1.00 39.3 -19.066 0
5.000 -1.00 49.2 -9.234 0
5.000 -1.00 59.0 0.598 0
5.000 -1.00 68.8 10.429 1
5.000 -1.00 78.7 20.261 1
5.000 -1.00 88.5 30.093 1
5.000 -1.00 98.3 39.925 1
5.000 -1.00 108.2 49.757 1
5.000 -1.00 118.0 59.589 1
5.000 0.00 0.0 -57.784 0
5.000 0.00 9.8 -47.951 0
5.000 0.00 19.7 -38.118 0
5.000 0.00 29.5 -28.284 0
5.000 0.00 39.3 -18.451 0
5.000 0.00 49.2 -8.618 0
5.000 0.00 59.0 1.216 0
5.000 0.00 68.8 11.049 1
5.000 0.00 78.7 20.882 1
5.000 0.00 88.5 30.716 1
5.000 0.00 98.3 40.549 1
5.000 0.00 108.2 50.382 1
5.000 0.00 118.0 60.216 1
5.000 1.00 0.0 -57.419 0
5.000 1.00 9.8 -47.587 0
5.000 1.00 19.7 -37.755 0
5.000 1.00 29.5 -27.924 0
5.000 1.00 39.3 -18.092 0
5.000 1.00 49.2 -8.260 0
5.000 1.00 59.0 1.572 0
5.000 1.00 68.8 11.404 1
5.000 1.00 78.7 21.236 1
5.000 1.00 88.5 31.067 1
5.000 1.00 98.3 40.899 1
5.000 1.00 108.2 50.731 1
5.000 1.00 118.0 60.563 1
5.000 2.00 0.0 -57.054 0
5.000 2.00 9.8 -47.226 0
5.000 2.00 19.7 -37.399 0
5.000 2.00 29.5 -27.572 0
5.000 2.00 39.3 -17.744 0
5.000 2.00 49.2 -7.917 0
5.000 2.00 59.0 1.910 0
5.000 2.00 68.8 11.738 1
5.000 2.00 78.7 21.565 1
5.000 2.00 88.5 31.392 1
5.000 2.00 98.3 41.220 1
5.000 2.00 108.2 51.047 1
5.000 2.00 118.0 60.874 1
5.000 3.00 0.0 -56.688 0
5.000 3.00 9.8 -46.868 0
5.000 3.00 19.7 -37.049 0
5.000 3.00 29.5 -27.229 0
5.000 3.00 39.3 -17.409 0
5.000 3.00 49.2 -7.589 0
5.000 3.00 59.0 2.231 0
5.000 3.00 68.8 12.051 1
5.000 3.00 78.7 21.871 1
5.000 3.00 88.5 31.690 1
5.000 3.00 98.3 41.510 1
5.000 3.00 108.2 51.330 1
5.000 3.00 118.0 61.150 1
5.000 4.00 0.0 -56.323 0
5.000 4.00 9.8 -46.513 0
5.000 4.00 19.7 -36.704 0
5.000 4.00 29.5 -26.895 0
5.000 4.00 39.3 -17.085 0
5.000 4.00 49.2 -7.276 0
5.000 4.00 59.0 2.533 0
5.000 4.00 68.8 12.343 0
5.000 4.00 78.7 22.152 1
5.000 4.00 88.5 31.962 1
5.000 4.00 98.3 41.771 1
5.000 4.00 108.2 51.580 1
5.000 4.00 118.0 61.390 1
5.000 5.00 0.0 -55.957 0
5.000 5.00 9.8 -46.162 0
5.000 5.00 19.7 -36.366 0
5.000 5.00 29.5 -26.570 0
5.000 5.00 39.3 -16.774 0
5.000 5.00 49.2 -6.978 0
5.000 5.00 59.0 2.818 0
5.000 5.00 68.8 12.614 0
5.000 5.00 78.7 22.410 1
5.000 5.00 88.5 32.206 1
5.000 5.00 98.3 42.002 1
5.000 5.00 108.2 51.798 1
5.000 5.00 118.0 61.594 1
5.500 -10.00 0.0 -63.279 0
5.500 -10.00 9.8 -53.595 0
5.500 -10.00 19.7 -43.912 0
5.500 -10.00 29.5 -34.228 0
5.500 -10.00 39.3 -24.544 0
5.500 -10.00 49.2 -14.860 0
5.500 -10.00 59.0 -5.176 0
5.500 -10.00 68.8 4.508 0
5.500 -10.00 78.7 14.192 1
5.500 -10.00 88.5 23.876 1
5.500 -10.00 98.3 33.560 1
5.500 -10.00 108.2 43.244 1
5.500 -10.00 118.0 52.928 1
5.500 -9.00 0.0 -62.543 0
5.500 -9.00 9.8 -52.830 0
5.500 -9.00 19.7 -43.118 0
5.500 -9.00 29.5 -33.406 0
5.500 -9.00 39.3 -23.693 0
5.500 -9.00 49.2 -13.981 0
5.500 -9.00 59.0 -4.269 0
5.500 -9.00 68.8 5.443 0
5.500 -9.00 78.7 15.156 1
5.500 -9.00 88.5 24.868 1
5.500 -9.00 98.3 34.580 1
5.500 -9.00 108.2 44.292 1
5.500 -9.00 118.0 54.005 1
5.500 -8.00 0.0 -61.806 0
5.500 -8.00 9.8 -52.068 0
5.500 -8.00 19.7 -42.330 0
5.500 -8.00 29.5 -32.593 0
5.500 -8.00 39.3 -22.855 0
5.500 -8.00 49.2 -13.117 0
5.500 -8.00 59.0 -3.380 0
5.500 -8.00 68.8 6.358 0
5.500 -8.00 78.7 16.095 1
5.500 -8.00 88.5 25.833 1
5.500 -8.00 98.3 35.571 1
5.500 -8.00 108.2 45.308 1
5.500 -8.00 118.0 55.046 1
5.500 -7.00 0.0 -61.069 0
5.500 -7.00 9.8 -51.309 0
5.500 -7.00 19.7 -41.549 0
5.500 -7.00 29.5 -31.789 0
5.500 -7.00 39.3 -22.029 0
5.500 -7.00 49.2 -12.269 0
5.500 -7.00 59.0 -2.509 0
5.500 -7.00 68.8 7.252 0
5.500 -7.00 78.7 17.012 1
5.500 -7.00 88.5 26.772 1
5.500 -7.00 98.3 36.532 1
5.500 -7.00 108.2 46.292 1
5.500 -7.00 118.0 56.052 1
5.500 -6.00 0.0 -60.332 0
5.500 -6.00 9.8 -50.552 0
5.500 -6.00 19.7 -40.773 0
5.500 -6.00 29.5 -30.993 0
5.500 -6.00 39.3 -21.214 0
5.500 -6.00 49.2 -11.435 0
5.500 -6.00 59.0 -1.655 0
5.500 -6.00 68.8 8.124 0
5.500 -6.00 78.7 17.904 1
5.500 -6.00 88.5 27.683 1
5.500 -6.00 98.3 37.463 1
5.500 -6.00 108.2 47.242 1
5.500 -6.00 118.0 57.022 1
5.500 -5.00 0.0 -59.595 0
5.500 -5.00 9.8 -49.799 0
5.500 -5.00 19.7 -40.003 0
5.500 -5.00 29.5 -30.207 0
5.500 -5.00 39.3 -20.411 0
5.500 -5.00 49.2 -10.615 0
5.500 -5.00 59.0 -0.819 0
5.500 -5.00 68.8 8.976 0
5.500 -5.00 78.7 18.772 1
5.500 -5.00 88.5 28.568 1
5.500 -5.00 98.3 38.364 1
5.500 -5.00 108.2 48.160 1
5.500 -5.00 118.0 57.956 1
5.500 -4.00 0.0 -58.858 0
5.500 -4.00 9.8 -49.049 0
5.500 -4.00 19.7 -39.239 0
5.500 -4.00 29.5 -29.430 0
5.500 -4.00 39.3 -19.621 0
5.500 -4.00 49.2 -9.811 0
5.500 -4.00 59.0 -0.002 0
5.500 -4.00 68.8 9.808 1
5.500 -4.00 78.7 19.617 1
5.500 -4.00 88.5 29.426 1
5.500 -4.00 98.3 39.236 1
5.500 -4.00 108.2 49.045 1
5.500 -4.00 118.0 58.854 1
5.500 -3.00 0.0 -58.121 0
5.500 -3.00 9.8 -48.301 0
5.500 -3.00 19.7 -38.481 0
5.500 -3.00 29.5 -28.662 0
5.500 -3.00 39.3 -18.842 0
5.500 -3.00 49.2 -9.022 0
5.500 -3.00 59.0 0.798 0
5.500 -3.00 68.8 10.618 1
5.500 -3.00 78.7 20.438 1
5.500 -3.00 88.5 30.258 1
5.500 -3.00 98.3 40.077 1
5.500 -3.00 108.2 49.897 1
5.500 -3.00 118.0 59.717 1
5.500 -2.00 0.0 -57.384 0
5.500 -2.00 9.8 -47.557 0
5.500 -2.00 19.7 -37.730 0
5.500 -2.00 29.5 -27.902 0
5.500 -2.00 39.3 -18.075 0
5.500 -2.00 49.2 -8.248 0
5.500 -2.00 59.0 1.580 0
5.500 -2.00 68.8 11.407 1
5.500 -2.00 78.7 21.234 1
5.500 -2.00 88.5 31.062 1
5.500 -2.00 98.3 40.889 1
5.500 -2.00 108.2 50.716 1
5.500 -2.00 118.0 60.544 1
5.500 -1.00 0.0 -56.647 0
5.500 -1.00 9.8 -46.816 0
5.500 -1.00 19.7 -36.984 0
5.500 -1.00 29.5 -27.152 0
5.500 -1.00 39.3 -17.320 0
5.500 -1.00 49.2 -7.488 0
5.500 -1.00 59.0 2.344 0
5.500 -1.00 68.8 12.175 1
5.500 -1.00 78.7 22.007 1
5.500 -1.00 88.5 31.839 1
5.500 -1.00 98.3 41.671 1
5.500 -1.00 108.2 51.503 1
5.500 -1.00 118.0 61.335 1
5.500 0.00 0.0 -55.911 0
5.500 0.00 9.8 -46.077 0
5.500 0.00 19.7 -36.244 0
5.500 0.00 29.5 -26.411 0
5.500 0.00 39.3 -16.577 0
5.500 0.00 49.2 -6.744 0
5.500 0.00 59.0 3.089 0
5.500 0.00 68.8 12.923 1
5.500 0.00 78.7 22.756 1
5.500 0.00 88.5 32.589 1
5.500 0.00 98.3 42.423 1
5.500 0.00 108.2 52.256 1
5.500 0.00 118.0 62.089 1
5.500 1.00 0.0 -55.468 0
5.500 1.00 9.8 -45.637 0
5.500 1.00 19.7 -35.805 0
5.500 1.00 29.5 -25.973 0
5.500 1.00 39.3 -16.141 0
5.500 1.00 49.2 -6.309 0
5.500 1.00 59.0 3.523 0
5.500 1.00 68.8 13.354 1
5.500 1.00 78.7 23.186 1
5.500 1.00 88.5 33.018 1
5.500 1.00 98.3 42.850 1
5.500 1.00 108.2 52.682 1
5.500 1.00 118.0 62.514 1
5.500 2.00 0.0 -55.026 0
5.500 2.00 9.8 -45.199 0
5.500 2.00 19.7 -35.372 0
5.500 2.00 29.5 -25.544 0
5.500 2.00 39.3 -15.717 0
5.500 2.00 49.2 -5.890 0
5.500 2.00 59.0 3.938 0
5.500 2.00 68.8 13.765 1
5.500 2.00 78.7 23.592 1
5.500 2.00 88.5 33.420 1
5.500 2.00 98.3 43.247 1
5.500 2.00 108.2 53.075 1
5.500 2.00 118.0 62.902 1
5.500 3.00 0.0 -54.584 0
5.500 3.00 9.8 -44.764 0
5.500 3.00 19.7 -34.944 0
5.500 3.00 29.5 -25.125 0
5.500 3.00 39.3 -15.305 0
5.500 3.00 49.2 -5.485 0
5.500 3.00 59.0 4.335 0
5.500 3.00 68.8 14.155 1
5.500 3.00 78.7 23.975 1
5.500 3.00 88.5 33.795 1
5.500 3.00 98.3 43.614 1
5.500 3.00 108.2 53.434 1
5.500 3.00 118.0 63.254 1
5.500 4.00 0.0 -54.142 0
5.500 4.00 9.8 -44.333 0
5.500 4.00 19.7 -34.523 0
5.500 4.00 29.5 -24.714 0
5.500 4.00 39.3 -14.904 0
5.500 4.00 49.2 -5.095 0
5.500 4.00 59.0 4.714 0
5.500 4.00 68.8 14.524 1
5.500 4.00 78.7 24.333 1
5.500 4.00 88.5 34.142 1
5.500 4.00 98.3 43.952 1
5.500 4.00 108.2 53.761 1
5.500 4.00 118.0 63.571 1
5.500 5.00 0.0 -53.700 0
5.500 5.00 9.8 -43.904 0
5.500 5.00 19.7 -34.108 0
5.500 5.00 29.5 -24.312 0
5.500 5.00 39.3 -14.516 0
5.500 5.00 49.2 -4.720 0
5.500 5.00 59.0 5.076 0
5.500 5.00 68.8 14.872 0
5.500 5.00 78.7 24.667 1
5.500 5.00 88.5 34.463 1
5.500 5.00 98.3 44.259 1
5.500 5.00 108.2 54.055 1
5.500 5.00 118.0 63.851 1
6.000 -10.00 0.0 -62.628 0
6.000 -10.00 9.8 -52.944 0
6.000 -10.00 19.7 -43.260 0
6.000 -10.00 29.5 -33.576 0
6.000 -10.00 39.3 -23.892 0
6.000 -10.00 49.2 -14.208 0
6.000 -10.00 59.0 -4.524 0
6.000 -10.00 68.8 5.160 0
6.000 -10.00 78.7 14.844 1
6.000 -10.00 88.5 24.528 1
6.000 -10.00 98.3 34.212 1
6.000 -10.00 108.2 43.896 1
6.000 -10.00 118.0 53.580 1
6.000 -9.00 0.0 -61.751 0
6.000 -9.00 9.8 -52.038 0
6.000 -9.00 19.7 -42.326 0
6.000 -9.00 29.5 -32.614 0
6.000 -9.00 39.3 -22.902 0
6.000 -9.00 49.2 -13.189 0
6.000 -9.00 59.0 -3.477 0
6.000 -9.00 68.8 6.235 0
6.000 -9.00 78.7 15.947 1
6.000 -9.00 88.5 25.660 1
6.000 -9.00 98.3 35.372 1
6.000 -9.00 108.2 45.084 1
6.000 -9.00 118.0 54.796 1
6.000 -8.00 0.0 -60.874 0
6.000 -8.00 9.8 -51.136 0
6.000 -8.00 19.7 -41.399 0
6.000 -8.00 29.5 -31.661 0
6.000 -8.00 39.3 -21.923 0
6.000 -8.00 49.2 -12.186 0
6.000 -8.00 59.0 -2.448 0
6.000 -8.00 68.8 7.290 0
6.000 -8.00 78.7 17.027 1
6.000 -8.00 88.5 26.765 1
6.000 -8.00 98.3 36.503 1
6.000 -8.00 108.2 46.240 1
6.000 -8.00 118.0 55.978 1
6.000 -7.00 0.0 -59.997 0
6.000 -7.00 9.8 -50.237 0
6.000 -7.00 19.7 -40.477 0
6.000 -7.00 29.5 -30.717 0
6.000 -7.00 39.3 -20.957 0
6.000 -7.00 49.2 -11.197 0
6.000 -7.00 59.0 -1.437 0
6.000 -7.00 68.8 8.323 0
6.000 -7.00 78.7 18.083 1
6.000 -7.00 88.5 27.843 1
6.000 -7.00 98.3 37.604 1
6.000 -7.00 108.2 47.364 1
6.000 -7.00 118.0 57.124 1
6.000 -6.00 0.0 -59.120 0
6.000 -6.00 9.8 -49.340 0
6.000 -6.00 19.7 -39.561 0
6.000 -6.00 29.5 -29.781 0
6.000 -6.00 39.3 -20.002 0
6.000 -6.00 49.2 -10.223 0
6.000 -6.00 59.0 -0.443 0
6.000 -6.00 68.8 9.336 0
6.000 -6.00 78.7 19.116 1
6.000 -6.00 88.5 28.895 1
6.000 -6.00 98.3 38.675 1
6.000 -6.00 108.2 48.454 1
6.000 -6.00 118.0 58.234 1
6.000 -5.00 0.0 -58.243 0
6.000 -5.00 9.8 -48.447 0
6.000 -5.00 19.7 -38.651 0
6.000 -5.00 29.5 -28.855 0
6.000 -5.00 39.3 -19.059 0
6.000 -5.00 49.2 -9.263 0
6.000 -5.00 59.0 0.533 0
6.000 -5.00 68.8 10.328 1
6.000 -5.00 78.7 20.124 1
6.000 -5.00 88.5 29.920 1
6.000 -5.00 98.3 39.716 1
6.000 -5.00 108.2 49.512 1
6.000 -5.00 118.0 59.308 1
6.000 -4.00 0.0 -57.366 0
6.000 -4.00 9.8 -47.557 0
6.000 -4.00 19.7 -37.747 0
6.000 -4.00 29.5 -27.938 0
6.000 -4.00 39.3 -18.128 0
6.000 -4.00 49.2 -8.319 0
6.000 -4.00 59.0 1.490 0
6.000 -4.00 68.8 11.300 1
6.000 -4.00 78.7 21.109 1
6.000 -4.00 88.5 30.918 1
6.000 -4.00 98.3 40.728 1
6.000 -4.00 108.2 50.537 1
6.000 -4.00 118.0 60.347 1
6.000 -3.00 0.0 -56.489 0
6.000 -3.00 9.8 -46.669 0
6.000 -3.00 19.7 -36.849 0
6.000 -3.00 29.5 -27.029 0
6.000 -3.00 39.3 -17.210 0
6.000 -3.00 49.2 -7.390 0
6.000 -3.00 59.0 2.430 0
6.000 -3.00 68.8 12.250 1
6.000 -3.00 78.7 22.070 1
6.000 -3.00 88.5 31.890 1
6.000 -3.00 98.3 41.710 1
6.000 -3.00 108.2 51.529 1
6.000 -3.00 118.0 61.349 1
6.000 -2.00 0.0 -55.612 0
6.000 -2.00 9.8 -45.785 0
6.000 -2.00 19.7 -35.957 0
6.000 -2.00 29.5 -26.130 0
6.000 -2.00 39.3 -16.303 0
6.000 -2.00 49.2 -6.475 0
6.000 -2.00 59.0 3.352 0
6.000 -2.00 68.8 13.179 1
6.000 -2.00 78.7 23.007 1
6.000 -2.00 88.5 32.834 1
6.000 -2.00 98.3 42.661 1
6.000 -2.00 108.2 52.489 1
6.000 -2.00 118.0 62.316 1
6.000 -1.00 0.0 -54.735 0
6.000 -1.00 9.8 -44.903 0
6.000 -1.00 19.7 -35.071 0
6.000 -1.00 29.5 -25.240 0
6.000 -1.00 39.3 -15.408 0
6.000 -1.00 49.2 -5.576 0
6.000 -1.00 59.0 4.256 0
6.000 -1.00 68.8 14.088 1
6.000 -1.00 78.7 23.920 1
6.000 -1.00 88.5 33.751 1
6.000 -1.00 98.3 43.583 1
6.000 -1.00 108.2 53.415 1
6.000 -1.00 118.0 63.247 1
6.000 0.00 0.0 -53.858 0
6.000 0.00 9.8 -44.025 0
6.000 0.00 19.7 -34.191 0
6.000 0.00 29.5 -24.358 0
6.000 0.00 39.3 -14.525 0
6.000 0.00 49.2 -4.691 0
6.000 0.00 59.0 5.142 0
6.000 0.00 68.8 14.975 1
6.000 0.00 78.7 24.809 1
6.000 0.00 88.5 34.642 1
6.000 0.00 98.3 44.475 1
6.000 0.00 108.2 54.309 1
6.000 0.00 118.0 64.142 1
6.000 1.00 0.0 -53.332 0
6.000 1.00 9.8 -43.500 0
6.000 1.00 19.7 -33.668 0
6.000 1.00 29.5 -23.836 0
6.000 1.00 39.3 -14.005 0
6.000 1.00 49.2 -4.173 0
6.000 1.00 59.0 5.659 0
6.000 1.00 68.8 15.491 1
6.000 1.00 78.7 25.323 1
6.000 1.00 88.5 35.155 1
6.000 1.00 98.3 44.986 1
6.000 1.00 108.2 54.818 1
6.000 1.00 118.0 64.650 1
6.000 2.00 0.0 -52.806 0
6.000 2.00 9.8 -42.978 0
6.000 2.00 19.7 -33.151 0
6.000 2.00 29.5 -23.324 0
6.000 2.00 39.3 -13.496 0
6.000 2.00 49.2 -3.669 0
6.000 2.00 59.0 6.158 0
6.000 2.00 68.8 15.986 1
6.000 2.00 78.7 25.813 1
6.000 2.00 88.5 35.640 1
6.000 2.00 98.3 45.468 1
6.000 2.00 108.2 55.295 1
6.000 2.00 118.0 65.122 1
6.000 3.00 0.0 -52.280 0
6.000 3.00 9.8 -42.460 0
6.000 3.00 19.7 -32.640 0
6.000 3.00 29.5 -22.820 0
6.000 3.00 39.3 -13.000 0
6.000 3.00 49.2 -3.180 0
6.000 3.00 59.0 6.640 0
6.000 3.00 68.8 16.459 1
6.000 3.00 78.7 26.279 1
6.000 3.00 88.5 36.099 1
6.000 3.00 98.3 45.919 1
6.000 3.00 108.2 55.739 1
6.000 3.00 118.0 65.559 1
6.000 4.00 0.0 -51.753 0
6.000 4.00 9.8 -41.944 0
6.000 4.00 19.7 -32.135 0
6.000 4.00 29.5 -22.325 0
6.000 4.00 39.3 -12.516 0
6.000 4.00 49.2 -2.706 0
6.000 4.00 59.0 7.103 0
6.000 4.00 68.8 16.912 1
6.000 4.00 78.7 26.722 1
6.000 4.00 88.5 36.531 1
6.000 4.00 98.3 46.340 1
6.000 4.00 108.2 56.150 1
6.000 4.00 118.0 65.959 1
6.000 5.00 0.0 -51.227 0
6.000 5.00 9.8 -41.431 0
6.000 5.00 19.7 -31.635 0
6.000 5.00 29.5 -21.839 0
6.000 5.00 39.3 -12.044 0
6.000 5.00 49.2 -2.248 0
6.000 5.00 59.0 7.548 0
6.000 5.00 68.8 17.344 1
6.000 5.00 78.7 27.140 1
6.000 5.00 88.5 36.936 1
6.000 5.00 98.3 46.732 1
6.000 5.00 108.2 56.528 1
6.000 5.00 118.0 66.324 1
6.500 -10.00 0.0 -61.919 0
6.500 -10.00 9.8 -52.235 0
6.500 -10.00 19.7 -42.551 0
6.500 -10.00 29.5 -32.868 0
6.500 -10.00 39.3 -23.184 0
6.500 -10.00 49.2 -13.500 0
6.500 -10.00 59.0 -3.816 0
6.500 -10.00 68.8 5.868 0
6.500 -10.00 78.7 15.552 1
6.500 -10.00 88.5 25.236 1
6.500 -10.00 98.3 34.920 1
6.500 -10.00 108.2 44.604 1
6.500 -10.00 118.0 54.288 1
6.500 -9.00 0.0 -60.890 0
6.500 -9.00 9.8 -51.178 0
6.500 -9.00 19.7 -41.466 0
6.500 -9.00 29.5 -31.753 0
6.500 -9.00 39.3 -22.041 0
6.500 -9.00 49.2 -12.329 0
6.500 -9.00 59.0 -2.617 0
6.500 -9.00 68.8 7.096 0
6.500 -9.00 78.7 16.808 1
6.500 -9.00 88.5 26.520 1
6.500 -9.00 98.3 36.233 1
6.500 -9.00 108.2 45.945 1
6.500 -9.00 118.0 55.657 1
6.500 -8.00 0.0 -59.861 0
6.500 -8.00 9.8 -50.123 0
6.500 -8.00 19.7 -40.386 0
6.500 -8.00 29.5 -30.648 0
6.500 -8.00 39.3 -20.910 0
6.500 -8.00 49.2 -11.173 0
6.500 -8.00 59.0 -1.435 0
6.500 -8.00 68.8 8.303 0
6.500 -8.00 78.7 18.040 1
6.500 -8.00 88.5 27.778 1
6.500 -8.00 98.3 37.515 1
6.500 -8.00 108.2 47.253 1
6.500 -8.00 118.0 56.991 1
6.500 -7.00 0.0 -58.832 0
6.500 -7.00 9.8 -49.072 0
6.500 -7.00 19.7 -39.312 0
6.500 -7.00 29.5 -29.552 0
6.500 -7.00 39.3 -19.792 0
6.500 -7.00 49.2 -10.032 0
6.500 -7.00 59.0 -0.271 0
6.500 -7.00 68.8 9.489 0
6.500 -7.00 78.7 19.249 1
6.500 -7.00 88.5 29.009 1
6.500 -7.00 98.3 38.769 1
6.500 -7.00 108.2 48.529 1
6.500 -7.00 118.0 58.289 1
6.500 -6.00 0.0 -57.802 0
6.500 -6.00 9.8 -48.023 0
6.500 -6.00 19.7 -38.244 0
6.500 -6.00 29.5 -28.464 0
6.500 -6.00 39.3 -18.685 0
6.500 -6.00 49.2 -8.905 0
6.500 -6.00 59.0 0.874 0
6.500 -6.00 68.8 10.654 1
6.500 -6.00 78.7 20.433 1
6.500 -6.00 88.5 30.213 1
6.500 -6.00 98.3 39.992 1
6.500 -6.00 108.2 49.772 1
6.500 -6.00 118.0 59.551 1
6.500 -5.00 0.0 -56.773 0
6.500 -5.00 9.8 -46.977 0
6.500 -5.00 19.7 -37.181 0
6.500 -5.00 29.5 -27.386 0
6.500 -5.00 39.3 -17.590 0
6.500 -5.00 49.2 -7.794 0
6.500 -5.00 59.0 2.002 0
6.500 -5.00 68.8 11.798 1
6.500 -5.00 78.7 21.594 1
6.500 -5.00 88.5 31.390 1
6.500 -5.00 98.3 41.186 1
6.500 -5.00 108.2 50.982 1
6.500 -5.00 118.0 60.778 1
6.500 -4.00 0.0 -55.744 0
6.500 -4.00 9.8 -45.935 0
6.500 -4.00 19.7 -36.125 0
6.500 -4.00 29.5 -26.316 0
6.500 -4.00 39.3 -16.507 0
6.500 -4.00 49.2 -6.697 0
6.500 -4.00 59.0 3.112 0
6.500 -4.00 68.8 12.922 1
6.500 -4.00 78.7 22.731 1
6.500 -4.00 88.5 32.540 1
6.500 -4.00 98.3 42.350 1
6.500 -4.00 108.2 52.159 1
6.500 -4.00 118.0 61.968 1
6.500 -3.00 0.0 -54.715 0
6.500 -3.00 9.8 -44.895 0
6.500 -3.00 19.7 -35.075 0
6.500 -3.00 29.5 -25.255 0
6.500 -3.00 39.3 -15.435 0
6.500 -3.00 49.2 -5.616 0
6.500 -3.00 59.0 4.204 0
6.500 -3.00 68.8 14.024 1
6.500 -3.00 78.7 23.844 1
6.500 -3.00 88.5 33.664 1
6.500 -3.00 98.3 43.484 1
6.500 -3.00 108.2 53.304 1
6.500 -3.00 118.0 63.123 1
6.500 -2.00 0.0 -53.686 0
6.500 -2.00 9.8 -43.858 0
6.500 -2.00 19.7 -34.031 0
6.500 -2.00 29.5 -24.204 0
6.500 -2.00 39.3 -14.376 0
6.500 -2.00 49.2 -4.549 0
6.500 -2.00 59.0 5.278 0
6.500 -2.00 68.8 15.106 1
6.500 -2.00 78.7 24.933 1
6.500 -2.00 88.5 34.760 1
6.500 -2.00 98.3 44.588 1
6.500 -2.00 108.2 54.415 1
6.500 -2.00 118.0 64.242 1
6.500 -1.00 0.0 -52.656 0
6.500 -1.00 9.8 -42.825 0
6.500 -1.00 19.7 -32.993 0
6.500 -1.00 29.5 -23.161 0
6.500 -1.00 39.3 -13.329 0
6.500 -1.00 49.2 -3.497 0
6.500 -1.00 59.0 6.335 0
6.500 -1.00 68.8 16.166 1
6.500 -1.00 78.7 25.998 1
6.500 -1.00 88.5 35.830 1
6.500 -1.00 98.3 45.662 1
6.500 -1.00 108.2 55.494 1
6.500 -1.00 118.0 65.326 1
6.500 0.00 0.0 -51.627 0
6.500 0.00 9.8 -41.794 0
6.500 0.00 19.7 -31.961 0
6.500 0.00 29.5 -22.127 0
6.500 0.00 39.3 -12.294 0
6.500 0.00 49.2 -2.461 0
6.500 0.00 59.0 7.373 0
6.500 0.00 68.8 17.206 1
6.500 0.00 78.7 27.039 1
6.500 0.00 88.5 36.873 1
6.500 0.00 98.3 46.706 1
6.500 0.00 108.2 56.539 1
6.500 0.00 118.0 66.373 1
6.500 1.00 0.0 -51.010 0
6.500 1.00 9.8 -41.178 0
6.500 1.00 19.7 -31.346 0
6.500 1.00 29.5 -21.514 0
6.500 1.00 39.3 -11.682 0
6.500 1.00 49.2 -1.851 0
6.500 1.00 59.0 7.981 0
6.500 1.00 68.8 17.813 1
6.500 1.00 78.7 27.645 1
6.500 1.00 88.5 37.477 1
6.500 1.00 98.3 47.309 1
6.500 1.00 108.2 57.140 1
6.500 1.00 118.0 66.972 1
6.500 2.00 0.0 -50.392 0
6.500 2.00 9.8 -40.565 0
6.500 2.00 19.7 -30.737 0
6.500 2.00 29.5 -20.910 0
6.500 2.00 39.3 -11.083 0
6.500 2.00 49.2 -1.255 0
6.500 2.00 59.0 8.572 0
6.500 2.00 68.8 18.399 1
6.500 2.00 78.7 28.227 1
6.500 2.00 88.5 38.054 1
6.500 2.00 98.3 47.881 1
6.500 2.00 108.2 57.709 1
6.500 2.00 118.0 67.536 1
6.500 3.00 0.0 -49.775 0
6.500 3.00 9.8 -39.955 0
6.500 3.00 19.7 -30.135 0
6.500 3.00 29.5 -20.315 0
6.500 3.00 39.3 -10.495 0
6.500 3.00 49.2 -0.675 0
6.500 3.00 59.0 9.145 1
6.500 3.00 68.8 18.964 1
6.500 3.00 78.7 28.784 1
6.500 3.00 88.5 38.604 1
6.500 3.00 98.3 48.424 1
6.500 3.00 108.2 58.244 1
6.500 3.00 118.0 68.064 1
6.500 4.00 0.0 -49.157 0
6.500 4.00 9.8 -39.348 0
6.500 4.00 19.7 -29.538 0
6.500 4.00 29.5 -19.729 0
6.500 4.00 39.3 -9.920 0
6.500 4.00 49.2 -0.110 0
6.500 4.00 59.0 9.699 0
6.500 4.00 68.8 19.509 1
6.500 4.00 78.7 29.318 1
6.500 4.00 88.5 39.127 1
6.500 4.00 98.3 48.937 1
6.500 4.00 108.2 58.746 1
6.500 4.00 118.0 68.555 1
6.500 5.00 0.0 -48.540 0
6.500 5.00 9.8 -38.744 0
6.500 5.00 19.7 -28.948 0
6.500 5.00 29.5 -19.152 0
6.500 5.00 39.3 -9.356 0
6.500 5.00 49.2 0.440 0
6.500 5.00 59.0 10.236 0
6.500 5.00 68.8 20.032 1
6.500 5.00 78.7 29.828 1
6.500 5.00 88.5 39.624 1
6.500 5.00 98.3 49.420 1
6.500 5.00 108.2 59.215 1
6.500 5.00 118.0 69.011 1
7.000 -10.00 0.0 -61.154 0
7.000 -10.00 9.8 -51.470 0
7.000 -10.00 19.7 -41.786 0
7.000 -10.00 29.5 -32.102 0
7.000 -10.00 39.3 -22.419 0
7.000 -10.00 49.2 -12.735 0
7.000 -10.00 59.0 -3.051 0
7.000 -10.00 68.8 6.633 0
7.000 -10.00 78.7 16.317 1
7.000 -10.00 88.5 26.001 1
7.000 -10.00 98.3 35.685 1
7.000 -10.00 108.2 45.369 1
7.000 -10.00 118.0 55.053 1
7.000 -9.00 0.0 -59.961 0
7.000 -9.00 9.8 -50.248 0
7.000 -9.00 19.7 -40.536 0
7.000 -9.00 29.5 -30.824 0
7.000 -9.00 39.3 -21.112 0
7.000 -9.00 49.2 -11.399 0
7.000 -9.00 59.0 -1.687 0
7.000 -9.00 68.8 8.025 0
7.000 -9.00 78.7 17.738 1
7.000 -9.00 88.5 27.450 1
7.000 -9.00 98.3 37.162 1
7.000 -9.00 108.2 46.874 1
7.000 -9.00 118.0 56.587 1
7.000 -8.00 0.0 -58.767 0
7.000 -8.00 9.8 -49.029 0
7.000 -8.00 19.7 -39.292 0
7.000 -8.00 29.5 -29.554 0
7.000 -8.00 39.3 -19.816 0
7.000 -8.00 49.2 -10.079 0
7.000 -8.00 59.0 -0.341 0
7.000 -8.00 68.8 9.396 0
7.000 -8.00 78.7 19.134 1
7.000 -8.00 88.5 28.872 1
7.000 -8.00 98.3 38.609 1
7.000 -8.00 108.2 48.347 1
7.000 -8.00 118.0 58.085 1
7.000 -7.00 0.0 -57.573 0
7.000 -7.00 9.8 -47.813 0
7.000 -7.00 19.7 -38.053 0
7.000 -7.00 29.5 -28.293 0
7.000 -7.00 39.3 -18.533 0
7.000 -7.00 49.2 -8.773 0
7.000 -7.00 59.0 0.987 0
7.000 -7.00 68.8 10.747 1
7.000 -7.00 78.7 20.507 1
7.000 -7.00 88.5 30.267 1
7.000 -7.00 98.3 40.027 1
7.000 -7.00 108.2 49.787 1
7.000 -7.00 118.0 59.547 1
7.000 -6.00 0.0 -56.380 0
7.000 -6.00 9.8 -46.600 0
7.000 -6.00 19.7 -36.821 0
7.000 -6.00 29.5 -27.041 0
7.000 -6.00 39.3 -17.262 0
7.000 -6.00 49.2 -7.482 0
7.000 -6.00 59.0 2.297 0
7.000 -6.00 68.8 12.077 1
7.000 -6.00 78.7 21.856 1
7.000 -6.00 88.5 31.635 1
7.000 -6.00 98.3 41.415 1
7.000 -6.00 108.2 51.194 1
7.000 -6.00 118.0 60.974 1
7.000 -5.00 0.0 -55.186 0
7.000 -5.00 9.8 -45.390 0
7.000 -5.00 19.7 -35.594 0
7.000 -5.00 29.5 -25.798 0
7.000 -5.00 39.3 -16.002 0
7.000 -5.00 49.2 -6.207 0
7.000 -5.00 59.0 3.589 0
7.000 -5.00 68.8 13.385 1
7.000 -5.00 78.7 23.181 1
7.000 -5.00 88.5 32.977 1
7.000 -5.00 98.3 42.773 1
7.000 -5.00 108.2 52.569 1
7.000 -5.00 118.0 62.365 1
7.000 -4.00 0.0 -53.992 0
7.000 -4.00 9.8 -44.183 0
7.000 -4.00 19.7 -34.374 0
7.000 -4.00 29.5 -24.564 0
7.000 -4.00 39.3 -14.755 0
7.000 -4.00 49.2 -4.946 0
7.000 -4.00 59.0 4.864 0
7.000 -4.00 68.8 14.673 1
7.000 -4.00 78.7 24.483 1
7.000 -4.00 88.5 34.292 1
7.000 -4.00 98.3 44.101 1
7.000 -4.00 108.2 53.911 1
7.000 -4.00 118.0 63.720 1
7.000 -3.00 0.0 -52.799 0
7.000 -3.00 9.8 -42.979 0
7.000 -3.00 19.7 -33.159 0
7.000 -3.00 29.5 -23.339 0
7.000 -3.00 39.3 -13.519 0
7.000 -3.00 49.2 -3.700 0
7.000 -3.00 59.0 6.120 0
7.000 -3.00 68.8 15.940 1
7.000 -3.00 78.7 25.760 1
7.000 -3.00 88.5 35.580 1
7.000 -3.00 98.3 45.400 1
7.000 -3.00 108.2 55.220 1
7.000 -3.00 118.0 65.039 1
7.000 -2.00 0.0 -51.605 0
7.000 -2.00 9.8 -41.778 0
7.000 -2.00 19.7 -31.950 0
7.000 -2.00 29.5 -22.123 0
7.000 -2.00 39.3 -12.296 0
7.000 -2.00 49.2 -2.468 0
7.000 -2.00 59.0 7.359 0
7.000 -2.00 68.8 17.186 1
7.000 -2.00 78.7 27.014 1
7.000 -2.00 88.5 36.841 1
7.000 -2.00 98.3 46.668 1
7.000 -2.00 108.2 56.496 1
7.000 -2.00 118.0 66.323 1
7.000 -1.00 0.0 -50.412 0
7.000 -1.00 9.8 -40.580 0
7.000 -1.00 19.7 -30.748 0
7.000 -1.00 29.5 -20.916 0
7.000 -1.00 39.3 -11.084 0
7.000 -1.00 49.2 -1.252 0
7.000 -1.00 59.0 8.580 0
7.000 -1.00 68.8 18.411 1
7.000 -1.00 78.7 28.243 1
7.000 -1.00 88.5 38.075 1
7.000 -1.00 98.3 47.907 1
7.000 -1.00 108.2 57.739 1
7.000 -1.00 118.0 67.571 1
7.000 0.00 0.0 -49.218 0
7.000 0.00 9.8 -39.385 0
7.000 0.00 19.7 -29.551 0
7.000 0.00 29.5 -19.718 0
7.000 0.00 39.3 -9.885 0
7.000 0.00 49.2 -0.051 0
7.000 0.00 59.0 9.782 1
7.000 0.00 68.8 19.615 1
7.000 0.00 78.7 29.449 1
7.000 0.00 88.5 39.282 1
7.000 0.00 98.3 49.115 1
7.000 0.00 108.2 58.949 1
7.000 0.00 118.0 68.782 1
7.000 1.00 0.0 -48.502 0
7.000 1.00 9.8 -38.670 0
7.000 1.00 19.7 -28.838 0
7.000 1.00 29.5 -19.006 0
7.000 1.00 39.3 -9.174 0
7.000 1.00 49.2 0.657 0
7.000 1.00 59.0 10.489 1
7.000 1.00 68.8 20.321 1
7.000 1.00 78.7 30.153 1
7.000 1.00 88.5 39.985 1
7.000 1.00 98.3 49.817 1
7.000 1.00 108.2 59.649 1
7.000 1.00 118.0 69.480 1
7.000 2.00 0.0 -47.785 0
7.000 2.00 9.8 -37.958 0
7.000 2.00 19.7 -28.131 0
7.000 2.00 29.5 -18.303 0
7.000 2.00 39.3 -8.476 0
7.000 2.00 49.2 1.351 0
7.000 2.00 59.0 11.179 1
7.000 2.00 68.8 21.006 1
7.000 2.00 78.7 30.833 1
7.000 2.00 88.5 40.661 1
7.000 2.00 98.3 50.488 1
7.000 2.00 108.2 60.315 1
7.000 2.00 118.0 70.143 1
7.000 3.00 0.0 -47.069 0
7.000 3.00 9.8 -37.249 0
7.000 3.00 19.7 -27.430 0
7.000 3.00 29.5 -17.610 0
7.000 3.00 39.3 -7.790 0
7.000 3.00 49.2 2.030 0
7.000 3.00 59.0 11.850 1
7.000 3.00 68.8 21.670 1
7.000 3.00 78.7 31.490 1
7.000 3.00 88.5 41.309 1
7.000 3.00 98.3 51.129 1
7.000 3.00 108.2 60.949 1
7.000 3.00 118.0 70.769 1
7.000 4.00 0.0 -46.353 0
7.000 4.00 9.8 -36.544 0
7.000 4.00 19.7 -26.734 0
7.000 4.00 29.5 -16.925 0
7.000 4.00 39.3 -7.116 0
7.000 4.00 49.2 2.694 0
7.000 4.00 59.0 12.503 0
7.000 4.00 68.8 22.313 1
7.000 4.00 78.7 32.122 1
7.000 4.00 88.5 41.931 1
7.000 4.00 98.3 51.741 1
7.000 4.00 108.2 61.550 1
7.000 4.00 118.0 71.359 1
7.000 5.00 0.0 -45.637 0
7.000 5.00 9.8 -35.841 0
7.000 5.00 19.7 -26.045 0
7.000 5.00 29.5 -16.249 0
7.000 5.00 39.3 -6.453 0
7.000 5.00 49.2 3.343 0
7.000 5.00 59.0 13.139 0
7.000 5.00 68.8 22.934 1
7.000 5.00 78.7 32.730 1
7.000 5.00 88.5 42.526 1
7.000 5.00 98.3 52.322 1
7.000 5.00 108.2 62.118 1
7.000 5.00 118.0 71.914 1
7.500 -10.00 0.0 -60.333 0
7.500 -10.00 9.8 -50.649 0
7.500 -10.00 19.7 -40.965 0
7.500 -10.00 29.5 -31.281 0
7.500 -10.00 39.3 -21.597 0
7.500 -10.00 49.2 -11.913 0
7.500 -10.00 59.0 -2.229 0
7.500 -10.00 68.8 7.455 0
7.500 -10.00 78.7 17.139 1
7.500 -10.00 88.5 26.823 1
7.500 -10.00 98.3 36.507 1
7.500 -10.00 108.2 46.191 1
7.500 -10.00 118.0 55.875 1
7.500 -9.00 0.0 -58.962 0
7.500 -9.00 9.8 -49.250 0
7.500 -9.00 19.7 -39.538 0
7.500 -9.00 29.5 -29.826 0
7.500 -9.00 39.3 -20.113 0
7.500 -9.00 49.2 -10.401 0
7.500 -9.00 59.0 -0.689 0
7.500 -9.00 68.8 9.024 0
7.500 -9.00 78.7 18.736 1
7.500 -9.00 88.5 28.448 1
7.500 -9.00 98.3 38.160 1
7.500 -9.00 108.2 47.873 1
7.500 -9.00 118.0 57.585 1
7.500 -8.00 0.0 -57.592 0
7.500 -8.00 9.8 -47.854 0
7.500 -8.00 19.7 -38.117 0
7.500 -8.00 29.5 -28.379 0
7.500 -8.00 39.3 -18.642 0
7.500 -8.00 49.2 -8.904 0
7.500 -8.00 59.0 0.834 0
7.500 -8.00 68.8 10.571 0
7.500 -8.00 78.7 20.309 1
7.500 -8.00 88.5 30.047 1
7.500 -8.00 98.3 39.784 1
7.500 -8.00 108.2 49.522 1
7.500 -8.00 118.0 59.260 1
7.500 -7.00 0.0 -56.222 0
7.500 -7.00 9.8 -46.462 0
7.500 -7.00 19.7 -36.702 0
7.500 -7.00 29.5 -26.942 0
7.500 -7.00 39.3 -17.182 0
7.500 -7.00 49.2 -7.422 0
7.500 -7.00 59.0 2.338 0
7.500 -7.00 68.8 12.098 1
7.500 -7.00 78.7 21.858 1
7.500 -7.00 88.5 31.619 1
7.500 -7.00 98.3 41.379 1
7.500 -7.00 108.2 51.139 1
7.500 -7.00 118.0 60.899 1
7.500 -6.00 0.0 -54.852 0
7.500 -6.00 9.8 -45.072 0
7.500 -6.00 19.7 -35.293 0
7.500 -6.00 29.5 -25.513 0
7.500 -6.00 39.3 -15.734 0
7.500 -6.00 49.2 -5.954 0
7.500 -6.00 59.0 3.825 0
7.500 -6.00 68.8 13.605 1
7.500 -6.00 78.7 23.384 1
7.500 -6.00 88.5 33.164 1
7.500 -6.00 98.3 42.943 1
7.500 -6.00 108.2 52.723 1
7.500 -6.00 118.0 62.502 1
7.500 -5.00 0.0 -53.481 0
7.500 -5.00 9.8 -43.685 0
7.500 -5.00 19.7 -33.889 0
7.500 -5.00 29.5 -24.094 0
7.500 -5.00 39.3 -14.298 0
7.500 -5.00 49.2 -4.502 0
7.500 -5.00 59.0 5.294 0
7.500 -5.00 68.8 15.090 1
7.500 -5.00 78.7 24.886 1
7.500 -5.00 88.5 34.682 1
7.500 -5.00 98.3 44.478 1
7.500 -5.00 108.2 54.274 1
7.500 -5.00 118.0 64.070 1
7.500 -4.00 0.0 -52.111 0
7.500 -4.00 9.8 -42.302 0
7.500 -4.00 19.7 -32.492 0
7.500 -4.00 29.5 -22.683 0
7.500 -4.00 39.3 -12.874 0
7.500 -4.00 49.2 -3.064 0
7.500 -4.00 59.0 6.745 0
7.500 -4.00 68.8 16.555 1
7.500 -4.00 78.7 26.364 1
7.500 -4.00 88.5 36.173 1
7.500 -4.00 98.3 45.983 1
7.500 -4.00 108.2 55.792 1
7.500 -4.00 118.0 65.602 1
7.500 -3.00 0.0 -50.741 0
7.500 -3.00 9.8 -40.921 0
7.500 -3.00 19.7 -31.101 0
7.500 -3.00 29.5 -21.281 0
7.500 -3.00 39.3 -11.461 0
7.500 -3.00 49.2 -1.642 0
7.500 -3.00 59.0 8.178 0
7.500 -3.00 68.8 17.998 1
7.500 -3.00 78.7 27.818 1
7.500 -3.00 88.5 37.638 1
7.500 -3.00 98.3 47.458 1
7.500 -3.00 108.2 57.278 1
7.500 -3.00 118.0 67.097 1
7.500 -2.00 0.0 -49.371 0
7.500 -2.00 9.8 -39.543 0
7.500 -2.00 19.7 -29.716 0
7.500 -2.00 29.5 -19.889 0
7.500 -2.00 39.3 -10.061 0
7.500 -2.00 49.2 -0.234 0
7.500 -2.00 59.0 9.594 1
7.500 -2.00 68.8 19.421 1
7.500 -2.00 78.7 29.248 1
7.500 -2.00 88.5 39.076 1
7.500 -2.00 98.3 48.903 1
7.500 -2.00 108.2 58.730 1
7.500 -2.00 118.0 68.558 1
7.500 -1.00 0.0 -48.000 0
7.500 -1.00 9.8 -38.168 0
7.500 -1.00 19.7 -28.337 0
7.500 -1.00 29.5 -18.505 0
7.500 -1.00 39.3 -8.673 0
7.500 -1.00 49.2 1.159 0
7.500 -1.00 59.0 10.991 1
7.500 -1.00 68.8 20.823 1
7.500 -1.00 78.7 30.654 1
7.500 -1.00 88.5 40.486 1
7.500 -1.00 98.3 50.318 1
7.500 -1.00 108.2 60.150 1
7.500 -1.00 118.0 69.982 1
7.500 0.00 0.0 -46.630 0
7.500 0.00 9.8 -36.797 0
7.500 0.00 19.7 -26.963 0
7.500 0.00 29.5 -17.130 0
7.500 0.00 39.3 -7.297 0
7.500 0.00 49.2 2.537 0
7.500 0.00 59.0 12.370 1
7.500 0.00 68.8 22.203 1
7.500 0.00 78.7 32.037 1
7.500 0.00 88.5 41.870 1
7.500 0.00 98.3 51.703 1
7.500 0.00 108.2 61.537 1
7.500 0.00 118.0 71.370 1
7.500 1.00 0.0 -45.808 0
7.500 1.00 9.8 -35.976 0
7.500 1.00 19.7 -26.144 0
7.500 1.00 29.5 -16.312 0
7.500 1.00 39.3 -6.481 0
7.500 1.00 49.2 3.351 0
7.500 1.00 59.0 13.183 1
7.500 1.00 68.8 23.015 1
7.500 1.00 78.7 32.847 1
7.500 1.00 88.5 42.679 1
7.500 1.00 98.3 52.510 1
7.500 1.00 108.2 62.342 1
7.500 1.00 118.0 72.174 1
7.500 2.00 0.0 -44.986 0
7.500 2.00 9.8 -35.158 0
7.500 2.00 19.7 -25.331 0
7.500 2.00 29.5 -15.504 0
7.500 2.00 39.3 -5.676 0
7.500 2.00 49.2 4.151 0
7.500 2.00 59.0 13.978 1
7.500 2.00 68.8 23.806 1
7.500 2.00 78.7 33.633 1
7.500 2.00 88.5 43.460 1
7.500 2.00 98.3 53.288 1
7.500 2.00 108.2 63.115 1
7.500 2.00 118.0 72.942 1
7.500 3.00 0.0 -44.164 0
7.500 3.00 9.8 -34.344 0
7.500 3.00 19.7 -24.524 0
7.500 3.00 29.5 -14.704 0
7.500 3.00 39.3 -4.884 0
7.500 3.00 49.2 4.936 0
7.500 3.00 59.0 14.756 1
7.500 3.00 68.8 24.575 1
7.500 3.00 78.7 34.395 1
7.500 3.00 88.5 44.215 1
7.500 3.00 98.3 54.035 1
7.500 3.00 108.2 63.855 1
7.500 3.00 118.0 73.675 1
7.500 4.00 0.0 -43.341 0
7.500 4.00 9.8 -33.532 0
7.500 4.00 19.7 -23.723 0
7.500 4.00 29.5 -13.913 0
7.500 4.00 39.3 -4.104 0
7.500 4.00 49.2 5.705 0
7.500 4.00 59.0 15.515 1
7.500 4.00 68.8 25.324 1
7.500 4.00 78.7 35.134 1
7.500 4.00 88.5 44.943 1
7.500 4.00 98.3 54.752 1
7.500 4.00 108.2 64.562 1
7.500 4.00 118.0 74.371 1
7.500 5.00 0.0 -42.519 0
7.500 5.00 9.8 -32.723 0
7.500 5.00 19.7 -22.927 0
7.500 5.00 29.5 -13.132 0
7.500 5.00 39.3 -3.336 0
7.500 5.00 49.2 6.460 0
7.500 5.00 59.0 16.256 0
7.500 5.00 68.8 26.052 1
7.500 5.00 78.7 35.848 1
7.500 5.00 88.5 45.644 1
7.500 5.00 98.3 55.440 1
7.500 5.00 108.2 65.236 1
7.500 5.00 118.0 75.032 1
8.000 -10.00 0.0 -59.454 0
8.000 -10.00 9.8 -49.770 0
8.000 -10.00 19.7 -40.086 0
8.000 -10.00 29.5 -30.402 0
8.000 -10.00 39.3 -20.718 0
8.000 -10.00 49.2 -11.034 0
8.000 -10.00 59.0 -1.351 0
8.000 -10.00 68.8 8.333 0
8.000 -10.00 78.7 18.017 1
8.000 -10.00 88.5 27.701 1
8.000 -10.00 98.3 37.385 1
8.000 -10.00 108.2 47.069 1
8.000 -10.00 118.0 56.753 1
8.000 -9.00 0.0 -57.895 0
8.000 -9.00 9.8 -48.183 0
8.000 -9.00 19.7 -38.471 0
8.000 -9.00 29.5 -28.758 0
8.000 -9.00 39.3 -19.046 0
8.000 -9.00 49.2 -9.334 0
8.000 -9.00 59.0 0.378 0
8.000 -9.00 68.8 10.091 0
8.000 -9.00 78.7 19.803 1
8.000 -9.00 88.5 29.515 1
8.000 -9.00 98.3 39.228 1
8.000 -9.00 108.2 48.940 1
8.000 -9.00 118.0 58.652 1
8.000 -8.00 0.0 -56.336 0
8.000 -8.00 9.8 -46.598 0
8.000 -8.00 19.7 -36.861 0
8.000 -8.00 29.5 -27.123 0
8.000 -8.00 39.3 -17.386 0
8.000 -8.00 49.2 -7.648 0
8.000 -8.00 59.0 2.090 0
8.000 -8.00 68.8 11.827 1
8.000 -8.00 78.7 21.565 1
8.000 -8.00 88.5 31.303 1
8.000 -8.00 98.3 41.040 1
8.000 -8.00 108.2 50.778 1
8.000 -8.00 118.0 60.516 1
8.000 -7.00 0.0 -54.777 0
8.000 -7.00 9.8 -45.017 0
8.000 -7.00 19.7 -35.257 0
8.000 -7.00 29.5 -25.497 0
8.000 -7.00 39.3 -15.737 0
8.000 -7.00 49.2 -5.977 0
8.000 -7.00 59.0 3.783 0
8.000 -7.00 68.8 13.543 1
8.000 -7.00 78.7 23.303 1
8.000 -7.00 88.5 33.063 1
8.000 -7.00 98.3 42.823 1
8.000 -7.00 108.2 52.583 1
8.000 -7.00 118.0 62.343 1
8.000 -6.00 0.0 -53.218 0
8.000 -6.00 9.8 -43.439 0
8.000 -6.00 19.7 -33.659 0
8.000 -6.00 29.5 -23.880 0
8.000 -6.00 39.3 -14.100 0
8.000 -6.00 49.2 -4.321 0
8.000 -6.00 59.0 5.459 0
8.000 -6.00 68.8 15.238 1
8.000 -6.00 78.7 25.018 1
8.000 -6.00 88.5 34.797 1
8.000 -6.00 98.3 44.577 1
8.000 -6.00 108.2 54.356 1
8.000 -6.00 118.0 64.136 1
8.000 -5.00 0.0 -51.659 0
8.000 -5.00 9.8 -41.863 0
8.000 -5.00 19.7 -32.067 0
8.000 -5.00 29.5 -22.271 0
8.000 -5.00 39.3 -12.475 0
8.000 -5.00 49.2 -2.679 0
8.000 -5.00 59.0 7.117 0
8.000 -5.00 68.8 16.912 1
8.000 -5.00 78.7 26.708 1
8.000 -5.00 88.5 36.504 1
8.000 -5.00 98.3 46.300 1
8.000 -5.00 108.2 56.096 1
8.000 -5.00 118.0 65.892 1
8.000 -4.00 0.0 -50.100 0
8.000 -4.00 9.8 -40.291 0
8.000 -4.00 19.7 -30.481 0
8.000 -4.00 29.5 -20.672 0
8.000 -4.00 39.3 -10.862 0
8.000 -4.00 49.2 -1.053 0
8.000 -4.00 59.0 8.756 0
8.000 -4.00 68.8 18.566 1
8.000 -4.00 78.7 28.375 1
8.000 -4.00 88.5 38.185 1
8.000 -4.00 98.3 47.994 1
8.000 -4.00 108.2 57.803 1
8.000 -4.00 118.0 67.613 1
8.000 -3.00 0.0 -48.541 0
8.000 -3.00 9.8 -38.721 0
8.000 -3.00 19.7 -28.901 0
8.000 -3.00 29.5 -19.081 0
8.000 -3.00 39.3 -9.261 0
8.000 -3.00 49.2 0.558 0
8.000 -3.00 59.0 10.378 1
8.000 -3.00 68.8 20.198 1
8.000 -3.00 78.7 30.018 1
8.000 -3.00 88.5 39.838 1
8.000 -3.00 98.3 49.658 1
8.000 -3.00 108.2 59.478 1
8.000 -3.00 118.0 69.297 1
8.000 -2.00 0.0 -46.982 0
8.000 -2.00 9.8 -37.154 0
8.000 -2.00 19.7 -27.327 0
8.000 -2.00 29.5 -17.500 0
8.000 -2.00 39.3 -7.672 0
8.000 -2.00 49.2 2.155 0
8.000 -2.00 59.0 11.982 1
8.000 -2.00 68.8 21.810 1
8.000 -2.00 78.7 31.637 1
8.000 -2.00 88.5 41.464 1
8.000 -2.00 98.3 51.292 1
8.000 -2.00 108.2 61.119 1
8.000 -2.00 118.0 70.946 1
8.000 -1.00 0.0 -45.423 0
8.000 -1.00 9.8 -35.591 0
8.000 -1.00 19.7 -25.759 0
8.000 -1.00 29.5 -15.927 0
8.000 -1.00 39.3 -6.095 0
8.000 -1.00 49.2 3.736 0
8.000 -1.00 59.0 13.568 1
8.000 -1.00 68.8 23.400 1
8.000 -1.00 78.7 33.232 1
8.000 -1.00 88.5 43.064 1
8.000 -1.00 98.3 52.896 1
8.000 -1.00 108.2 62.727 1
8.000 -1.00 118.0 72.559 1
8.000 0.00 0.0 -43.864 0
8.000 0.00 9.8 -34.030 0
8.000 0.00 19.7 -24.197 0
8.000 0.00 29.5 -14.364 0
8.000 0.00 39.3 -4.530 0
8.000 0.00 49.2 5.303 0
8.000 0.00 59.0 15.136 1
8.000 0.00 68.8 24.970 1
8.000 0.00 78.7 34.803 1
8.000 0.00 88.5 44.636 1
8.000 0.00 98.3 54.470 1
8.000 0.00 108.2 64.303 1
8.000 0.00 118.0 74.136 1
8.000 1.00 0.0 -42.928 0
8.000 1.00 9.8 -33.096 0
8.000 1.00 19.7 -23.265 0
8.000 1.00 29.5 -13.433 0
8.000 1.00 39.3 -3.601 0
8.000 1.00 49.2 6.231 0
8.000 1.00 59.0 16.063 1
8.000 1.00 68.8 25.895 1
8.000 1.00 78.7 35.726 1
8.000 1.00 88.5 45.558 1
8.000 1.00 98.3 55.390 1
8.000 1.00 108.2 65.222 1
8.000 1.00 118.0 75.054 1
8.000 2.00 0.0 -41.993 0
8.000 2.00 9.8 -32.166 0
8.000 2.00 19.7 -22.338 0
8.000 2.00 29.5 -12.511 0
8.000 2.00 39.3 -2.684 0
8.000 2.00 49.2 7.144 0
8.000 2.00 59.0 16.971 1
8.000 2.00 68.8 26.799 1
8.000 2.00 78.7 36.626 1
8.000 2.00 88.5 46.453 1
8.000 2.00 98.3 56.281 1
8.000 2.00 108.2 66.108 1
8.000 2.00 118.0 75.935 1
8.000 3.00 0.0 -41.057 0
8.000 3.00 9.8 -31.238 0
8.000 3.00 19.7 -21.418 0
8.000 3.00 29.5 -11.598 0
8.000 3.00 39.3 -1.778 0
8.000 3.00 49.2 8.042 0
8.000 3.00 59.0 17.862 1
8.000 3.00 68.8 27.682 1
8.000 3.00 78.7 37.501 1
8.000 3.00 88.5 47.321 1
8.000 3.00 98.3 57.141 1
8.000 3.00 108.2 66.961 1
8.000 3.00 118.0 76.781 1
8.000 4.00 0.0 -40.122 0
8.000 4.00 9.8 -30.313 0
8.000 4.00 19.7 -20.503 0
8.000 4.00 29.5 -10.694 0
8.000 4.00 39.3 -0.885 0
8.000 4.00 49.2 8.925 0
8.000 4.00 59.0 18.734 1
8.000 4.00 68.8 28.544 1
8.000 4.00 78.7 38.353 1
8.000 4.00 88.5 48.162 1
8.000 4.00 98.3 57.972 1
8.000 4.00 108.2 67.781 1
8.000 4.00 118.0 77.591 1
8.000 5.00 0.0 -39.187 0
8.000 5.00 9.8 -29.391 0
8.000 5.00 19.7 -19.595 0
8.000 5.00 29.5 -9.799 0
8.000 5.00 39.3 -0.003 0
8.000 5.00 49.2 9.793 0
8.000 5.00 59.0 19.589 1
8.000 5.00 68.8 29.385 1
8.000 5.00 78.7 39.181 1
8.000 5.00 88.5 48.977 1
8.000 5.00 98.3 58.773 1
8.000 5.00 108.2 68.568 1
8.000 5.00 118.0 78.364 1
8.500 -10.00 0.0 -58.519 0
8.500 -10.00 9.8 -48.835 0
8.500 -10.00 19.7 -39.151 0
8.500 -10.00 29.5 -29.467 0
8.500 -10.00 39.3 -19.783 0
8.500 -10.00 49.2 -10.099 0
8.500 -10.00 59.0 -0.415 0
8.500 -10.00 68.8 9.268 0
8.500 -10.00 78.7 18.952 1
8.500 -10.00 88.5 28.636 1
8.500 -10.00 98.3 38.320 1
8.500 -10.00 108.2 48.004 1
8.500 -10.00 118.0 57.688 1
8.500 -9.00 0.0 -56.759 0
8.500 -9.00 9.8 -47.047 0
8.500 -9.00 19.7 -37.335 0
8.500 -9.00 29.5 -27.622 0
8.500 -9.00 39.3 -17.910 0
8.500 -9.00 49.2 -8.198 0
8.500 -9.00 59.0 1.515 0
8.500 -9.00 68.8 11.227 0
8.500 -9.00 78.7 20.939 1
8.500 -9.00 88.5 30.651 1
8.500 -9.00 98.3 40.364 1
8.500 -9.00 108.2 50.076 1
8.500 -9.00 118.0 59.788 1
8.500 -8.00 0.0 -54.999 0
8.500 -8.00 9.8 -45.261 0
8.500 -8.00 19.7 -35.524 0
8.500 -8.00 29.5 -25.786 0
8.500 -8.00 39.3 -16.049 0
8.500 -8.00 49.2 -6.311 0
8.500 -8.00 59.0 3.427 0
8.500 -8.00 68.8 13.164 1
8.500 -8.00 78.7 22.902 1
8.500 -8.00 88.5 32.640 1
8.500 -8.00 98.3 42.377 1
8.500 -8.00 108.2 52.115 1
8.500 -8.00 118.0 61.853 1
8.500 -7.00 0.0 -53.239 0
8.500 -7.00 9.8 -43.479 0
8.500 -7.00 19.7 -33.719 0
8.500 -7.00 29.5 -23.959 0
8.500 -7.00 39.3 -14.199 0
8.500 -7.00 49.2 -4.439 0
8.500 -7.00 59.0 5.321 0
8.500 -7.00 68.8 15.081 1
8.500 -7.00 78.7 24.841 1
8.500 -7.00 88.5 34.601 1
8.500 -7.00 98.3 44.361 1
8.500 -7.00 108.2 54.121 1
8.500 -7.00 118.0 63.881 1
8.500 -6.00 0.0 -51.479 0
8.500 -6.00 9.8 -41.700 0
8.500 -6.00 19.7 -31.920 0
8.500 -6.00 29.5 -22.141 0
8.500 -6.00 39.3 -12.361 0
8.500 -6.00 49.2 -2.582 0
8.500 -6.00 59.0 7.198 0
8.500 -6.00 68.8 16.977 1
8.500 -6.00 78.7 26.757 1
8.500 -6.00 88.5 36.536 1
8.500 -6.00 98.3 46.316 1
8.500 -6.00 108.2 56.095 1
8.500 -6.00 118.0 65.875 1
8.500 -5.00 0.0 -49.719 0
8.500 -5.00 9.8 -39.923 0
8.500 -5.00 19.7 -30.127 0
8.500 -5.00 29.5 -20.331 0
8.500 -5.00 39.3 -10.535 0
8.500 -5.00 49.2 -0.739 0
8.500 -5.00 59.0 9.056 0
8.500 -5.00 68.8 18.852 1
8.500 -5.00 78.7 28.648 1
8.500 -5.00 88.5 38.444 1
8.500 -5.00 98.3 48.240 1
8.500 -5.00 108.2 58.036 1
8.500 -5.00 118.0 67.832 1
8.500 -4.00 0.0 -47.959 0
8.500 -4.00 9.8 -38.150 0
8.500 -4.00 19.7 -28.340 0
8.500 -4.00 29.5 -18.531 0
8.500 -4.00 39.3 -8.722 0
8.500 -4.00 49.2 1.088 0
8.500 -4.00 59.0 10.897 1
8.500 -4.00 68.8 20.707 1
8.500 -4.00 78.7 30.516 1
8.500 -4.00 88.5 40.325 1
8.500 -4.00 98.3 50.135 1
8.500 -4.00 108.2 59.944 1
8.500 -4.00 118.0 69.754 1
8.500 -3.00 0.0 -46.199 0
8.500 -3.00 9.8 -36.379 0
8.500 -3.00 19.7 -26.559 0
8.500 -3.00 29.5 -16.739 0
8.500 -3.00 39.3 -6.920 0
8.500 -3.00 49.2 2.900 0
8.500 -3.00 59.0 12.720 1
8.500 -3.00 68.8 22.540 1
8.500 -3.00 78.7 32.360 1
8.500 -3.00 88.5 42.180 1
8.500 -3.00 98.3 52.000 1
8.500 -3.00 108.2 61.819 1
8.500 -3.00 118.0 71.639 1
8.500 -2.00 0.0 -44.439 0
8.500 -2.00 9.8 -34.612 0
8.500 -2.00 19.7 -24.784 0
8.500 -2.00 29.5 -14.957 0
8.500 -2.00 39.3 -5.130 0
8.500 -2.00 49.2 4.698 0
8.500 -2.00 59.0 14.525 1
8.500 -2.00 68.8 24.352 1
8.500 -2.00 78.7 34.180 1
8.500 -2.00 88.5 44.007 1
8.500 -2.00 98.3 53.834 1
8.500 -2.00 108.2 63.662 1
8.500 -2.00 118.0 73.489 1
8.500 -1.00 0.0 -42.679 0
8.500 -1.00 9.8 -32.847 0
8.500 -1.00 19.7 -23.015 0
8.500 -1.00 29.5 -13.183 0
8.500 -1.00 39.3 -3.352 0
8.500 -1.00 49.2 6.480 0
8.500 -1.00 59.0 16.312 1
8.500 -1.00 68.8 26.144 1
8.500 -1.00 78.7 35.976 1
8.500 -1.00 88.5 45.808 1
8.500 -1.00 98.3 55.639 1
8.500 -1.00 108.2 65.471 1
8.500 -1.00 118.0 75.303 1
8.500 0.00 0.0 -40.919 0
8.500 0.00 9.8 -31.086 0
8.500 0.00 19.7 -21.252 0
8.500 0.00 29.5 -11.419 0
8.500 0.00 39.3 -1.586 0
8.500 0.00 49.2 8.248 0
8.500 0.00 59.0 18.081 1
8.500 0.00 68.8 27.914 1
8.500 0.00 78.7 37.748 1
8.500 0.00 88.5 47.581 1
8.500 0.00 98.3 57.414 1
8.500 0.00 108.2 67.248 1
8.500 0.00 118.0 77.081 1
8.500 1.00 0.0 -39.863 0
8.500 1.00 9.8 -30.031 0
8.500 1.00 19.7 -20.199 0
8.500 1.00 29.5 -10.367 0
8.500 1.00 39.3 -0.536 0
8.500 1.00 49.2 9.296 1
8.500 1.00 59.0 19.128 1
8.500 1.00 68.8 28.960 1
8.500 1.00 78.7 38.792 1
8.500 1.00 88.5 48.624 1
8.500 1.00 98.3 58.455 1
8.500 1.00 108.2 68.287 1
8.500 1.00 118.0 78.119 1
8.500 2.00 0.0 -38.807 0
8.500 2.00 9.8 -28.980 0
8.500 2.00 19.7 -19.152 0
8.500 2.00 29.5 -9.325 0
8.500 2.00 39.3 0.502 0
8.500 2.00 49.2 10.330 1
8.500 2.00 59.0 20.157 1
8.500 2.00 68.8 29.984 1
8.500 2.00 78.7 39.812 1
8.500 2.00 88.5 49.639 1
8.500 2.00 98.3 59.466 1
8.500 2.00 108.2 69.294 1
8.500 2.00 118.0 79.121 1
8.500 3.00 0.0 -37.751 0
8.500 3.00 9.8 -27.931 0
8.500 3.00 19.7 -18.111 0
8.500 3.00 29.5 -8.291 0
8.500 3.00 39.3 1.528 0
8.500 3.00 49.2 11.348 1
8.500 3.00 59.0 21.168 1
8.500 3.00 68.8 30.988 1
8.500 3.00 78.7 40.808 1
8.500 3.00 88.5 50.628 1
8.500 3.00 98.3 60.448 1
8.500 3.00 108.2 70.267 1
8.500 3.00 118.0 80.087 1
8.500 4.00 0.0 -36.695 0
8.500 4.00 9.8 -26.886 0
8.500 4.00 19.7 -17.076 0
8.500 4.00 29.5 -7.267 0
8.500 4.00 39.3 2.543 0
8.500 4.00 49.2 12.352 0
8.500 4.00 59.0 22.161 1
8.500 4.00 68.8 31.971 1
8.500 4.00 78.7 41.780 1
8.500 4.00 88.5 51.589 1
8.500 4.00 98.3 61.399 1
8.500 4.00 108.2 71.208 1
8.500 4.00 118.0 81.018 1
8.500 5.00 0.0 -35.639 0
8.500 5.00 9.8 -25.843 0
8.500 5.00 19.7 -16.047 0
8.500 5.00 29.5 -6.251 0
8.500 5.00 39.3 3.545 0
8.500 5.00 49.2 13.341 0
8.500 5.00 59.0 23.137 1
8.500 5.00 68.8 32.932 1
8.500 5.00 78.7 42.728 1
8.500 5.00 88.5 52.524 1
8.500 5.00 98.3 62.320 1
8.500 5.00 108.2 72.116 1
8.500 5.00 118.0 81.912 1
9.000 -10.00 0.0 -57.527 0
9.000 -10.00 9.8 -47.843 0
9.000 -10.00 19.7 -38.159 0
9.000 -10.00 29.5 -28.476 0
9.000 -10.00 39.3 -18.792 0
9.000 -10.00 49.2 -9.108 0
9.000 -10.00 59.0 0.576 0
9.000 -10.00 68.8 10.260 0
9.000 -10.00 78.7 19.944 1
9.000 -10.00 88.5 29.628 1
9.000 -10.00 98.3 39.312 1
9.000 -10.00 108.2 48.996 1
9.000 -10.00 118.0 58.680 1
9.000 -9.00 0.0 -55.554 0
9.000 -9.00 9.8 -45.842 0
9.000 -9.00 19.7 -36.130 0
9.000 -9.00 29.5 -26.417 0
9.000 -9.00 39.3 -16.705 0
9.000 -9.00 49.2 -6.993 0
9.000 -9.00 59.0 2.719 0
9.000 -9.00 68.8 12.432 1
9.000 -9.00 78.7 22.144 1
9.000 -9.00 88.5 31.856 1
9.000 -9.00 98.3 41.568 1
9.000 -9.00 108.2 51.281 1
9.000 -9.00 118.0 60.993 1
9.000 -8.00 0.0 -53.581 0
9.000 -8.00 9.8 -43.843 0
9.000 -8.00 19.7 -34.106 0
9.000 -8.00 29.5 -24.368 0
9.000 -8.00 39.3 -14.630 0
9.000 -8.00 49.2 -4.893 0
9.000 -8.00 59.0 4.845 0
9.000 -8.00 68.8 14.582 1
9.000 -8.00 78.7 24.320 1
9.000 -8.00 88.5 34.058 1
9.000 -8.00 98.3 43.795 1
9.000 -8.00 108.2 53.533 1
9.000 -8.00 118.0 63.271 1
9.000 -7.00 0.0 -51.608 0
9.000 -7.00 9.8 -41.848 0
9.000 -7.00 19.7 -32.088 0
9.000 -7.00 29.5 -22.328 0
9.000 -7.00 39.3 -12.568 0
9.000 -7.00 49.2 -2.808 0
9.000 -7.00 59.0 6.952 0
9.000 -7.00 68.8 16.712 1
9.000 -7.00 78.7 26.472 1
9.000 -7.00 88.5 36.232 1
9.000 -7.00 98.3 45.992 1
9.000 -7.00 108.2 55.753 1
9.000 -7.00 118.0 65.513 1
9.000 -6.00 0.0 -49.635 0
9.000 -6.00 9.8 -39.855 0
9.000 -6.00 19.7 -30.076 0
9.000 -6.00 29.5 -20.296 0
9.000 -6.00 39.3 -10.517 0
9.000 -6.00 49.2 -0.737 0
9.000 -6.00 59.0 9.042 0
9.000 -6.00 68.8 18.822 1
9.000 -6.00 78.7 28.601 1
9.000 -6.00 88.5 38.380 1
9.000 -6.00 98.3 48.160 1
9.000 -6.00 108.2 57.939 1
9.000 -6.00 118.0 67.719 1
9.000 -5.00 0.0 -47.662 0
9.000 -5.00 9.8 -37.866 0
9.000 -5.00 19.7 -28.070 0
9.000 -5.00 29.5 -18.274 0
9.000 -5.00 39.3 -8.478 0
9.000 -5.00 49.2 1.318 0
9.000 -5.00 59.0 11.114 1
9.000 -5.00 68.8 20.910 1
9.000 -5.00 78.7 30.706 1
9.000 -5.00 88.5 40.502 1
9.000 -5.00 98.3 50.298 1
9.000 -5.00 108.2 60.094 1
9.000 -5.00 118.0 69.889 1
9.000 -4.00 0.0 -45.688 0
9.000 -4.00 9.8 -35.879 0
9.000 -4.00 19.7 -26.070 0
9.000 -4.00 29.5 -16.260 0
9.000 -4.00 39.3 -6.451 0
9.000 -4.00 49.2 3.359 0
9.000 -4.00 59.0 13.168 1
9.000 -4.00 68.8 22.977 1
9.000 -4.00 78.7 32.787 1
9.000 -4.00 88.5 42.596 1
9.000 -4.00 98.3 52.405 1
9.000 -4.00 108.2 62.215 1
9.000 -4.00 118.0 72.024 1
9.000 -3.00 0.0 -43.715 0
9.000 -3.00 9.8 -33.895 0
9.000 -3.00 19.7 -24.076 0
9.000 -3.00 29.5 -14.256 0
9.000 -3.00 39.3 -4.436 0
9.000 -3.00 49.2 5.384 0
9.000 -3.00 59.0 15.204 1
9.000 -3.00 68.8 25.024 1
9.000 -3.00 78.7 34.844 1
9.000 -3.00 88.5 44.663 1
9.000 -3.00 98.3 54.483 1
9.000 -3.00 108.2 64.303 1
9.000 -3.00 118.0 74.123 1
9.000 -2.00 0.0 -41.742 0
9.000 -2.00 9.8 -31.915 0
9.000 -2.00 19.7 -22.087 0
9.000 -2.00 29.5 -12.260 0
9.000 -2.00 39.3 -2.433 0
9.000 -2.00 49.2 7.395 0
9.000 -2.00 59.0 17.222 1
9.000 -2.00 68.8 27.049 1
9.000 -2.00 78.7 36.877 1
9.000 -2.00 88.5 46.704 1
9.000 -2.00 98.3 56.531 1
9.000 -2.00 108.2 66.359 1
9.000 -2.00 118.0 76.186 1
9.000 -1.00 0.0 -39.769 0
9.000 -1.00 9.8 -29.937 0
9.000 -1.00 19.7 -20.105 0
9.000 -1.00 29.5 -10.273 0
9.000 -1.00 39.3 -0.442 0
9.000 -1.00 49.2 9.390 0
9.000 -1.00 59.0 19.222 1
9.000 -1.00 68.8 29.054 1
9.000 -1.00 78.7 38.886 1
9.000 -1.00 88.5 48.718 1
9.000 -1.00 98.3 58.549 1
9.000 -1.00 108.2 68.381 1
9.000 -1.00 118.0 78.213 1
9.000 0.00 0.0 -37.796 0
9.000 0.00 9.8 -27.962 0
9.000 0.00 19.7 -18.129 0
9.000 0.00 29.5 -8.296 0
9.000 0.00 39.3 1.538 0
9.000 0.00 49.2 11.371 1
9.000 0.00 59.0 21.204 1
9.000 0.00 68.8 31.038 1
9.000 0.00 78.7 40.871 1
9.000 0.00 88.5 50.704 1
9.000 0.00 98.3 60.538 1
9.000 0.00 108.2 70.371 1
9.000 0.00 118.0 80.204 1
9.000 1.00 0.0 -36.612 0
9.000 1.00 9.8 -26.780 0
9.000 1.00 19.7 -16.948 0
9.000 1.00 29.5 -7.116 0
9.000 1.00 39.3 2.716 0
9.000 1.00 49.2 12.547 1
9.000 1.00 59.0 22.379 1
9.000 1.00 68.8 32.211 1
9.000 1.00 78.7 42.043 1
9.000 1.00 88.5 51.875 1
9.000 1.00 98.3 61.707 1
9.000 1.00 108.2 71.538 1
9.000 1.00 118.0 81.370 1
9.000 2.00 0.0 -35.428 0
9.000 2.00 9.8 -25.601 0
9.000 2.00 19.7 -15.773 0
9.000 2.00 29.5 -5.946 0
9.000 2.00 39.3 3.881 0
9.000 2.00 49.2 13.709 1
9.000 2.00 59.0 23.536 1
9.000 2.00 68.8 33.363 1
9.000 2.00 78.7 43.191 1
9.000 2.00 88.5 53.018 1
9.000 2.00 98.3 62.845 1
9.000 2.00 108.2 72.673 1
9.000 2.00 118.0 82.500 1
9.000 3.00 0.0 -34.244 0
9.000 3.00 9.8 -24.424 0
9.000 3.00 19.7 -14.604 0
9.000 3.00 29.5 -4.784 0
9.000 3.00 39.3 5.035 0
9.000 3.00 49.2 14.855 1
9.000 3.00 59.0 24.675 1
9.000 3.00 68.8 34.495 1
9.000 3.00 78.7 44.315 1
9.000 3.00 88.5 54.135 1
9.000 3.00 98.3 63.955 1
9.000 3.00 108.2 73.774 1
9.000 3.00 118.0 83.594 1
9.000 4.00 0.0 -33.060 0
9.000 4.00 9.8 -23.251 0
9.000 4.00 19.7 -13.441 0
9.000 4.00 29.5 -3.632 0
9.000 4.00 39.3 6.177 0
9.000 4.00 49.2 15.987 1
9.000 4.00 59.0 25.796 1
9.000 4.00 68.8 35.606 1
9.000 4.00 78.7 45.415 1
9.000 4.00 88.5 55.224 1
9.000 4.00 98.3 65.034 1
9.000 4.00 108.2 74.843 1
9.000 4.00 118.0 84.652 1
9.000 5.00 0.0 -31.876 0
9.000 5.00 9.8 -22.080 0
9.000 5.00 19.7 -12.284 0
9.000 5.00 29.5 -2.489 0
9.000 5.00 39.3 7.307 0
9.000 5.00 49.2 17.103 0
9.000 5.00 59.0 26.899 1
9.000 5.00 68.8 36.695 1
9.000 5.00 78.7 46.491 1
9.000 5.00 88.5 56.287 1
9.000 5.00 98.3 66.083 1
9.000 5.00 108.2 75.879 1
9.000 5.00 118.0 85.675 1
9.500 -10.00 0.0 -56.479 0
9.500 -10.00 9.8 -46.795 0
9.500 -10.00 19.7 -37.111 0
9.500 -10.00 29.5 -27.427 0
9.500 -10.00 39.3 -17.743 0
9.500 -10.00 49.2 -8.059 0
9.500 -10.00 59.0 1.625 0
9.500 -10.00 68.8 11.309 0
9.500 -10.00 78.7 20.993 1
9.500 -10.00 88.5 30.677 1
9.500 -10.00 98.3 40.360 1
9.500 -10.00 108.2 50.044 1
9.500 -10.00 118.0 59.728 1
9.500 -9.00 0.0 -54.280 0
9.500 -9.00 9.8 -44.568 0
9.500 -9.00 19.7 -34.856 0
9.500 -9.00 29.5 -25.144 0
9.500 -9.00 39.3 -15.431 0
9.500 -9.00 49.2 -5.719 0
9.500 -9.00 59.0 3.993 0
9.500 -9.00 68.8 13.705 1
9.500 -9.00 78.7 23.418 1
9.500 -9.00 88.5 33.130 1
9.500 -9.00 98.3 42.842 1
9.500 -9.00 108.2 52.554 1
9.500 -9.00 118.0 62.267 1
9.500 -8.00 0.0 -52.082 0
9.500 -8.00 9.8 -42.344 0
9.500 -8.00 19.7 -32.607 0
9.500 -8.00 29.5 -22.869 0
9.500 -8.00 39.3 -13.131 0
9.500 -8.00 49.2 -3.394 0
9.500 -8.00 59.0 6.344 0
9.500 -8.00 68.8 16.081 1
9.500 -8.00 78.7 25.819 1
9.500 -8.00 88.5 35.557 1
9.500 -8.00 98.3 45.294 1
9.500 -8.00 108.2 55.032 1
9.500 -8.00 118.0 64.770 1
9.500 -7.00 0.0 -49.883 0
9.500 -7.00 9.8 -40.123 0
9.500 -7.00 19.7 -30.363 0
9.500 -7.00 29.5 -20.603 0
9.500 -7.00 39.3 -10.843 0
9.500 -7.00 49.2 -1.083 0
9.500 -7.00 59.0 8.677 0
9.500 -7.00 68.8 18.437 1
9.500 -7.00 78.7 28.197 1
9.500 -7.00 88.5 37.957 1
9.500 -7.00 98.3 47.717 1
9.500 -7.00 108.2 57.477 1
9.500 -7.00 118.0 67.237 1
9.500 -6.00 0.0 -47.685 0
9.500 -6.00 9.8 -37.906 0
9.500 -6.00 19.7 -28.126 0
9.500 -6.00 29.5 -18.347 0
9.500 -6.00 39.3 -8.567 0
9.500 -6.00 49.2 1.212 0
9.500 -6.00 59.0 10.992 0
9.500 -6.00 68.8 20.771 1
9.500 -6.00 78.7 30.551 1
9.500 -6.00 88.5 40.330 1
9.500 -6.00 98.3 50.110 1
9.500 -6.00 108.2 59.889 1
9.500 -6.00 118.0 69.669 1
9.500 -5.00 0.0 -45.486 0
9.500 -5.00 9.8 -35.691 0
9.500 -5.00 19.7 -25.895 0
9.500 -5.00 29.5 -16.099 0
9.500 -5.00 39.3 -6.303 0
9.500 -5.00 49.2 3.493 0
9.500 -5.00 59.0 13.289 1
9.500 -5.00 68.8 23.085 1
9.500 -5.00 78.7 32.881 1
9.500 -5.00 88.5 42.677 1
9.500 -5.00 98.3 52.473 1
9.500 -5.00 108.2 62.269 1
9.500 -5.00 118.0 72.064 1
9.500 -4.00 0.0 -43.288 0
9.500 -4.00 9.8 -33.479 0
9.500 -4.00 19.7 -23.669 0
9.500 -4.00 29.5 -13.860 0
9.500 -4.00 39.3 -4.050 0
9.500 -4.00 49.2 5.759 0
9.500 -4.00 59.0 15.568 1
9.500 -4.00 68.8 25.378 1
9.500 -4.00 78.7 35.187 1
9.500 -4.00 88.5 44.996 1
9.500 -4.00 98.3 54.806 1
9.500 -4.00 108.2 64.615 1
9.500 -4.00 118.0 74.425 1
9.500 -3.00 0.0 -41.090 0
9.500 -3.00 9.8 -31.270 0
9.500 -3.00 19.7 -21.450 0
9.500 -3.00 29.5 -11.630 0
9.500 -3.00 39.3 -1.810 0
9.500 -3.00 49.2 8.010 0
9.500 -3.00 59.0 17.830 1
9.500 -3.00 68.8 27.649 1
9.500 -3.00 78.7 37.469 1
9.500 -3.00 88.5 47.289 1
9.500 -3.00 98.3 57.109 1
9.500 -3.00 108.2 66.929 1
9.500 -3.00 118.0 76.749 1
9.500 -2.00 0.0 -38.891 0
9.500 -2.00 9.8 -29.064 0
9.500 -2.00 19.7 -19.236 0
9.500 -2.00 29.5 -9.409 0
9.500 -2.00 39.3 0.418 0
9.500 -2.00 49.2 10.246 1
9.500 -2.00 59.0 20.073 1
9.500 -2.00 68.8 29.900 1
9.500 -2.00 78.7 39.728 1
9.500 -2.00 88.5 49.555 1
9.500 -2.00 98.3 59.382 1
9.500 -2.00 108.2 69.210 1
9.500 -2.00 118.0 79.037 1
9.500 -1.00 0.0 -36.693 0
9.500 -1.00 9.8 -26.861 0
9.500 -1.00 19.7 -17.029 0
9.500 -1.00 29.5 -7.197 0
9.500 -1.00 39.3 2.635 0
9.500 -1.00 49.2 12.467 1
9.500 -1.00 59.0 22.298 1
9.500 -1.00 68.8 32.130 1
9.500 -1.00 78.7 41.962 1
9.500 -1.00 88.5 51.794 1
9.500 -1.00 98.3 61.626 1
9.500 -1.00 108.2 71.458 1
9.500 -1.00 118.0 81.290 1
9.500 0.00 0.0 -34.494 0
9.500 0.00 9.8 -24.661 0
9.500 0.00 19.7 -14.827 0
9.500 0.00 29.5 -4.994 0
9.500 0.00 39.3 4.839 0
9.500 0.00 49.2 14.673 1
9.500 0.00 59.0 24.506 1
9.500 0.00 68.8 34.339 1
9.500 0.00 78.7 44.173 1
9.500 0.00 88.5 54.006 1
9.500 0.00 98.3 63.839 1
9.500 0.00 108.2 73.673 1
9.500 0.00 118.0 83.506 1
9.500 1.00 0.0 -33.175 0
9.500 1.00 9.8 -23.343 0
9.500 1.00 19.7 -13.511 0
9.500 1.00 29.5 -3.679 0
9.500 1.00 39.3 6.152 0
9.500 1.00 49.2 15.984 1
9.500 1.00 59.0 25.816 1
9.500 1.00 68.8 35.648 1
9.500 1.00 78.7 45.480 1
9.500 1.00 88.5 55.312 1
9.500 1.00 98.3 65.143 1
9.500 1.00 108.2 74.975 1
9.500 1.00 118.0 84.807 1
9.500 2.00 0.0 -31.856 0
9.500 2.00 9.8 -22.028 0
9.500 2.00 19.7 -12.201 0
9.500 2.00 29.5 -2.374 0
9.500 2.00 39.3 7.454 0
9.500 2.00 49.2 17.281 1
9.500 2.00 59.0 27.108 1
9.500 2.00 68.8 36.936 1
9.500 2.00 78.7 46.763 1
9.500 2.00 88.5 56.590 1
9.500 2.00 98.3 66.418 1
9.500 2.00 108.2 76.245 1
9.500 2.00 118.0 86.072 1
9.500 3.00 0.0 -30.537 0
9.500 3.00 9.8 -20.717 0
9.500 3.00 19.7 -10.897 0
9.500 3.00 29.5 -1.077 0
9.500 3.00 39.3 8.743 1
9.500 3.00 49.2 18.563 1
9.500 3.00 59.0 28.382 1
9.500 3.00 68.8 38.202 1
9.500 3.00 78.7 48.022 1
9.500 3.00 88.5 57.842 1
9.500 3.00 98.3 67.662 1
9.500 3.00 108.2 77.482 1
9.500 3.00 118.0 87.302 1
9.500 4.00 0.0 -29.218 0
9.500 4.00 9.8 -19.408 0
9.500 4.00 19.7 -9.599 0
9.500 4.00 29.5 0.210 0
9.500 4.00 39.3 10.020 0
9.500 4.00 49.2 19.829 1
9.500 4.00 59.0 29.639 1
9.500 4.00 68.8 39.448 1
9.500 4.00 78.7 49.257 1
9.500 4.00 88.5 59.067 1
9.500 4.00 98.3 68.876 1
9.500 4.00 108.2 78.686 1
9.500 4.00 118.0 88.495 1
9.500 5.00 0.0 -27.899 0
9.500 5.00 9.8 -18.103 0
9.500 5.00 19.7 -8.307 0
9.500 5.00 29.5 1.489 0
9.500 5.00 39.3 11.285 0
9.500 5.00 49.2 21.081 0
9.500 5.00 59.0 30.877 1
9.500 5.00 68.8 40.673 1
9.500 5.00 78.7 50.469 1
9.500 5.00 88.5 60.265 1
9.500 5.00 98.3 70.061 1
9.500 5.00 108.2 79.857 1
9.500 5.00 118.0 89.652 1
10.000 -10.00 0.0 -55.374 0
10.000 -10.00 9.8 -45.690 0
10.000 -10.00 19.7 -36.006 0
10.000 -10.00 29.5 -26.322 0
10.000 -10.00 39.3 -16.638 0
10.000 -10.00 49.2 -6.954 0
10.000 -10.00 59.0 2.730 0
10.000 -10.00 68.8 12.414 0
10.000 -10.00 78.7 22.098 1
10.000 -10.00 88.5 31.782 1
10.000 -10.00 98.3 41.466 1
10.000 -10.00 108.2 51.149 1
10.000 -10.00 118.0 60.833 1
10.000 -9.00 0.0 -52.938 0
10.000 -9.00 9.8 -43.226 0
10.000 -9.00 19.7 -33.513 0
10.000 -9.00 29.5 -23.801 0
10.000 -9.00 39.3 -14.089 0
10.000 -9.00 49.2 -4.377 0
10.000 -9.00 59.0 5.336 0
10.000 -9.00 68.8 15.048 1
10.000 -9.00 78.7 24.760 1
10.000 -9.00 88.5 34.473 1
10.000 -9.00 98.3 44.185 1
10.000 -9.00 108.2 53.897 1
10.000 -9.00 118.0 63.609 1
10.000 -8.00 0.0 -50.502 0
10.000 -8.00 9.8 -40.764 0
10.000 -8.00 19.7 -31.027 0
10.000 -8.00 29.5 -21.289 0
10.000 -8.00 39.3 -11.551 0
10.000 -8.00 49.2 -1.814 0
10.000 -8.00 59.0 7.924 0
10.000 -8.00 68.8 17.662 1
10.000 -8.00 78.7 27.399 1
10.000 -8.00 88.5 37.137 1
10.000 -8.00 98.3 46.874 1
10.000 -8.00 108.2 56.612 1
10.000 -8.00 118.0 66.350 1
10.000 -7.00 0.0 -48.066 0
10.000 -7.00 9.8 -38.306 0
10.000 -7.00 19.7 -28.546 0
10.000 -7.00 29.5 -18.786 0
10.000 -7.00 39.3 -9.026 0
10.000 -7.00 49.2 0.734 0
10.000 -7.00 59.0 10.494 0
10.000 -7.00 68.8 20.254 1
10.000 -7.00 78.7 30.014 1
10.000 -7.00 88.5 39.774 1
10.000 -7.00 98.3 49.534 1
10.000 -7.00 108.2 59.295 1
10.000 -7.00 118.0 69.055 1
10.000 -6.00 0.0 -45.630 0
10.000 -6.00 9.8 -35.850 0
10.000 -6.00 19.7 -26.071 0
10.000 -6.00 29.5 -16.291 0
10.000 -6.00 39.3 -6.512 0
10.000 -6.00 49.2 3.267 0
10.000 -6.00 59.0 13.047 1
10.000 -6.00 68.8 22.826 1
10.000 -6.00 78.7 32.606 1
10.000 -6.00 88.5 42.385 1
10.000 -6.00 98.3 52.165 1
10.000 -6.00 108.2 61.944 1
10.000 -6.00 118.0 71.724 1
10.000 -5.00 0.0 -43.194 0
10.000 -5.00 9.8 -33.398 0
10.000 -5.00 19.7 -23.602 0
10.000 -5.00 29.5 -13.806 0
10.000 -5.00 39.3 -4.010 0
10.000 -5.00 49.2 5.786 0
10.000 -5.00 59.0 15.582 1
10.000 -5.00 68.8 25.378 1
10.000 -5.00 78.7 35.173 1
10.000 -5.00 88.5 44.969 1
10.000 -5.00 98.3 54.765 1
10.000 -5.00 108.2 64.561 1
10.000 -5.00 118.0 74.357 1
10.000 -4.00 0.0 -40.758 0
10.000 -4.00 9.8 -30.948 0
10.000 -4.00 19.7 -21.139 0
10.000 -4.00 29.5 -11.330 0
10.000 -4.00 39.3 -1.520 0
10.000 -4.00 49.2 8.289 0
10.000 -4.00 59.0 18.098 1
10.000 -4.00 68.8 27.908 1
10.000 -4.00 78.7 37.717 1
10.000 -4.00 88.5 47.527 1
10.000 -4.00 98.3 57.336 1
10.000 -4.00 108.2 67.145 1
10.000 -4.00 118.0 76.955 1
10.000 -3.00 0.0 -38.322 0
10.000 -3.00 9.8 -28.502 0
10.000 -3.00 19.7 -18.682 0
10.000 -3.00 29.5 -8.862 0
10.000 -3.00 39.3 0.958 0
10.000 -3.00 49.2 10.777 1
10.000 -3.00 59.0 20.597 1
10.000 -3.00 68.8 30.417 1
10.000 -3.00 78.7 40.237 1
10.000 -3.00 88.5 50.057 1
10.000 -3.00 98.3 59.877 1
10.000 -3.00 108.2 69.697 1
10.000 -3.00 118.0 79.516 1
10.000 -2.00 0.0 -35.886 0
10.000 -2.00 9.8 -26.059 0
10.000 -2.00 19.7 -16.231 0
10.000 -2.00 29.5 -6.404 0
10.000 -2.00 39.3 3.424 0
10.000 -2.00 49.2 13.251 1
10.000 -2.00 59.0 23.078 1
10.000 -2.00 68.8 32.906 1
10.000 -2.00 78.7 42.733 1
10.000 -2.00 88.5 52.560 1
10.000 -2.00 98.3 62.388 1
10.000 -2.00 108.2 72.215 1
10.000 -2.00 118.0 82.042 1
10.000 -1.00 0.0 -33.450 0
10.000 -1.00 9.8 -23.618 0
10.000 -1.00 19.7 -13.786 0
10.000 -1.00 29.5 -3.954 0
10.000 -1.00 39.3 5.877 0
10.000 -1.00 49.2 15.709 1
10.000 -1.00 59.0 25.541 1
10.000 -1.00 68.8 35.373 1
10.000 -1.00 78.7 45.205 1
10.000 -1.00 88.5 55.037 1
10.000 -1.00 98.3 64.869 1
10.000 -1.00 108.2 74.700 1
10.000 -1.00 118.0 84.532 1
10.000 0.00 0.0 -31.014 0
10.000 0.00 9.8 -21.181 0
10.000 0.00 19.7 -11.347 0
10.000 0.00 29.5 -1.514 0
10.000 0.00 39.3 8.319 0
10.000 0.00 49.2 18.153 1
10.000 0.00 59.0 27.986 1
10.000 0.00 68.8 37.819 1
10.000 0.00 78.7 47.653 1
10.000 0.00 88.5 57.486 1
10.000 0.00 98.3 67.319 1
10.000 0.00 108.2 77.153 1
10.000 0.00 118.0 86.986 1
10.000 1.00 0.0 -29.552 0
10.000 1.00 9.8 -19.720 0
10.000 1.00 19.7 -9.889 0
10.000 1.00 29.5 -0.057 0
10.000 1.00 39.3 9.775 1
10.000 1.00 49.2 19.607 1
10.000 1.00 59.0 29.439 1
10.000 1.00 68.8 39.271 1
10.000 1.00 78.7 49.102 1
10.000 1.00 88.5 58.934 1
10.000 1.00 98.3 68.766 1
10.000 1.00 108.2 78.598 1
10.000 1.00 118.0 88.430 1
10.000 2.00 0.0 -28.091 0
10.000 2.00 9.8 -18.263 0
10.000 2.00 19.7 -8.436 0
10.000 2.00 29.5 1.391 0
10.000 2.00 39.3 11.219 1
10.000 2.00 49.2 21.046 1
10.000 2.00 59.0 30.873 1
10.000 2.00 68.8 40.701 1
10.000 2.00 78.7 50.528 1
10.000 2.00 88.5 60.355 1
10.000 2.00 98.3 70.183 1
10.000 2.00 108.2 80.010 1
10.000 2.00 118.0 89.837 1
10.000 3.00 0.0 -26.629 0
10.000 3.00 9.8 -16.809 0
10.000 3.00 19.7 -6.989 0
10.000 3.00 29.5 2.831 0
10.000 3.00 39.3 12.650 1
10.000 3.00 49.2 22.470 1
10.000 3.00 59.0 32.290 1
10.000 3.00 68.8 42.110 1
10.000 3.00 78.7 51.930 1
10.000 3.00 88.5 61.750 1
10.000 3.00 98.3 71.570 1
10.000 3.00 108.2 81.389 1
10.000 3.00 118.0 91.209 1
10.000 4.00 0.0 -25.167 0
10.000 4.00 9.8 -15.358 0
10.000 4.00 19.7 -5.549 0
10.000 4.00 29.5 4.261 0
10.000 4.00 39.3 14.070 0
10.000 4.00 49.2 23.879 1
10.000 4.00 59.0 33.689 1
10.000 4.00 68.8 43.498 1
10.000 4.00 78.7 53.308 1
10.000 4.00 88.5 63.117 1
10.000 4.00 98.3 72.926 1
10.000 4.00 108.2 82.736 1
10.000 4.00 118.0 92.545 1
10.000 5.00 0.0 -23.706 0
10.000 5.00 9.8 -13.910 0
10.000 5.00 19.7 -4.114 0
10.000 5.00 29.5 5.682 0
10.000 5.00 39.3 15.478 0
10.000 5.00 49.2 25.274 1
10.000 5.00 59.0 35.070 1
10.000 5.00 68.8 44.866 1
10.000 5.00 78.7 54.661 1
10.000 5.00 88.5 64.457 1
10.000 5.00 98.3 74.253 1
10.000 5.00 108.2 84.049 1
10.000 5.00 118.0 93.845 1
10.500 -10.00 0.0 -54.212 0
10.500 -10.00 9.8 -44.528 0
10.500 -10.00 19.7 -34.844 0
10.500 -10.00 29.5 -25.160 0
10.500 -10.00 39.3 -15.476 0
10.500 -10.00 49.2 -5.792 0
10.500 -10.00 59.0 3.892 0
10.500 -10.00 68.8 13.575 0
10.500 -10.00 78.7 23.259 1
10.500 -10.00 88.5 32.943 1
10.500 -10.00 98.3 42.627 1
10.500 -10.00 108.2 52.311 1
10.500 -10.00 118.0 61.995 1
10.500 -9.00 0.0 -51.526 0
10.500 -9.00 9.8 -41.814 0
10.500 -9.00 19.7 -32.102 0
10.500 -9.00 29.5 -22.390 0
10.500 -9.00 39.3 -12.677 0
10.500 -9.00 49.2 -2.965 0
10.500 -9.00 59.0 6.747 0
10.500 -9.00 68.8 16.459 1
10.500 -9.00 78.7 26.172 1
10.500 -9.00 88.5 35.884 1
10.500 -9.00 98.3 45.596 1
10.500 -9.00 108.2 55.309 1
10.500 -9.00 118.0 65.021 1
10.500 -8.00 0.0 -48.841 0
10.500 -8.00 9.8 -39.103 0
10.500 -8.00 19.7 -29.365 0
10.500 -8.00 29.5 -19.628 0
10.500 -8.00 39.3 -9.890 0
10.500 -8.00 49.2 -0.153 0
10.500 -8.00 59.0 9.585 0
10.500 -8.00 68.8 19.323 1
10.500 -8.00 78.7 29.060 1
10.500 -8.00 88.5 38.798 1
10.500 -8.00 98.3 48.536 1
10.500 -8.00 108.2 58.273 1
10.500 -8.00 118.0 68.011 1
10.500 -7.00 0.0 -46.155 0
10.500 -7.00 9.8 -36.395 0
10.500 -7.00 19.7 -26.635 0
10.500 -7.00 29.5 -16.875 0
10.500 -7.00 39.3 -7.115 0
10.500 -7.00 49.2 2.645 0
10.500 -7.00 59.0 12.405 0
10.500 -7.00 68.8 22.165 1
10.500 -7.00 78.7 31.925 1
10.500 -7.00 88.5 41.685 1
10.500 -7.00 98.3 51.445 1
10.500 -7.00 108.2 61.205 1
10.500 -7.00 118.0 70.965 1
10.500 -6.00 0.0 -43.469 0
10.500 -6.00 9.8 -33.690 0
10.500 -6.00 19.7 -23.910 0
10.500 -6.00 29.5 -14.131 0
10.500 -6.00 39.3 -4.352 0
10.500 -6.00 49.2 5.428 0
10.500 -6.00 59.0 15.207 1
10.500 -6.00 68.8 24.987 1
10.500 -6.00 78.7 34.766 1
10.500 -6.00 88.5 44.546 1
10.500 -6.00 98.3 54.325 1
10.500 -6.00 108.2 64.105 1
10.500 -6.00 118.0 73.884 1
10.500 -5.00 0.0 -40.784 0
10.500 -5.00 9.8 -30.988 0
10.500 -5.00 19.7 -21.192 0
10.500 -5.00 29.5 -11.396 0
10.500 -5.00 39.3 -1.600 0
10.500 -5.00 49.2 8.196 0
10.500 -5.00 59.0 17.992 1
10.500 -5.00 68.8 27.788 1
10.500 -5.00 78.7 37.584 1
10.500 -5.00 88.5 47.380 1
10.500 -5.00 98.3 57.175 1
10.500 -5.00 108.2 66.971 1
10.500 -5.00 118.0 76.767 1
10.500 -4.00 0.0 -38.098 0
10.500 -4.00 9.8 -28.289 0
10.500 -4.00 19.7 -18.479 0
10.500 -4.00 29.5 -8.670 0
10.500 -4.00 39.3 1.140 0
10.500 -4.00 49.2 10.949 0
10.500 -4.00 59.0 20.758 1
10.500 -4.00 68.8 30.568 1
10.500 -4.00 78.7 40.377 1
10.500 -4.00 88.5 50.186 1
10.500 -4.00 98.3 59.996 1
10.500 -4.00 108.2 69.805 1
10.500 -4.00 118.0 79.615 1
10.500 -3.00 0.0 -35.412 0
10.500 -3.00 9.8 -25.592 0
10.500 -3.00 19.7 -15.773 0
10.500 -3.00 29.5 -5.953 0
10.500 -3.00 39.3 3.867 0
10.500 -3.00 49.2 13.687 1
10.500 -3.00 59.0 23.507 1
10.500 -3.00 68.8 33.327 1
10.500 -3.00 78.7 43.147 1
10.500 -3.00 88.5 52.966 1
10.500 -3.00 98.3 62.786 1
10.500 -3.00 108.2 72.606 1
10.500 -3.00 118.0 82.426 1
10.500 -2.00 0.0 -32.727 0
10.500 -2.00 9.8 -22.899 0
10.500 -2.00 19.7 -13.072 0
10.500 -2.00 29.5 -3.245 0
10.500 -2.00 39.3 6.583 0
10.500 -2.00 49.2 16.410 1
10.500 -2.00 59.0 26.237 1
10.500 -2.00 68.8 36.065 1
10.500 -2.00 78.7 45.892 1
10.500 -2.00 88.5 55.719 1
10.500 -2.00 98.3 65.547 1
10.500 -2.00 108.2 75.374 1
10.500 -2.00 118.0 85.202 1
10.500 -1.00 0.0 -30.041 0
10.500 -1.00 9.8 -20.209 0
10.500 -1.00 19.7 -10.377 0
10.500 -1.00 29.5 -0.545 0
10.500 -1.00 39.3 9.286 0
10.500 -1.00 49.2 19.118 1
10.500 -1.00 59.0 28.950 1
10.500 -1.00 68.8 38.782 1
10.500 -1.00 78.7 48.614 1
10.500 -1.00 88.5 58.446 1
10.500 -1.00 98.3 68.277 1
10.500 -1.00 108.2 78.109 1
10.500 -1.00 118.0 87.941 1
10.500 0.00 0.0 -27.355 0
10.500 0.00 9.8 -17.522 0
10.500 0.00 19.7 -7.689 0
10.500 0.00 29.5 2.145 0
10.500 0.00 39.3 11.978 1
10.500 0.00 49.2 21.811 1
10.500 0.00 59.0 31.645 1
10.500 0.00 68.8 41.478 1
10.500 0.00 78.7 51.311 1
10.500 0.00 88.5 61.145 1
10.500 0.00 98.3 70.978 1
10.500 0.00 108.2 80.811 1
10.500 0.00 118.0 90.645 1
10.500 1.00 0.0 -25.744 0
10.500 1.00 9.8 -15.912 0
10.500 1.00 19.7 -6.080 0
10.500 1.00 29.5 3.752 0
10.500 1.00 39.3 13.584 1
10.500 1.00 49.2 23.415 1
10.500 1.00 59.0 33.247 1
10.500 1.00 68.8 43.079 1
10.500 1.00 78.7 52.911 1
10.500 1.00 88.5 62.743 1
10.500 1.00 98.3 72.575 1
10.500 1.00 108.2 82.406 1
10.500 1.00 118.0 92.238 1
10.500 2.00 0.0 -24.132 0
10.500 2.00 9.8 -14.305 0
10.500 2.00 19.7 -4.478 0
10.500 2.00 29.5 5.350 0
10.500 2.00 39.3 15.177 1
10.500 2.00 49.2 25.004 1
10.500 2.00 59.0 34.832 1
10.500 2.00 68.8 44.659 1
10.500 2.00 78.7 54.486 1
10.500 2.00 88.5 64.314 1
10.500 2.00 98.3 74.141 1
10.500 2.00 108.2 83.968 1
10.500 2.00 118.0 93.796 1
10.500 3.00 0.0 -22.521 0
10.500 3.00 9.8 -12.701 0
10.500 3.00 19.7 -2.881 0
10.500 3.00 29.5 6.939 0
10.500 3.00 39.3 16.758 1
10.500 3.00 49.2 26.578 1
10.500 3.00 59.0 36.398 1
10.500 3.00 68.8 46.218 1
10.500 3.00 78.7 56.038 1
10.500 3.00 88.5 65.858 1
10.500 3.00 98.3 75.678 1
10.500 3.00 108.2 85.497 1
10.500 3.00 118.0 95.317 1
10.500 4.00 0.0 -20.910 0
10.500 4.00 9.8 -11.100 0
10.500 4.00 19.7 -1.291 0
10.500 4.00 29.5 8.519 0
10.500 4.00 39.3 18.328 1
10.500 4.00 49.2 28.137 1
10.500 4.00 59.0 37.947 1
10.500 4.00 68.8 47.756 1
10.500 4.00 78.7 57.566 1
10.500 4.00 88.5 67.375 1
10.500 4.00 98.3 77.184 1
10.500 4.00 108.2 86.994 1
10.500 4.00 118.0 96.803 1
10.500 5.00 0.0 -19.298 0
10.500 5.00 9.8 -9.502 0
10.500 5.00 19.7 0.294 0
10.500 5.00 29.5 10.090 0
10.500 5.00 39.3 19.886 0
10.500 5.00 49.2 29.681 1
10.500 5.00 59.0 39.477 1
10.500 5.00 68.8 49.273 1
10.500 5.00 78.7 59.069 1
10.500 5.00 88.5 68.865 1
10.500 5.00 98.3 78.661 1
10.500 5.00 108.2 88.457 1
10.500 5.00 118.0 98.253 1
11.000 -10.00 0.0 -52.994 0
11.000 -10.00 9.8 -43.310 0
11.000 -10.00 19.7 -33.626 0
11.000 -10.00 29.5 -23.942 0
11.000 -10.00 39.3 -14.258 0
11.000 -10.00 49.2 -4.574 0
11.000 -10.00 59.0 5.110 0
11.000 -10.00 68.8 14.794 0
11.000 -10.00 78.7 24.478 1
11.000 -10.00 88.5 34.162 1
11.000 -10.00 98.3 43.846 1
11.000 -10.00 108.2 53.530 1
11.000 -10.00 118.0 63.214 1
11.000 -9.00 0.0 -50.046 0
11.000 -9.00 9.8 -40.334 0
11.000 -9.00 19.7 -30.622 0
11.000 -9.00 29.5 -20.909 0
11.000 -9.00 39.3 -11.197 0
11.000 -9.00 49.2 -1.485 0
11.000 -9.00 59.0 8.227 0
11.000 -9.00 68.8 17.940 1
11.000 -9.00 78.7 27.652 1
11.000 -9.00 88.5 37.364 1
11.000 -9.00 98.3 47.077 1
11.000 -9.00 108.2 56.789 1
11.000 -9.00 118.0 66.501 1
11.000 -8.00 0.0 -47.099 0
11.000 -8.00 9.8 -37.361 0
11.000 -8.00 19.7 -27.623 0
11.000 -8.00 29.5 -17.886 0
11.000 -8.00 39.3 -8.148 0
11.000 -8.00 49.2 1.590 0
11.000 -8.00 59.0 11.327 0
11.000 -8.00 68.8 21.065 1
11.000 -8.00 78.7 30.802 1
11.000 -8.00 88.5 40.540 1
11.000 -8.00 98.3 50.278 1
11.000 -8.00 108.2 60.015 1
11.000 -8.00 118.0 69.753 1
11.000 -7.00 0.0 -44.151 0
11.000 -7.00 9.8 -34.391 0
11.000 -7.00 19.7 -24.631 0
11.000 -7.00 29.5 -14.871 0
11.000 -7.00 39.3 -5.111 0
11.000 -7.00 49.2 4.649 0
11.000 -7.00 59.0 14.409 1
11.000 -7.00 68.8 24.169 1
11.000 -7.00 78.7 33.929 1
11.000 -7.00 88.5 43.689 1
11.000 -7.00 98.3 53.449 1
11.000 -7.00 108.2 63.209 1
11.000 -7.00 118.0 72.969 1
11.000 -6.00 0.0 -41.203 0
11.000 -6.00 9.8 -31.424 0
11.000 -6.00 19.7 -21.645 0
11.000 -6.00 29.5 -11.865 0
11.000 -6.00 39.3 -2.086 0
11.000 -6.00 49.2 7.694 0
11.000 -6.00 59.0 17.473 1
11.000 -6.00 68.8 27.253 1
11.000 -6.00 78.7 37.032 1
11.000 -6.00 88.5 46.812 1
11.000 -6.00 98.3 56.591 1
11.000 -6.00 108.2 66.371 1
11.000 -6.00 118.0 76.150 1
11.000 -5.00 0.0 -38.256 0
11.000 -5.00 9.8 -28.460 0
11.000 -5.00 19.7 -18.664 0
11.000 -5.00 29.5 -8.868 0
11.000 -5.00 39.3 0.928 0
11.000 -5.00 49.2 10.724 0
11.000 -5.00 59.0 20.520 1
11.000 -5.00 68.8 30.315 1
11.000 -5.00 78.7 40.111 1
11.000 -5.00 88.5 49.907 1
11.000 -5.00 98.3 59.703 1
11.000 -5.00 108.2 69.499 1
11.000 -5.00 118.0 79.295 1
11.000 -4.00 0.0 -35.308 0
11.000 -4.00 9.8 -25.499 0
11.000 -4.00 19.7 -15.690 0
11.000 -4.00 29.5 -5.880 0
11.000 -4.00 39.3 3.929 0
11.000 -4.00 49.2 13.739 1
11.000 -4.00 59.0 23.548 1
11.000 -4.00 68.8 33.357 1
11.000 -4.00 78.7 43.167 1
11.000 -4.00 88.5 52.976 1
11.000 -4.00 98.3 62.785 1
11.000 -4.00 108.2 72.595 1
11.000 -4.00 118.0 82.404 1
11.000 -3.00 0.0 -32.361 0
11.000 -3.00 9.8 -22.541 0
11.000 -3.00 19.7 -12.721 0
11.000 -3.00 29.5 -2.901 0
11.000 -3.00 39.3 6.919 0
11.000 -3.00 49.2 16.739 1
11.000 -3.00 59.0 26.558 1
11.000 -3.00 68.8 36.378 1
11.000 -3.00 78.7 46.198 1
11.000 -3.00 88.5 56.018 1
11.000 -3.00 98.3 65.838 1
11.000 -3.00 108.2 75.658 1
11.000 -3.00 118.0 85.478 1
11.000 -2.00 0.0 -29.413 0
11.000 -2.00 9.8 -19.586 0
11.000 -2.00 19.7 -9.759 0
11.000 -2.00 29.5 0.069 0
11.000 -2.00 39.3 9.896 0
11.000 -2.00 49.2 19.724 1
11.000 -2.00 59.0 29.551 1
11.000 -2.00 68.8 39.378 1
11.000 -2.00 78.7 49.206 1
11.000 -2.00 88.5 59.033 1
11.000 -2.00 98.3 68.860 1
11.000 -2.00 108.2 78.688 1
11.000 -2.00 118.0 88.515 1
11.000 -1.00 0.0 -26.466 0
11.000 -1.00 9.8 -16.634 0
11.000 -1.00 19.7 -6.802 0
11.000 -1.00 29.5 3.030 0
11.000 -1.00 39.3 12.862 1
11.000 -1.00 49.2 22.694 1
11.000 -1.00 59.0 32.525 1
11.000 -1.00 68.8 42.357 1
11.000 -1.00 78.7 52.189 1
11.000 -1.00 88.5 62.021 1
11.000 -1.00 98.3 71.853 1
11.000 -1.00 108.2 81.685 1
11.000 -1.00 118.0 91.516 1
11.000 0.00 0.0 -23.518 0
11.000 0.00 9.8 -13.685 0
11.000 0.00 19.7 -3.851 0
11.000 0.00 29.5 5.982 0
11.000 0.00 39.3 15.815 1
11.000 0.00 49.2 25.649 1
11.000 0.00 59.0 35.482 1
11.000 0.00 68.8 45.315 1
11.000 0.00 78.7 55.149 1
11.000 0.00 88.5 64.982 1
11.000 0.00 98.3 74.815 1
11.000 0.00 108.2 84.649 1
11.000 0.00 118.0 94.482 1
11.000 1.00 0.0 -21.750 0
11.000 1.00 9.8 -11.918 0
11.000 1.00 19.7 -2.086 0
11.000 1.00 29.5 7.746 0
11.000 1.00 39.3 17.578 1
11.000 1.00 49.2 27.410 1
11.000 1.00 59.0 37.241 1
11.000 1.00 68.8 47.073 1
11.000 1.00 78.7 56.905 1
11.000 1.00 88.5 66.737 1
11.000 1.00 98.3 76.569 1
11.000 1.00 108.2 86.401 1
11.000 1.00 118.0 96.232 1
11.000 2.00 0.0 -19.981 0
11.000 2.00 9.8 -10.154 0
11.000 2.00 19.7 -0.326 0
11.000 2.00 29.5 9.501 1
11.000 2.00 39.3 19.328 1
11.000 2.00 49.2 29.156 1
11.000 2.00 59.0 38.983 1
11.000 2.00 68.8 48.810 1
11.000 2.00 78.7 58.638 1
11.000 2.00 88.5 68.465 1
11.000 2.00 98.3 78.292 1
11.000 2.00 108.2 88.120 1
11.000 2.00 118.0 97.947 1
11.000 3.00 0.0 -18.212 0
11.000 3.00 9.8 -8.393 0
11.000 3.00 19.7 1.427 0
11.000 3.00 29.5 11.247 1
11.000 3.00 39.3 21.067 1
11.000 3.00 49.2 30.887 1
11.000 3.00 59.0 40.707 1
11.000 3.00 68.8 50.527 1
11.000 3.00 78.7 60.346 1
11.000 3.00 88.5 70.166 1
11.000 3.00 98.3 79.986 1
11.000 3.00 108.2 89.806 1
11.000 3.00 118.0 99.626 1
11.000 4.00 0.0 -16.444 0
11.000 4.00 9.8 -6.635 0
11.000 4.00 19.7 3.175 0
11.000 4.00 29.5 12.984 0
11.000 4.00 39.3 22.794 1
11.000 4.00 49.2 32.603 1
11.000 4.00 59.0 42.412 1
11.000 4.00 68.8 52.222 1
11.000 4.00 78.7 62.031 1
11.000 4.00 88.5 71.840 1
11.000 4.00 98.3 81.650 1
11.000 4.00 108.2 91.459 1
11.000 4.00 118.0 101.269 1
11.000 5.00 0.0 -14.675 0
11.000 5.00 9.8 -4.879 0
11.000 5.00 19.7 4.916 0
11.000 5.00 29.5 14.712 0
11.000 5.00 39.3 24.508 0
11.000 5.00 49.2 34.304 1
11.000 5.00 59.0 44.100 1
11.000 5.00 68.8 53.896 1
11.000 5.00 78.7 63.692 1
11.000 5.00 88.5 73.488 1
11.000 5.00 98.3 83.284 1
11.000 5.00 108.2 93.080 1
11.000 5.00 118.0 102.876 1
11.500 -10.00 0.0 -51.719 0
11.500 -10.00 9.8 -42.035 0
11.500 -10.00 19.7 -32.351 0
11.500 -10.00 29.5 -22.667 0
11.500 -10.00 39.3 -12.983 0
11.500 -10.00 49.2 -3.299 0
11.500 -10.00 59.0 6.385 0
11.500 -10.00 68.8 16.069 0
11.500 -10.00 78.7 25.753 1
11.500 -10.00 88.5 35.437 1
11.500 -10.00 98.3 45.121 1
11.500 -10.00 108.2 54.805 1
11.500 -10.00 118.0 64.489 1
11.500 -9.00 0.0 -48.497 0
11.500 -9.00 9.8 -38.785 0
11.500 -9.00 19.7 -29.072 0
11.500 -9.00 29.5 -19.360 0
11.500 -9.00 39.3 -9.648 0
11.500 -9.00 49.2 0.064 0
11.500 -9.00 59.0 9.777 0
11.500 -9.00 68.8 19.489 1
11.500 -9.00 78.7 29.201 1
11.500 -9.00 88.5 38.913 1
11.500 -9.00 98.3 48.626 1
11.500 -9.00 108.2 58.338 1
11.500 -9.00 118.0 68.050 1
11.500 -8.00 0.0 -45.275 0
11.500 -8.00 9.8 -35.538 0
11.500 -8.00 19.7 -25.800 0
11.500 -8.00 29.5 -16.063 0
11.500 -8.00 39.3 -6.325 0
11.500 -8.00 49.2 3.413 0
11.500 -8.00 59.0 13.150 0
11.500 -8.00 68.8 22.888 1
11.500 -8.00 78.7 32.626 1
11.500 -8.00 88.5 42.363 1
11.500 -8.00 98.3 52.101 1
11.500 -8.00 108.2 61.839 1
11.500 -8.00 118.0 71.576 1
11.500 -7.00 0.0 -42.054 0
11.500 -7.00 9.8 -32.294 0
11.500 -7.00 19.7 -22.534 0
11.500 -7.00 29.5 -12.774 0
11.500 -7.00 39.3 -3.014 0
11.500 -7.00 49.2 6.746 0
11.500 -7.00 59.0 16.506 1
11.500 -7.00 68.8 26.266 1
11.500 -7.00 78.7 36.027 1
11.500 -7.00 88.5 45.787 1
11.500 -7.00 98.3 55.547 1
11.500 -7.00 108.2 65.307 1
11.500 -7.00 118.0 75.067 1
11.500 -6.00 0.0 -38.832 0
11.500 -6.00 9.8 -29.053 0
11.500 -6.00 19.7 -19.273 0
11.500 -6.00 29.5 -9.494 0
11.500 -6.00 39.3 0.286 0
11.500 -6.00 49.2 10.065 0
11.500 -6.00 59.0 19.845 1
11.500 -6.00 68.8 29.624 1
11.500 -6.00 78.7 39.404 1
11.500 -6.00 88.5 49.183 1
11.500 -6.00 98.3 58.962 1
11.500 -6.00 108.2 68.742 1
11.500 -6.00 118.0 78.521 1
11.500 -5.00 0.0 -35.611 0
11.500 -5.00 9.8 -25.815 0
11.500 -5.00 19.7 -16.019 0
11.500 -5.00 29.5 -6.223 0
11.500 -5.00 39.3 3.573 0
11.500 -5.00 49.2 13.369 1
11.500 -5.00 59.0 23.165 1
11.500 -5.00 68.8 32.961 1
11.500 -5.00 78.7 42.757 1
11.500 -5.00 88.5 52.553 1
11.500 -5.00 98.3 62.349 1
11.500 -5.00 108.2 72.144 1
11.500 -5.00 118.0 81.940 1
11.500 -4.00 0.0 -32.389 0
11.500 -4.00 9.8 -22.580 0
11.500 -4.00 19.7 -12.770 0
11.500 -4.00 29.5 -2.961 0
11.500 -4.00 39.3 6.849 0
11.500 -4.00 49.2 16.658 1
11.500 -4.00 59.0 26.467 1
11.500 -4.00 68.8 36.277 1
11.500 -4.00 78.7 46.086 1
11.500 -4.00 88.5 55.895 1
11.500 -4.00 98.3 65.705 1
11.500 -4.00 108.2 75.514 1
11.500 -4.00 118.0 85.324 1
11.500 -3.00 0.0 -29.167 0
11.500 -3.00 9.8 -19.347 0
11.500 -3.00 19.7 -9.528 0
11.500 -3.00 29.5 0.292 0
11.500 -3.00 39.3 10.112 0
11.500 -3.00 49.2 19.932 1
11.500 -3.00 59.0 29.752 1
11.500 -3.00 68.8 39.572 1
11.500 -3.00 78.7 49.392 1
11.500 -3.00 88.5 59.211 1
11.500 -3.00 98.3 69.031 1
11.500 -3.00 108.2 78.851 1
11.500 -3.00 118.0 88.671 1
11.500 -2.00 0.0 -25.946 0
11.500 -2.00 9.8 -16.118 0
11.500 -2.00 19.7 -6.291 0
11.500 -2.00 29.5 3.536 0
11.500 -2.00 39.3 13.364 1
11.500 -2.00 49.2 23.191 1
11.500 -2.00 59.0 33.018 1
11.500 -2.00 68.8 42.846 1
11.500 -2.00 78.7 52.673 1
11.500 -2.00 88.5 62.500 1
11.500 -2.00 98.3 72.328 1
11.500 -2.00 108.2 82.155 1
11.500 -2.00 118.0 91.982 1
11.500 -1.00 0.0 -22.724 0
11.500 -1.00 9.8 -12.892 0
11.500 -1.00 19.7 -3.060 0
11.500 -1.00 29.5 6.771 0
11.500 -1.00 39.3 16.603 1
11.500 -1.00 49.2 26.435 1
11.500 -1.00 59.0 36.267 1
11.500 -1.00 68.8 46.099 1
11.500 -1.00 78.7 55.931 1
11.500 -1.00 88.5 65.762 1
11.500 -1.00 98.3 75.594 1
11.500 -1.00 108.2 85.426 1
11.500 -1.00 118.0 95.258 1
11.500 0.00 0.0 -19.502 0
11.500 0.00 9.8 -9.669 0
11.500 0.00 19.7 0.164 0
11.500 0.00 29.5 9.998 0
11.500 0.00 39.3 19.831 1
11.500 0.00 49.2 29.664 1
11.500 0.00 59.0 39.498 1
11.500 0.00 68.8 49.331 1
11.500 0.00 78.7 59.164 1
11.500 0.00 88.5 68.998 1
11.500 0.00 98.3 78.831 1
11.500 0.00 108.2 88.664 1
11.500 0.00 118.0 98.498 1
11.500 1.00 0.0 -17.570 0
11.500 1.00 9.8 -7.738 0
11.500 1.00 19.7 2.094 0
11.500 1.00 29.5 11.926 1
11.500 1.00 39.3 21.758 1
11.500 1.00 49.2 31.590 1
11.500 1.00 59.0 41.421 1
11.500 1.00 68.8 51.253 1
11.500 1.00 78.7 61.085 1
11.500 1.00 88.5 70.917 1
11.500 1.00 98.3 80.749 1
11.500 1.00 108.2 90.581 1
11.500 1.00 118.0 100.413 1
11.500 2.00 0.0 -15.637 0
11.500 2.00 9.8 -5.809 0
11.500 2.00 19.7 4.018 0
11.500 2.00 29.5 13.845 1
11.500 2.00 39.3 23.673 1
11.500 2.00 49.2 33.500 1
11.500 2.00 59.0 43.328 1
11.500 2.00 68.8 53.155 1
11.500 2.00 78.7 62.982 1
11.500 2.00 88.5 72.810 1
11.500 2.00 98.3 82.637 1
11.500 2.00 108.2 92.464 1
11.500 2.00 118.0 102.292 1
11.500 3.00 0.0 -13.704 0
11.500 3.00 9.8 -3.884 0
11.500 3.00 19.7 5.936 0
11.500 3.00 29.5 15.756 1
11.500 3.00 39.3 25.576 1
11.500 3.00 49.2 35.396 1
11.500 3.00 59.0 45.216 1
11.500 3.00 68.8 55.035 1
11.500 3.00 78.7 64.855 1
11.500 3.00 88.5 74.675 1
11.500 3.00 98.3 84.495 1
11.500 3.00 108.2 94.315 1
11.500 3.00 118.0 104.135 1
11.500 4.00 0.0 -11.771 0
11.500 4.00 9.8 -1.961 0
11.500 4.00 19.7 7.848 0
11.500 4.00 29.5 17.658 0
11.500 4.00 39.3 27.467 1
11.500 4.00 49.2 37.276 1
11.500 4.00 59.0 47.086 1
11.500 4.00 68.8 56.895 1
11.500 4.00 78.7 66.704 1
11.500 4.00 88.5 76.514 1
11.500 4.00 98.3 86.323 1
11.500 4.00 108.2 96.133 1
11.500 4.00 118.0 105.942 1
11.500 5.00 0.0 -9.838 0
11.500 5.00 9.8 -0.042 0
11.500 5.00 19.7 9.754 0
11.500 5.00 29.5 19.550 0
11.500 5.00 39.3 29.346 1
11.500 5.00 49.2 39.142 1
11.500 5.00 59.0 48.938 1
11.500 5.00 68.8 58.734 1
11.500 5.00 78.7 68.530 1
11.500 5.00 88.5 78.326 1
11.500 5.00 98.3 88.122 1
11.500 5.00 108.2 97.917 1
11.500 5.00 118.0 107.713 1
12.000 -10.00 0.0 -50.387 0
12.000 -10.00 9.8 -40.703 0
12.000 -10.00 19.7 -31.019 0
12.000 -10.00 29.5 -21.335 0
12.000 -10.00 39.3 -11.651 0
12.000 -10.00 49.2 -1.967 0
12.000 -10.00 59.0 7.717 0
12.000 -10.00 68.8 17.401 0
12.000 -10.00 78.7 27.085 1
12.000 -10.00 88.5 36.769 1
12.000 -10.00 98.3 46.453 1
12.000 -10.00 108.2 56.136 1
12.000 -10.00 118.0 65.820 1
12.000 -9.00 0.0 -46.879 0
12.000 -9.00 9.8 -37.167 0
12.000 -9.00 19.7 -27.454 0
12.000 -9.00 29.5 -17.742 0
12.000 -9.00 39.3 -8.030 0
12.000 -9.00 49.2 1.682 0
12.000 -9.00 59.0 11.395 0
12.000 -9.00 68.8 21.107 1
12.000 -9.00 78.7 30.819 1
12.000 -9.00 88.5 40.531 1
12.000 -9.00 98.3 50.244 1
12.000 -9.00 108.2 59.956 1
12.000 -9.00 118.0 69.668 1
12.000 -8.00 0.0 -43.371 0
12.000 -8.00 9.8 -33.634 0
12.000 -8.00 19.7 -23.896 0
12.000 -8.00 29.5 -14.158 0
12.000 -8.00 39.3 -4.421 0
12.000 -8.00 49.2 5.317 0
12.000 -8.00 59.0 15.055 0
12.000 -8.00 68.8 24.792 1
12.000 -8.00 78.7 34.530 1
12.000 -8.00 88.5 44.268 1
12.000 -8.00 98.3 54.005 1
12.000 -8.00 108.2 63.743 1
12.000 -8.00 118.0 73.480 1
12.000 -7.00 0.0 -39.863 0
12.000 -7.00 9.8 -30.103 0
12.000 -7.00 19.7 -20.343 0
12.000 -7.00 29.5 -10.583 0
12.000 -7.00 39.3 -0.823 0
12.000 -7.00 49.2 8.937 0
12.000 -7.00 59.0 18.697 1
12.000 -7.00 68.8 28.457 1
12.000 -7.00 78.7 38.217 1
12.000 -7.00 88.5 47.977 1
12.000 -7.00 98.3 57.737 1
12.000 -7.00 108.2 67.497 1
12.000 -7.00 118.0 77.257 1
12.000 -6.00 0.0 -36.355 0
12.000 -6.00 9.8 -26.576 0
12.000 -6.00 19.7 -16.797 0
12.000 -6.00 29.5 -7.017 0
12.000 -6.00 39.3 2.762 0
12.000 -6.00 49.2 12.542 0
12.000 -6.00 59.0 22.321 1
12.000 -6.00 68.8 32.101 1
12.000 -6.00 78.7 41.880 1
12.000 -6.00 88.5 51.660 1
12.000 -6.00 98.3 61.439 1
12.000 -6.00 108.2 71.219 1
12.000 -6.00 118.0 80.998 1
12.000 -5.00 0.0 -32.848 0
12.000 -5.00 9.8 -23.052 0
12.000 -5.00 19.7 -13.256 0
12.000 -5.00 29.5 -3.460 0
12.000 -5.00 39.3 6.336 0
12.000 -5.00 49.2 16.132 1
12.000 -5.00 59.0 25.928 1
12.000 -5.00 68.8 35.724 1
12.000 -5.00 78.7 45.520 1
12.000 -5.00 88.5 55.316 1
12.000 -5.00 98.3 65.111 1
12.000 -5.00 108.2 74.907 1
12.000 -5.00 118.0 84.703 1
12.000 -4.00 0.0 -29.340 0
12.000 -4.00 9.8 -19.530 0
12.000 -4.00 19.7 -9.721 0
12.000 -4.00 29.5 0.088 0
12.000 -4.00 39.3 9.898 0
12.000 -4.00 49.2 19.707 1
12.000 -4.00 59.0 29.516 1
12.000 -4.00 68.8 39.326 1
12.000 -4.00 78.7 49.135 1
12.000 -4.00 88.5 58.945 1
12.000 -4.00 98.3 68.754 1
12.000 -4.00 108.2 78.563 1
12.000 -4.00 118.0 88.373 1
12.000 -3.00 0.0 -25.832 0
12.000 -3.00 9.8 -16.012 0
12.000 -3.00 19.7 -6.192 0
12.000 -3.00 29.5 3.628 0
12.000 -3.00 39.3 13.447 1
12.000 -3.00 49.2 23.267 1
12.000 -3.00 59.0 33.087 1
12.000 -3.00 68.8 42.907 1
12.000 -3.00 78.7 52.727 1
12.000 -3.00 88.5 62.547 1
12.000 -3.00 98.3 72.367 1
12.000 -3.00 108.2 82.186 1
12.000 -3.00 118.0 92.006 1
12.000 -2.00 0.0 -22.324 0
12.000 -2.00 9.8 -12.497 0
12.000 -2.00 19.7 -2.669 0
12.000 -2.00 29.5 7.158 0
12.000 -2.00 39.3 16.985 1
12.000 -2.00 49.2 26.813 1
12.000 -2.00 59.0 36.640 1
12.000 -2.00 68.8 46.467 1
12.000 -2.00 78.7 56.295 1
12.000 -2.00 88.5 66.122 1
12.000 -2.00 98.3 75.949 1
12.000 -2.00 108.2 85.777 1
12.000 -2.00 118.0 95.604 1
12.000 -1.00 0.0 -18.816 0
12.000 -1.00 9.8 -8.984 0
12.000 -1.00 19.7 0.847 0
12.000 -1.00 29.5 10.679 0
12.000 -1.00 39.3 20.511 1
12.000 -1.00 49.2 30.343 1
12.000 -1.00 59.0 40.175 1
12.000 -1.00 68.8 50.007 1
12.000 -1.00 78.7 59.838 1
12.000 -1.00 88.5 69.670 1
12.000 -1.00 98.3 79.502 1
12.000 -1.00 108.2 89.334 1
12.000 -1.00 118.0 99.166 1
12.000 0.00 0.0 -15.308 0
12.000 0.00 9.8 -5.475 0
12.000 0.00 19.7 4.358 0
12.000 0.00 29.5 14.192 1
12.000 0.00 39.3 24.025 1
12.000 0.00 49.2 33.858 1
12.000 0.00 59.0 43.692 1
12.000 0.00 68.8 53.525 1
12.000 0.00 78.7 63.358 1
12.000 0.00 88.5 73.192 1
12.000 0.00 98.3 83.025 1
12.000 0.00 108.2 92.858 1
12.000 0.00 118.0 102.692 1
12.000 1.00 0.0 -13.204 0
12.000 1.00 9.8 -3.372 0
12.000 1.00 19.7 6.460 0
12.000 1.00 29.5 16.292 1
12.000 1.00 39.3 26.124 1
12.000 1.00 49.2 35.955 1
12.000 1.00 59.0 45.787 1
12.000 1.00 68.8 55.619 1
12.000 1.00 78.7 65.451 1
12.000 1.00 88.5 75.283 1
12.000 1.00 98.3 85.115 1
12.000 1.00 108.2 94.946 1
12.000 1.00 118.0 104.778 1
12.000 2.00 0.0 -11.099 0
12.000 2.00 9.8 -1.272 0
12.000 2.00 19.7 8.556 1
12.000 2.00 29.5 18.383 1
12.000 2.00 39.3 28.210 1
12.000 2.00 49.2 38.038 1
12.000 2.00 59.0 47.865 1
12.000 2.00 68.8 57.692 1
12.000 2.00 78.7 67.520 1
12.000 2.00 88.5 77.347 1
12.000 2.00 98.3 87.174 1
12.000 2.00 108.2 97.002 1
12.000 2.00 118.0 106.829 1
12.000 3.00 0.0 -8.994 0
12.000 3.00 9.8 0.826 0
12.000 3.00 19.7 10.645 1
12.000 3.00 29.5 20.465 1
12.000 3.00 39.3 30.285 1
12.000 3.00 49.2 40.105 1
12.000 3.00 59.0 49.925 1
12.000 3.00 68.8 59.745 1
12.000 3.00 78.7 69.565 1
12.000 3.00 88.5 79.384 1
12.000 3.00 98.3 89.204 1
12.000 3.00 108.2 99.024 1
12.000 3.00 118.0 108.844 1
12.000 4.00 0.0 -6.890 0
12.000 4.00 9.8 2.920 0
12.000 4.00 19.7 12.729 0
12.000 4.00 29.5 22.539 1
12.000 4.00 39.3 32.348 1
12.000 4.00 49.2 42.157 1
12.000 4.00 59.0 51.967 1
12.000 4.00 68.8 61.776 1
12.000 4.00 78.7 71.585 1
12.000 4.00 88.5 81.395 1
12.000 4.00 98.3 91.204 1
12.000 4.00 108.2 101.014 1
12.000 4.00 118.0 110.823 1
12.000 5.00 0.0 -4.785 0
12.000 5.00 9.8 5.011 0
12.000 5.00 19.7 14.807 0
12.000 5.00 29.5 24.603 0
12.000 5.00 39.3 34.399 1
12.000 5.00 49.2 44.195 1
12.000 5.00 59.0 53.991 1
12.000 5.00 68.8 63.787 1
12.000 5.00 78.7 73.582 1
12.000 5.00 88.5 83.378 1
12.000 5.00 98.3 93.174 1
12.000 5.00 108.2 102.970 1
12.000 5.00 118.0 112.766 1
12.500 -10.00 0.0 -48.998 0
12.500 -10.00 9.8 -39.315 0
12.500 -10.00 19.7 -29.631 0
12.500 -10.00 29.5 -19.947 0
12.500 -10.00 39.3 -10.263 0
12.500 -10.00 49.2 -0.579 0
12.500 -10.00 59.0 9.105 0
12.500 -10.00 68.8 18.789 0
12.500 -10.00 78.7 28.473 1
12.500 -10.00 88.5 38.157 1
12.500 -10.00 98.3 47.841 1
12.500 -10.00 108.2 57.525 1
12.500 -10.00 118.0 67.209 1
12.500 -9.00 0.0 -45.192 0
12.500 -9.00 9.8 -35.480 0
12.500 -9.00 19.7 -25.768 0
12.500 -9.00 29.5 -16.055 0
12.500 -9.00 39.3 -6.343 0
12.500 -9.00 49.2 3.369 0
12.500 -9.00 59.0 13.081 0
12.500 -9.00 68.8 22.794 1
12.500 -9.00 78.7 32.506 1
12.500 -9.00 88.5 42.218 1
12.500 -9.00 98.3 51.930 1
12.500 -9.00 108.2 61.643 1
12.500 -9.00 118.0 71.355 1
12.500 -8.00 0.0 -41.386 0
12.500 -8.00 9.8 -31.648 0
12.500 -8.00 19.7 -21.911 0
12.500 -8.00 29.5 -12.173 0
12.500 -8.00 39.3 -2.435 0
12.500 -8.00 49.2 7.302 0
12.500 -8.00 59.0 17.040 0
12.500 -8.00 68.8 26.778 1
12.500 -8.00 78.7 36.515 1
12.500 -8.00 88.5 46.253 1
12.500 -8.00 98.3 55.990 1
12.500 -8.00 108.2 65.728 1
12.500 -8.00 118.0 75.466 1
12.500 -7.00 0.0 -37.580 0
12.500 -7.00 9.8 -27.820 0
12.500 -7.00 19.7 -18.060 0
12.500 -7.00 29.5 -8.300 0
12.500 -7.00 39.3 1.460 0
12.500 -7.00 49.2 11.221 0
12.500 -7.00 59.0 20.981 1
12.500 -7.00 68.8 30.741 1
12.500 -7.00 78.7 40.501 1
12.500 -7.00 88.5 50.261 1
12.500 -7.00 98.3 60.021 1
12.500 -7.00 108.2 69.781 1
12.500 -7.00 118.0 79.541 1
12.500 -6.00 0.0 -33.773 0
12.500 -6.00 9.8 -23.994 0
12.500 -6.00 19.7 -14.214 0
12.500 -6.00 29.5 -4.435 0
12.500 -6.00 39.3 5.344 0
12.500 -6.00 49.2 15.124 0
12.500 -6.00 59.0 24.903 1
12.500 -6.00 68.8 34.683 1
12.500 -6.00 78.7 44.462 1
12.500 -6.00 88.5 54.242 1
12.500 -6.00 98.3 64.021 1
12.500 -6.00 108.2 73.801 1
12.500 -6.00 118.0 83.580 1
12.500 -5.00 0.0 -29.967 0
12.500 -5.00 9.8 -20.171 0
12.500 -5.00 19.7 -10.375 0
12.500 -5.00 29.5 -0.579 0
12.500 -5.00 39.3 9.216 0
12.500 -5.00 49.2 19.012 1
12.500 -5.00 59.0 28.808 1
12.500 -5.00 68.8 38.604 1
12.500 -5.00 78.7 48.400 1
12.500 -5.00 88.5 58.196 1
12.500 -5.00 98.3 67.992 1
12.500 -5.00 108.2 77.788 1
12.500 -5.00 118.0 87.584 1
12.500 -4.00 0.0 -26.161 0
12.500 -4.00 9.8 -16.352 0
12.500 -4.00 19.7 -6.542 0
12.500 -4.00 29.5 3.267 0
12.500 -4.00 39.3 13.077 0
12.500 -4.00 49.2 22.886 1
12.500 -4.00 59.0 32.695 1
12.500 -4.00 68.8 42.505 1
12.500 -4.00 78.7 52.314 1
12.500 -4.00 88.5 62.124 1
12.500 -4.00 98.3 71.933 1
12.500 -4.00 108.2 81.742 1
12.500 -4.00 118.0 91.552 1
12.500 -3.00 0.0 -22.355 0
12.500 -3.00 9.8 -12.535 0
12.500 -3.00 19.7 -2.715 0
12.500 -3.00 29.5 7.105 0
12.500 -3.00 39.3 16.925 1
12.500 -3.00 49.2 26.745 1
12.500 -3.00 59.0 36.564 1
12.500 -3.00 68.8 46.384 1
12.500 -3.00 78.7 56.204 1
12.500 -3.00 88.5 66.024 1
12.500 -3.00 98.3 75.844 1
12.500 -3.00 108.2 85.664 1
12.500 -3.00 118.0 95.484 1
12.500 -2.00 0.0 -18.548 0
12.500 -2.00 9.8 -8.721 0
12.500 -2.00 19.7 1.106 0
12.500 -2.00 29.5 10.934 0
12.500 -2.00 39.3 20.761 1
12.500 -2.00 49.2 30.588 1
12.500 -2.00 59.0 40.416 1
12.500 -2.00 68.8 50.243 1
12.500 -2.00 78.7 60.070 1
12.500 -2.00 88.5 69.898 1
12.500 -2.00 98.3 79.725 1
12.500 -2.00 108.2 89.552 1
12.500 -2.00 118.0 99.380 1
12.500 -1.00 0.0 -14.742 0
12.500 -1.00 9.8 -4.910 0
12.500 -1.00 19.7 4.922 0
12.500 -1.00 29.5 14.753 1
12.500 -1.00 39.3 24.585 1
12.500 -1.00 49.2 34.417 1
12.500 -1.00 59.0 44.249 1
12.500 -1.00 68.8 54.081 1
12.500 -1.00 78.7 63.913 1
12.500 -1.00 88.5 73.744 1
12.500 -1.00 98.3 83.576 1
12.500 -1.00 108.2 93.408 1
12.500 -1.00 118.0 103.240 1
12.500 0.00 0.0 -10.936 0
12.500 0.00 9.8 -1.103 0
12.500 0.00 19.7 8.731 0
12.500 0.00 29.5 18.564 1
12.500 0.00 39.3 28.397 1
12.500 0.00 49.2 38.231 1
12.500 0.00 59.0 48.064 1
12.500 0.00 68.8 57.897 1
12.500 0.00 78.7 67.731 1
12.500 0.00 88.5 77.564 1
12.500 0.00 98.3 87.397 1
12.500 0.00 108.2 97.231 1
12.500 0.00 118.0 107.064 1
12.500 1.00 0.0 -8.652 0
12.500 1.00 9.8 1.180 0
12.500 1.00 19.7 11.012 1
12.500 1.00 29.5 20.843 1
12.500 1.00 39.3 30.675 1
12.500 1.00 49.2 40.507 1
12.500 1.00 59.0 50.339 1
12.500 1.00 68.8 60.171 1
12.500 1.00 78.7 70.003 1
12.500 1.00 88.5 79.834 1
12.500 1.00 98.3 89.666 1
12.500 1.00 108.2 99.498 1
12.500 1.00 118.0 109.330 1
12.500 2.00 0.0 -6.368 0
12.500 2.00 9.8 3.459 0
12.500 2.00 19.7 13.286 1
12.500 2.00 29.5 23.114 1
12.500 2.00 39.3 32.941 1
12.500 2.00 49.2 42.768 1
12.500 2.00 59.0 52.596 1
12.500 2.00 68.8 62.423 1
12.500 2.00 78.7 72.250 1
12.500 2.00 88.5 82.078 1
12.500 2.00 98.3 91.905 1
12.500 2.00 108.2 101.732 1
12.500 2.00 118.0 111.560 1
12.500 3.00 0.0 -4.085 0
12.500 3.00 9.8 5.735 0
12.500 3.00 19.7 15.555 1
12.500 3.00 29.5 25.375 1
12.500 3.00 39.3 35.195 1
12.500 3.00 49.2 45.015 1
12.500 3.00 59.0 54.835 1
12.500 3.00 68.8 64.654 1
12.500 3.00 78.7 74.474 1
12.500 3.00 88.5 84.294 1
12.500 3.00 98.3 94.114 1
12.500 3.00 108.2 103.934 1
12.500 3.00 118.0 113.754 1
12.500 4.00 0.0 -1.801 0
12.500 4.00 9.8 8.009 0
12.500 4.00 19.7 17.818 0
12.500 4.00 29.5 27.627 1
12.500 4.00 39.3 37.437 1
12.500 4.00 49.2 47.246 1
12.500 4.00 59.0 57.055 1
12.500 4.00 68.8 66.865 1
12.500 4.00 78.7 76.674 1
12.500 4.00 88.5 86.484 1
12.500 4.00 98.3 96.293 1
12.500 4.00 108.2 106.102 1
12.500 4.00 118.0 115.912 1
12.500 5.00 0.0 0.483 0
12.500 5.00 9.8 10.279 0
12.500 5.00 19.7 20.075 0
12.500 5.00 29.5 29.871 0
12.500 5.00 39.3 39.667 1
12.500 5.00 49.2 49.462 1
12.500 5.00 59.0 59.258 1
12.500 5.00 68.8 69.054 1
12.500 5.00 78.7 78.850 1
12.500 5.00 88.5 88.646 1
12.500 5.00 98.3 98.442 1
12.500 5.00 108.2 108.238 1
12.500 5.00 118.0 118.034 1
13.000 -10.00 0.0 -47.553 0
13.000 -10.00 9.8 -37.869 0
13.000 -10.00 19.7 -28.185 0
13.000 -10.00 29.5 -18.502 0
13.000 -10.00 39.3 -8.818 0
13.000 -10.00 49.2 0.866 0
13.000 -10.00 59.0 10.550 0
13.000 -10.00 68.8 20.234 0
13.000 -10.00 78.7 29.918 1
13.000 -10.00 88.5 39.602 1
13.000 -10.00 98.3 49.286 1
13.000 -10.00 108.2 58.970 1
13.000 -10.00 118.0 68.654 1
13.000 -9.00 0.0 -43.437 0
13.000 -9.00 9.8 -33.724 0
13.000 -9.00 19.7 -24.012 0
13.000 -9.00 29.5 -14.300 0
13.000 -9.00 39.3 -4.587 0
13.000 -9.00 49.2 5.125 0
13.000 -9.00 59.0 14.837 0
13.000 -9.00 68.8 24.549 1
13.000 -9.00 78.7 34.262 1
13.000 -9.00 88.5 43.974 1
13.000 -9.00 98.3 53.686 1
13.000 -9.00 108.2 63.398 1
13.000 -9.00 118.0 73.111 1
13.000 -8.00 0.0 -39.320 0
13.000 -8.00 9.8 -29.582 0
13.000 -8.00 19.7 -19.844 0
13.000 -8.00 29.5 -10.107 0
13.000 -8.00 39.3 -0.369 0
13.000 -8.00 49.2 9.369 0
13.000 -8.00 59.0 19.106 1
13.000 -8.00 68.8 28.844 1
13.000 -8.00 78.7 38.581 1
13.000 -8.00 88.5 48.319 1
13.000 -8.00 98.3 58.057 1
13.000 -8.00 108.2 67.794 1
13.000 -8.00 118.0 77.532 1
13.000 -7.00 0.0 -35.203 0
13.000 -7.00 9.8 -25.443 0
13.000 -7.00 19.7 -15.683 0
13.000 -7.00 29.5 -5.923 0
13.000 -7.00 39.3 3.837 0
13.000 -7.00 49.2 13.597 0
13.000 -7.00 59.0 23.357 1
13.000 -7.00 68.8 33.117 1
13.000 -7.00 78.7 42.877 1
13.000 -7.00 88.5 52.638 1
13.000 -7.00 98.3 62.398 1
13.000 -7.00 108.2 72.158 1
13.000 -7.00 118.0 81.918 1
13.000 -6.00 0.0 -31.086 0
13.000 -6.00 9.8 -21.307 0
13.000 -6.00 19.7 -11.527 0
13.000 -6.00 29.5 -1.748 0
13.000 -6.00 39.3 8.032 0
13.000 -6.00 49.2 17.811 1
13.000 -6.00 59.0 27.591 1
13.000 -6.00 68.8 37.370 1
13.000 -6.00 78.7 47.150 1
13.000 -6.00 88.5 56.929 1
13.000 -6.00 98.3 66.709 1
13.000 -6.00 108.2 76.488 1
13.000 -6.00 118.0 86.268 1
13.000 -5.00 0.0 -26.969 0
13.000 -5.00 9.8 -17.173 0
13.000 -5.00 19.7 -7.377 0
13.000 -5.00 29.5 2.419 0
13.000 -5.00 39.3 12.215 0
13.000 -5.00 49.2 22.010 1
13.000 -5.00 59.0 31.806 1
13.000 -5.00 68.8 41.602 1
13.000 -5.00 78.7 51.398 1
13.000 -5.00 88.5 61.194 1
13.000 -5.00 98.3 70.990 1
13.000 -5.00 108.2 80.786 1
13.000 -5.00 118.0 90.582 1
13.000 -4.00 0.0 -22.852 0
13.000 -4.00 9.8 -13.043 0
13.000 -4.00 19.7 -3.234 0
13.000 -4.00 29.5 6.576 0
13.000 -4.00 39.3 16.385 1
13.000 -4.00 49.2 26.195 1
13.000 -4.00 59.0 36.004 1
13.000 -4.00 68.8 45.813 1
13.000 -4.00 78.7 55.623 1
13.000 -4.00 88.5 65.432 1
13.000 -4.00 98.3 75.242 1
13.000 -4.00 108.2 85.051 1
13.000 -4.00 118.0 94.860 1
13.000 -3.00 0.0 -18.735 0
13.000 -3.00 9.8 -8.916 0
13.000 -3.00 19.7 0.904 0
13.000 -3.00 29.5 10.724 0
13.000 -3.00 39.3 20.544 1
13.000 -3.00 49.2 30.364 1
13.000 -3.00 59.0 40.184 1
13.000 -3.00 68.8 50.004 1
13.000 -3.00 78.7 59.823 1
13.000 -3.00 88.5 69.643 1
13.000 -3.00 98.3 79.463 1
13.000 -3.00 108.2 89.283 1
13.000 -3.00 118.0 99.103 1
13.000 -2.00 0.0 -14.619 0
13.000 -2.00 9.8 -4.791 0
13.000 -2.00 19.7 5.036 0
13.000 -2.00 29.5 14.863 1
13.000 -2.00 39.3 24.691 1
13.000 -2.00 49.2 34.518 1
13.000 -2.00 59.0 44.345 1
13.000 -2.00 68.8 54.173 1
13.000 -2.00 78.7 64.000 1
13.000 -2.00 88.5 73.828 1
13.000 -2.00 98.3 83.655 1
13.000 -2.00 108.2 93.482 1
13.000 -2.00 118.0 103.310 1
13.000 -1.00 0.0 -10.502 0
13.000 -1.00 9.8 -0.670 0
13.000 -1.00 19.7 9.162 0
13.000 -1.00 29.5 18.994 1
13.000 -1.00 39.3 28.826 1
13.000 -1.00 49.2 38.657 1
13.000 -1.00 59.0 48.489 1
13.000 -1.00 68.8 58.321 1
13.000 -1.00 78.7 68.153 1
13.000 -1.00 88.5 77.985 1
13.000 -1.00 98.3 87.817 1
13.000 -1.00 108.2 97.648 1
13.000 -1.00 118.0 107.480 1
13.000 0.00 0.0 -6.385 0
13.000 0.00 9.8 3.448 0
13.000 0.00 19.7 13.282 0
13.000 0.00 29.5 23.115 1
13.000 0.00 39.3 32.948 1
13.000 0.00 49.2 42.782 1
13.000 0.00 59.0 52.615 1
13.000 0.00 68.8 62.448 1
13.000 0.00 78.7 72.282 1
13.000 0.00 88.5 82.115 1
13.000 0.00 98.3 91.948 1
13.000 0.00 108.2 101.782 1
13.000 0.00 118.0 111.615 1
13.000 1.00 0.0 -3.915 0
13.000 1.00 9.8 5.917 0
13.000 1.00 19.7 15.749 1
13.000 1.00 29.5 25.581 1
13.000 1.00 39.3 35.413 1
13.000 1.00 49.2 45.244 1
13.000 1.00 59.0 55.076 1
13.000 1.00 68.8 64.908 1
13.000 1.00 78.7 74.740 1
13.000 1.00 88.5 84.572 1
13.000 1.00 98.3 94.404 1
13.000 1.00 108.2 104.235 1
13.000 1.00 118.0 114.067 1
13.000 2.00 0.0 -1.445 0
13.000 2.00 9.8 8.383 0
13.000 2.00 19.7 18.210 1
13.000 2.00 29.5 28.037 1
13.000 2.00 39.3 37.865 1
13.000 2.00 49.2 47.692 1
13.000 2.00 59.0 57.519 1
13.000 2.00 68.8 67.347 1
13.000 2.00 78.7 77.174 1
13.000 2.00 88.5 87.001 1
13.000 2.00 98.3 96.829 1
13.000 2.00 108.2 106.656 1
13.000 2.00 118.0 116.483 1
13.000 3.00 0.0 1.025 0
13.000 3.00 9.8 10.845 0
13.000 3.00 19.7 20.665 1
13.000 3.00 29.5 30.485 1
13.000 3.00 39.3 40.305 1
13.000 3.00 49.2 50.125 1
13.000 3.00 59.0 59.945 1
13.000 3.00 68.8 69.764 1
13.000 3.00 78.7 79.584 1
13.000 3.00 88.5 89.404 1
13.000 3.00 98.3 99.224 1
13.000 3.00 108.2 109.044 1
13.000 3.00 118.0 118.864 1
13.000 4.00 0.0 3.496 0
13.000 4.00 9.8 13.305 0
13.000 4.00 19.7 23.114 1
13.000 4.00 29.5 32.924 1
13.000 4.00 39.3 42.733 1
13.000 4.00 49.2 52.542 1
13.000 4.00 59.0 62.352 1
13.000 4.00 68.8 72.161 1
13.000 4.00 78.7 81.971 1
13.000 4.00 88.5 91.780 1
13.000 4.00 98.3 101.589 1
13.000 4.00 108.2 111.399 1
13.000 4.00 118.0 121.208 1
13.000 5.00 0.0 5.966 0
13.000 5.00 9.8 15.762 0
13.000 5.00 19.7 25.557 0
13.000 5.00 29.5 35.353 1
13.000 5.00 39.3 45.149 1
13.000 5.00 49.2 54.945 1
13.000 5.00 59.0 64.741 1
13.000 5.00 68.8 74.537 1
13.000 5.00 78.7 84.333 1
13.000 5.00 88.5 94.129 1
13.000 5.00 98.3 103.925 1
13.000 5.00 108.2 113.721 1
13.000 5.00 118.0 123.517 1
13.500 -10.00 0.0 -46.052 0
13.500 -10.00 9.8 -36.368 0
13.500 -10.00 19.7 -26.684 0
13.500 -10.00 29.5 -17.000 0
13.500 -10.00 39.3 -7.316 0
13.500 -10.00 49.2 2.368 0
13.500 -10.00 59.0 12.052 0
13.500 -10.00 68.8 21.736 0
13.500 -10.00 78.7 31.420 1
13.500 -10.00 88.5 41.104 1
13.500 -10.00 98.3 50.788 1
13.500 -10.00 108.2 60.472 1
13.500 -10.00 118.0 70.156 1
13.500 -9.00 0.0 -41.612 0
13.500 -9.00 9.8 -31.900 0
13.500 -9.00 19.7 -22.187 0
13.500 -9.00 29.5 -12.475 0
13.500 -9.00 39.3 -2.763 0
13.500 -9.00 49.2 6.949 0
13.500 -9.00 59.0 16.662 0
13.500 -9.00 68.8 26.374 1
13.500 -9.00 78.7 36.086 1
13.500 -9.00 88.5 45.798 1
13.500 -9.00 98.3 55.511 1
13.500 -9.00 108.2 65.223 1
13.500 -9.00 118.0 74.935 1
13.500 -8.00 0.0 -37.172 0
13.500 -8.00 9.8 -27.435 0
13.500 -8.00 19.7 -17.697 0
13.500 -8.00 29.5 -7.959 0
13.500 -8.00 39.3 1.778 0
13.500 -8.00 49.2 11.516 0
13.500 -8.00 59.0 21.253 1
13.500 -8.00 68.8 30.991 1
13.500 -8.00 78.7 40.729 1
13.500 -8.00 88.5 50.466 1
13.500 -8.00 98.3 60.204 1
13.500 -8.00 108.2 69.942 1
13.500 -8.00 118.0 79.679 1
13.500 -7.00 0.0 -32.733 0
13.500 -7.00 9.8 -22.973 0
13.500 -7.00 19.7 -13.213 0
13.500 -7.00 29.5 -3.453 0
13.500 -7.00 39.3 6.307 0
13.500 -7.00 49.2 16.067 0
13.500 -7.00 59.0 25.827 1
13.500 -7.00 68.8 35.588 1
13.500 -7.00 78.7 45.348 1
13.500 -7.00 88.5 55.108 1
13.500 -7.00 98.3 64.868 1
13.500 -7.00 108.2 74.628 1
13.500 -7.00 118.0 84.388 1
13.500 -6.00 0.0 -28.293 0
13.500 -6.00 9.8 -18.514 0
13.500 -6.00 19.7 -8.734 0
13.500 -6.00 29.5 1.045 0
13.500 -6.00 39.3 10.825 0
13.500 -6.00 49.2 20.604 1
13.500 -6.00 59.0 30.384 1
13.500 -6.00 68.8 40.163 1
13.500 -6.00 78.7 49.943 1
13.500 -6.00 88.5 59.722 1
13.500 -6.00 98.3 69.502 1
13.500 -6.00 108.2 79.281 1
13.500 -6.00 118.0 89.060 1
13.500 -5.00 0.0 -23.853 0
13.500 -5.00 9.8 -14.058 0
13.500 -5.00 19.7 -4.262 0
13.500 -5.00 29.5 5.534 0
13.500 -5.00 39.3 15.330 0
13.500 -5.00 49.2 25.126 1
13.500 -5.00 59.0 34.922 1
13.500 -5.00 68.8 44.718 1
13.500 -5.00 78.7 54.514 1
13.500 -5.00 88.5 64.310 1
13.500 -5.00 98.3 74.106 1
13.500 -5.00 108.2 83.902 1
13.500 -5.00 118.0 93.697 1
13.500 -4.00 0.0 -19.414 0
13.500 -4.00 9.8 -9.605 0
13.500 -4.00 19.7 0.205 0
13.500 -4.00 29.5 10.014 0
13.500 -4.00 39.3 19.824 1
13.500 -4.00 49.2 29.633 1
13.500 -4.00 59.0 39.442 1
13.500 -4.00 68.8 49.252 1
13.500 -4.00 78.7 59.061 1
13.500 -4.00 88.5 68.871 1
13.500 -4.00 98.3 78.680 1
13.500 -4.00 108.2 88.489 1
13.500 -4.00 118.0 98.299 1
13.500 -3.00 0.0 -14.974 0
13.500 -3.00 9.8 -5.154 0
13.500 -3.00 19.7 4.665 0
13.500 -3.00 29.5 14.485 0
13.500 -3.00 39.3 24.305 1
13.500 -3.00 49.2 34.125 1
13.500 -3.00 59.0 43.945 1
13.500 -3.00 68.8 53.765 1
13.500 -3.00 78.7 63.585 1
13.500 -3.00 88.5 73.404 1
13.500 -3.00 98.3 83.224 1
13.500 -3.00 108.2 93.044 1
13.500 -3.00 118.0 102.864 1
13.500 -2.00 0.0 -10.535 0
13.500 -2.00 9.8 -0.707 0
13.500 -2.00 19.7 9.120 0
13.500 -2.00 29.5 18.947 1
13.500 -2.00 39.3 28.775 1
13.500 -2.00 49.2 38.602 1
13.500 -2.00 59.0 48.429 1
13.500 -2.00 68.8 58.257 1
13.500 -2.00 78.7 68.084 1
13.500 -2.00 88.5 77.911 1
13.500 -2.00 98.3 87.739 1
13.500 -2.00 108.2 97.566 1
13.500 -2.00 118.0 107.393 1
13.500 -1.00 0.0 -6.095 0
13.500 -1.00 9.8 3.737 0
13.500 -1.00 19.7 13.569 0
13.500 -1.00 29.5 23.400 1
13.500 -1.00 39.3 33.232 1
13.500 -1.00 49.2 43.064 1
13.500 -1.00 59.0 52.896 1
13.500 -1.00 68.8 62.728 1
13.500 -1.00 78.7 72.560 1
13.500 -1.00 88.5 82.391 1
13.500 -1.00 98.3 92.223 1
13.500 -1.00 108.2 102.055 1
13.500 -1.00 118.0 111.887 1
13.500 0.00 0.0 -1.655 0
13.500 0.00 9.8 8.178 0
13.500 0.00 19.7 18.011 1
13.500 0.00 29.5 27.845 1
13.500 0.00 39.3 37.678 1
13.500 0.00 49.2 47.511 1
13.500 0.00 59.0 57.345 1
13.500 0.00 68.8 67.178 1
13.500 0.00 78.7 77.011 1
13.500 0.00 88.5 86.845 1
13.500 0.00 98.3 96.678 1
13.500 0.00 108.2 106.511 1
13.500 0.00 118.0 116.345 1
13.500 1.00 0.0 1.008 0
13.500 1.00 9.8 10.840 0
13.500 1.00 19.7 20.672 1
13.500 1.00 29.5 30.504 1
13.500 1.00 39.3 40.336 1
13.500 1.00 49.2 50.168 1
13.500 1.00 59.0 59.999 1
13.500 1.00 68.8 69.831 1
13.500 1.00 78.7 79.663 1
13.500 1.00 88.5 89.495 1
13.500 1.00 98.3 99.327 1
13.500 1.00 108.2 109.159 1
13.500 1.00 118.0 118.990 1
13.500 2.00 0.0 3.672 0
13.500 2.00 9.8 13.499 1
13.500 2.00 19.7 23.327 1
13.500 2.00 29.5 33.154 1
13.500 2.00 39.3 42.982 1
13.500 2.00 49.2 52.809 1
13.500 2.00 59.0 62.636 1
13.500 2.00 68.8 72.464 1
13.500 2.00 78.7 82.291 1
13.500 2.00 88.5 92.118 1
13.500 2.00 98.3 101.946 1
13.500 2.00 108.2 111.773 1
13.500 2.00 118.0 121.600 1
13.500 3.00 0.0 6.336 0
13.500 3.00 9.8 16.156 1
13.500 3.00 19.7 25.976 1
13.500 3.00 29.5 35.795 1
13.500 3.00 39.3 45.615 1
13.500 3.00 49.2 55.435 1
13.500 3.00 59.0 65.255 1
13.500 3.00 68.8 75.075 1
13.500 3.00 78.7 84.895 1
13.500 3.00 88.5 94.715 1
13.500 3.00 98.3 104.534 1
13.500 3.00 108.2 114.354 1
13.500 3.00 118.0 124.174 1
13.500 4.00 0.0 9.000 0
13.500 4.00 9.8 18.809 0
13.500 4.00 19.7 28.618 1
13.500 4.00 29.5 38.428 1
13.500 4.00 39.3 48.237 1
13.500 4.00 49.2 58.047 1
13.500 4.00 59.0 67.856 1
13.500 4.00 68.8 77.665 1
13.500 4.00 78.7 87.475 1
13.500 4.00 88.5 97.284 1
13.500 4.00 98.3 107.093 1
13.500 4.00 108.2 116.903 1
13.500 4.00 118.0 126.712 1
13.500 5.00 0.0 11.663 0
13.500 5.00 9.8 21.459 0
13.500 5.00 19.7 31.255 0
13.500 5.00 29.5 41.051 1
13.500 5.00 39.3 50.847 1
13.500 5.00 49.2 60.643 1
13.500 5.00 59.0 70.439 1
13.500 5.00 68.8 80.235 1
13.500 5.00 78.7 90.031 1
13.500 5.00 88.5 99.827 1
13.500 5.00 98.3 109.623 1
13.500 5.00 108.2 119.418 1
13.500 5.00 118.0 129.214 1
14.000 -10.00 0.0 -44.493 0
14.000 -10.00 9.8 -34.809 0
14.000 -10.00 19.7 -25.125 0
14.000 -10.00 29.5 -15.441 0
14.000 -10.00 39.3 -5.757 0
14.000 -10.00 49.2 3.927 0
14.000 -10.00 59.0 13.611 0
14.000 -10.00 68.8 23.294 0
14.000 -10.00 78.7 32.978 1
14.000 -10.00 88.5 42.662 1
14.000 -10.00 98.3 52.346 1
14.000 -10.00 108.2 62.030 1
14.000 -10.00 118.0 71.714 1
14.000 -9.00 0.0 -39.719 0
14.000 -9.00 9.8 -30.006 0
14.000 -9.00 19.7 -20.294 0
14.000 -9.00 29.5 -10.582 0
14.000 -9.00 39.3 -0.870 0
14.000 -9.00 49.2 8.843 0
14.000 -9.00 59.0 18.555 0
14.000 -9.00 68.8 28.267 1
14.000 -9.00 78.7 37.980 1
14.000 -9.00 88.5 47.692 1
14.000 -9.00 98.3 57.404 1
14.000 -9.00 108.2 67.116 1
14.000 -9.00 118.0 76.829 1
14.000 -8.00 0.0 -34.944 0
14.000 -8.00 9.8 -25.206 0
14.000 -8.00 19.7 -15.469 0
14.000 -8.00 29.5 -5.731 0
14.000 -8.00 39.3 4.007 0
14.000 -8.00 49.2 13.744 0
14.000 -8.00 59.0 23.482 1
14.000 -8.00 68.8 33.219 1
14.000 -8.00 78.7 42.957 1
14.000 -8.00 88.5 52.695 1
14.000 -8.00 98.3 62.432 1
14.000 -8.00 108.2 72.170 1
14.000 -8.00 118.0 81.908 1
14.000 -7.00 0.0 -30.169 0
14.000 -7.00 9.8 -20.409 0
14.000 -7.00 19.7 -10.649 0
14.000 -7.00 29.5 -0.889 0
14.000 -7.00 39.3 8.871 0
14.000 -7.00 49.2 18.631 0
14.000 -7.00 59.0 28.391 1
14.000 -7.00 68.8 38.151 1
14.000 -7.00 78.7 47.911 1
14.000 -7.00 88.5 57.671 1
14.000 -7.00 98.3 67.431 1
14.000 -7.00 108.2 77.191 1
14.000 -7.00 118.0 86.951 1
14.000 -6.00 0.0 -25.395 0
14.000 -6.00 9.8 -15.615 0
14.000 -6.00 19.7 -5.836 0
14.000 -6.00 29.5 3.944 0
14.000 -6.00 39.3 13.723 0
14.000 -6.00 49.2 23.502 1
14.000 -6.00 59.0 33.282 1
14.000 -6.00 68.8 43.061 1
14.000 -6.00 78.7 52.841 1
14.000 -6.00 88.5 62.620 1
14.000 -6.00 98.3 72.400 1
14.000 -6.00 108.2 82.179 1
14.000 -6.00 118.0 91.959 1
14.000 -5.00 0.0 -20.620 0
14.000 -5.00 9.8 -10.824 0
14.000 -5.00 19.7 -1.028 0
14.000 -5.00 29.5 8.767 0
14.000 -5.00 39.3 18.563 0
14.000 -5.00 49.2 28.359 1
14.000 -5.00 59.0 38.155 1
14.000 -5.00 68.8 47.951 1
14.000 -5.00 78.7 57.747 1
14.000 -5.00 88.5 67.543 1
14.000 -5.00 98.3 77.339 1
14.000 -5.00 108.2 87.135 1
14.000 -5.00 118.0 96.931 1
14.000 -4.00 0.0 -15.846 0
14.000 -4.00 9.8 -6.036 0
14.000 -4.00 19.7 3.773 0
14.000 -4.00 29.5 13.582 0
14.000 -4.00 39.3 23.392 1
14.000 -4.00 49.2 33.201 1
14.000 -4.00 59.0 43.011 1
14.000 -4.00 68.8 52.820 1
14.000 -4.00 78.7 62.629 1
14.000 -4.00 88.5 72.439 1
14.000 -4.00 98.3 82.248 1
14.000 -4.00 108.2 92.057 1
14.000 -4.00 118.0 101.867 1
14.000 -3.00 0.0 -11.071 0
14.000 -3.00 9.8 -1.251 0
14.000 -3.00 19.7 8.569 0
14.000 -3.00 29.5 18.388 1
14.000 -3.00 39.3 28.208 1
14.000 -3.00 49.2 38.028 1
14.000 -3.00 59.0 47.848 1
14.000 -3.00 68.8 57.668 1
14.000 -3.00 78.7 67.488 1
14.000 -3.00 88.5 77.308 1
14.000 -3.00 98.3 87.127 1
14.000 -3.00 108.2 96.947 1
14.000 -3.00 118.0 106.767 1
14.000 -2.00 0.0 -6.297 0
14.000 -2.00 9.8 3.531 0
14.000 -2.00 19.7 13.358 0
14.000 -2.00 29.5 23.185 1
14.000 -2.00 39.3 33.013 1
14.000 -2.00 49.2 42.840 1
14.000 -2.00 59.0 52.667 1
14.000 -2.00 68.8 62.495 1
14.000 -2.00 78.7 72.322 1
14.000 -2.00 88.5 82.149 1
14.000 -2.00 98.3 91.977 1
14.000 -2.00 108.2 101.804 1
14.000 -2.00 118.0 111.632 1
14.000 -1.00 0.0 -1.522 0
14.000 -1.00 9.8 8.310 0
14.000 -1.00 19.7 18.142 1
14.000 -1.00 29.5 27.973 1
14.000 -1.00 39.3 37.805 1
14.000 -1.00 49.2 47.637 1
14.000 -1.00 59.0 57.469 1
14.000 -1.00 68.8 67.301 1
14.000 -1.00 78.7 77.133 1
14.000 -1.00 88.5 86.964 1
14.000 -1.00 98.3 96.796 1
14.000 -1.00 108.2 106.628 1
14.000 -1.00 118.0 116.460 1
14.000 0.00 0.0 3.253 0
14.000 0.00 9.8 13.086 0
14.000 0.00 19.7 22.919 1
14.000 0.00 29.5 32.753 1
14.000 0.00 39.3 42.586 1
14.000 0.00 49.2 52.419 1
14.000 0.00 59.0 62.253 1
14.000 0.00 68.8 72.086 1
14.000 0.00 78.7 81.919 1
14.000 0.00 88.5 91.753 1
14.000 0.00 98.3 101.586 1
14.000 0.00 108.2 111.419 1
14.000 0.00 118.0 121.253 1
14.000 1.00 0.0 6.117 0
14.000 1.00 9.8 15.949 1
14.000 1.00 19.7 25.781 1
14.000 1.00 29.5 35.613 1
14.000 1.00 39.3 45.445 1
14.000 1.00 49.2 55.276 1
14.000 1.00 59.0 65.108 1
14.000 1.00 68.8 74.940 1
14.000 1.00 78.7 84.772 1
14.000 1.00 88.5 94.604 1
14.000 1.00 98.3 104.436 1
14.000 1.00 108.2 114.267 1
14.000 1.00 118.0 124.099 1
14.000 2.00 0.0 8.982 0
14.000 2.00 9.8 18.809 1
14.000 2.00 19.7 28.637 1
14.000 2.00 29.5 38.464 1
14.000 2.00 39.3 48.291 1
14.000 2.00 49.2 58.119 1
14.000 2.00 59.0 67.946 1
14.000 2.00 68.8 77.773 1
14.000 2.00 78.7 87.601 1
14.000 2.00 88.5 97.428 1
14.000 2.00 98.3 107.255 1
14.000 2.00 108.2 117.083 1
14.000 2.00 118.0 126.910 1
14.000 3.00 0.0 11.847 0
14.000 3.00 9.8 21.667 1
14.000 3.00 19.7 31.486 1
14.000 3.00 29.5 41.306 1
14.000 3.00 39.3 51.126 1
14.000 3.00 49.2 60.946 1
14.000 3.00 59.0 70.766 1
14.000 3.00 68.8 80.586 1
14.000 3.00 78.7 90.406 1
14.000 3.00 88.5 100.225 1
14.000 3.00 98.3 110.045 1
14.000 3.00 108.2 119.865 1
14.000 3.00 118.0 129.685 1
14.000 4.00 0.0 14.711 0
14.000 4.00 9.8 24.521 0
14.000 4.00 19.7 34.330 1
14.000 4.00 29.5 44.140 1
14.000 4.00 39.3 53.949 1
14.000 4.00 49.2 63.758 1
14.000 4.00 59.0 73.568 1
14.000 4.00 68.8 83.377 1
14.000 4.00 78.7 93.187 1
14.000 4.00 88.5 102.996 1
14.000 4.00 98.3 112.805 1
14.000 4.00 108.2 122.615 1
14.000 4.00 118.0 132.424 1
14.000 5.00 0.0 17.576 0
14.000 5.00 9.8 27.372 0
14.000 5.00 19.7 37.168 0
14.000 5.00 29.5 46.964 1
14.000 5.00 39.3 56.760 1
14.000 5.00 49.2 66.556 1
14.000 5.00 59.0 76.352 1
14.000 5.00 68.8 86.148 1
14.000 5.00 78.7 95.944 1
14.000 5.00 88.5 105.739 1
14.000 5.00 98.3 115.535 1
14.000 5.00 108.2 125.331 1
14.000 5.00 118.0 135.127 1
14.500 -10.00 0.0 -42.878 0
14.500 -10.00 9.8 -33.194 0
14.500 -10.00 19.7 -23.510 0
14.500 -10.00 29.5 -13.826 0
14.500 -10.00 39.3 -4.142 0
14.500 -10.00 49.2 5.542 0
14.500 -10.00 59.0 15.226 0
14.500 -10.00 68.8 24.910 0
14.500 -10.00 78.7 34.594 1
14.500 -10.00 88.5 44.277 1
14.500 -10.00 98.3 53.961 1
14.500 -10.00 108.2 63.645 1
14.500 -10.00 118.0 73.329 1
14.500 -9.00 0.0 -37.756 0
14.500 -9.00 9.8 -28.044 0
14.500 -9.00 19.7 -18.332 0
14.500 -9.00 29.5 -8.620 0
14.500 -9.00 39.3 1.093 0
14.500 -9.00 49.2 10.805 0
14.500 -9.00 59.0 20.517 0
14.500 -9.00 68.8 30.230 1
14.500 -9.00 78.7 39.942 1
14.500 -9.00 88.5 49.654 1
14.500 -9.00 98.3 59.366 1
14.500 -9.00 108.2 69.079 1
14.500 -9.00 118.0 78.791 1
14.500 -8.00 0.0 -32.635 0
14.500 -8.00 9.8 -22.897 0
14.500 -8.00 19.7 -13.159 0
14.500 -8.00 29.5 -3.422 0
14.500 -8.00 39.3 6.316 0
14.500 -8.00 49.2 16.054 0
14.500 -8.00 59.0 25.791 1
14.500 -8.00 68.8 35.529 1
14.500 -8.00 78.7 45.266 1
14.500 -8.00 88.5 55.004 1
14.500 -8.00 98.3 64.742 1
14.500 -8.00 108.2 74.479 1
14.500 -8.00 118.0 84.217 1
14.500 -7.00 0.0 -27.513 0
14.500 -7.00 9.8 -17.753 0
14.500 -7.00 19.7 -7.993 0
14.500 -7.00 29.5 1.767 0
14.500 -7.00 39.3 11.527 0
14.500 -7.00 49.2 21.287 0
14.500 -7.00 59.0 31.047 1
14.500 -7.00 68.8 40.807 1
14.500 -7.00 78.7 50.567 1
14.500 -7.00 88.5 60.327 1
14.500 -7.00 98.3 70.087 1
14.500 -7.00 108.2 79.847 1
14.500 -7.00 118.0 89.608 1
14.500 -6.00 0.0 -22.391 0
14.500 -6.00 9.8 -12.612 0
14.500 -6.00 19.7 -2.832 0
14.500 -6.00 29.5 6.947 0
14.500 -6.00 39.3 16.727 0
14.500 -6.00 49.2 26.506 1
14.500 -6.00 59.0 36.286 1
14.500 -6.00 68.8 46.065 1
14.500 -6.00 78.7 55.844 1
14.500 -6.00 88.5 65.624 1
14.500 -6.00 98.3 75.403 1
14.500 -6.00 108.2 85.183 1
14.500 -6.00 118.0 94.962 1
14.500 -5.00 0.0 -17.270 0
14.500 -5.00 9.8 -7.474 0
14.500 -5.00 19.7 2.322 0
14.500 -5.00 29.5 12.118 0
14.500 -5.00 39.3 21.914 1
14.500 -5.00 49.2 31.710 1
14.500 -5.00 59.0 41.506 1
14.500 -5.00 68.8 51.302 1
14.500 -5.00 78.7 61.098 1
14.500 -5.00 88.5 70.894 1
14.500 -5.00 98.3 80.690 1
14.500 -5.00 108.2 90.486 1
14.500 -5.00 118.0 100.281 1
14.500 -4.00 0.0 -12.148 0
14.500 -4.00 9.8 -2.338 0
14.500 -4.00 19.7 7.471 0
14.500 -4.00 29.5 17.280 0
14.500 -4.00 39.3 27.090 1
14.500 -4.00 49.2 36.899 1
14.500 -4.00 59.0 46.708 1
14.500 -4.00 68.8 56.518 1
14.500 -4.00 78.7 66.327 1
14.500 -4.00 88.5 76.137 1
14.500 -4.00 98.3 85.946 1
14.500 -4.00 108.2 95.755 1
14.500 -4.00 118.0 105.565 1
14.500 -3.00 0.0 -7.026 0
14.500 -3.00 9.8 2.794 0
14.500 -3.00 19.7 12.614 0
14.500 -3.00 29.5 22.433 1
14.500 -3.00 39.3 32.253 1
14.500 -3.00 49.2 42.073 1
14.500 -3.00 59.0 51.893 1
14.500 -3.00 68.8 61.713 1
14.500 -3.00 78.7 71.533 1
14.500 -3.00 88.5 81.353 1
14.500 -3.00 98.3 91.172 1
14.500 -3.00 108.2 100.992 1
14.500 -3.00 118.0 110.812 1
14.500 -2.00 0.0 -1.904 0
14.500 -2.00 9.8 7.923 0
14.500 -2.00 19.7 17.750 0
14.500 -2.00 29.5 27.578 1
14.500 -2.00 39.3 37.405 1
14.500 -2.00 49.2 47.232 1
14.500 -2.00 59.0 57.060 1
14.500 -2.00 68.8 66.887 1
14.500 -2.00 78.7 76.714 1
14.500 -2.00 88.5 86.542 1
14.500 -2.00 98.3 96.369 1
14.500 -2.00 108.2 106.196 1
14.500 -2.00 118.0 116.024 1
14.500 -1.00 0.0 3.217 0
14.500 -1.00 9.8 13.049 0
14.500 -1.00 19.7 22.881 1
14.500 -1.00 29.5 32.713 1
14.500 -1.00 39.3 42.545 1
14.500 -1.00 49.2 52.376 1
14.500 -1.00 59.0 62.208 1
14.500 -1.00 68.8 72.040 1
14.500 -1.00 78.7 81.872 1
14.500 -1.00 88.5 91.704 1
14.500 -1.00 98.3 101.536 1
14.500 -1.00 108.2 111.367 1
14.500 -1.00 118.0 121.199 1
14.500 0.00 0.0 8.339 0
14.500 0.00 9.8 18.172 0
14.500 0.00 19.7 28.006 1
14.500 0.00 29.5 37.839 1
14.500 0.00 39.3 47.672 1
14.500 0.00 49.2 57.506 1
14.500 0.00 59.0 67.339 1
14.500 0.00 68.8 77.172 1
14.500 0.00 78.7 87.006 1
14.500 0.00 88.5 96.839 1
14.500 0.00 98.3 106.672 1
14.500 0.00 108.2 116.506 1
14.500 0.00 118.0 126.339 1
14.500 1.00 0.0 11.412 0
14.500 1.00 9.8 21.244 1
14.500 1.00 19.7 31.076 1
14.500 1.00 29.5 40.907 1
14.500 1.00 39.3 50.739 1
14.500 1.00 49.2 60.571 1
14.500 1.00 59.0 70.403 1
14.500 1.00 68.8 80.235 1
14.500 1.00 78.7 90.067 1
14.500 1.00 88.5 99.898 1
14.500 1.00 98.3 109.730 1
14.500 1.00 108.2 119.562 1
14.500 1.00 118.0 129.394 1
14.500 2.00 0.0 14.485 1
14.500 2.00 9.8 24.312 1
14.500 2.00 19.7 34.140 1
14.500 2.00 29.5 43.967 1
14.500 2.00 39.3 53.794 1
14.500 2.00 49.2 63.622 1
14.500 2.00 59.0 73.449 1
14.500 2.00 68.8 83.276 1
14.500 2.00 78.7 93.104 1
14.500 2.00 88.5 102.931 1
14.500 2.00 98.3 112.758 1
14.500 2.00 108.2 122.586 1
14.500 2.00 118.0 132.413 1
14.500 3.00 0.0 17.558 1
14.500 3.00 9.8 27.378 1
14.500 3.00 19.7 37.198 1
14.500 3.00 29.5 47.018 1
14.500 3.00 39.3 56.837 1
14.500 3.00 49.2 66.657 1
14.500 3.00 59.0 76.477 1
14.500 3.00 68.8 86.297 1
14.500 3.00 78.7 96.117 1
14.500 3.00 88.5 105.937 1
14.500 3.00 98.3 115.757 1
14.500 3.00 108.2 125.576 1
14.500 3.00 118.0 135.396 1
14.500 4.00 0.0 20.631 0
14.500 4.00 9.8 30.440 1
14.500 4.00 19.7 40.250 1
14.500 4.00 29.5 50.059 1
14.500 4.00 39.3 59.869 1
14.500 4.00 49.2 69.678 1
14.500 4.00 59.0 79.487 1
14.500 4.00 68.8 89.297 1
14.500 4.00 78.7 99.106 1
14.500 4.00 88.5 108.915 1
14.500 4.00 98.3 118.725 1
14.500 4.00 108.2 128.534 1
14.500 4.00 118.0 138.344 1
14.500 5.00 0.0 23.704 0
14.500 5.00 9.8 33.500 0
14.500 5.00 19.7 43.296 1
14.500 5.00 29.5 53.092 1
14.500 5.00 39.3 62.888 1
14.500 5.00 49.2 72.684 1
14.500 5.00 59.0 82.480 1
14.500 5.00 68.8 92.275 1
14.500 5.00 78.7 102.071 1
14.500 5.00 88.5 111.867 1
14.500 5.00 98.3 121.663 1
14.500 5.00 108.2 131.459 1
14.500 5.00 118.0 141.255 1
15.000 -10.00 0.0 -41.206 0
15.000 -10.00 9.8 -31.522 0
15.000 -10.00 19.7 -21.838 0
15.000 -10.00 29.5 -12.154 0
15.000 -10.00 39.3 -2.470 0
15.000 -10.00 49.2 7.213 0
15.000 -10.00 59.0 16.897 0
15.000 -10.00 68.8 26.581 0
15.000 -10.00 78.7 36.265 1
15.000 -10.00 88.5 45.949 1
15.000 -10.00 98.3 55.633 1
15.000 -10.00 108.2 65.317 1
15.000 -10.00 118.0 75.001 1
15.000 -9.00 0.0 -35.725 0
15.000 -9.00 9.8 -26.013 0
15.000 -9.00 19.7 -16.301 0
15.000 -9.00 29.5 -6.588 0
15.000 -9.00 39.3 3.124 0
15.000 -9.00 49.2 12.836 0
15.000 -9.00 59.0 22.548 0
15.000 -9.00 68.8 32.261 1
15.000 -9.00 78.7 41.973 1
15.000 -9.00 88.5 51.685 1
15.000 -9.00 98.3 61.397 1
15.000 -9.00 108.2 71.110 1
15.000 -9.00 118.0 80.822 1
15.000 -8.00 0.0 -30.244 0
15.000 -8.00 9.8 -20.507 0
15.000 -8.00 19.7 -10.769 0
15.000 -8.00 29.5 -1.031 0
15.000 -8.00 39.3 8.706 0
15.000 -8.00 49.2 18.444 0
15.000 -8.00 59.0 28.182 1
15.000 -8.00 68.8 37.919 1
15.000 -8.00 78.7 47.657 1
15.000 -8.00 88.5 57.394 1
15.000 -8.00 98.3 67.132 1
15.000 -8.00 108.2 76.870 1
15.000 -8.00 118.0 86.607 1
15.000 -7.00 0.0 -24.763 0
15.000 -7.00 9.8 -15.003 0
15.000 -7.00 19.7 -5.243 0
15.000 -7.00 29.5 4.517 0
15.000 -7.00 39.3 14.277 0
15.000 -7.00 49.2 24.037 0
15.000 -7.00 59.0 33.797 1
15.000 -7.00 68.8 43.557 1
15.000 -7.00 78.7 53.317 1
15.000 -7.00 88.5 63.077 1
15.000 -7.00 98.3 72.837 1
15.000 -7.00 108.2 82.597 1
15.000 -7.00 118.0 92.357 1
15.000 -6.00 0.0 -19.282 0
15.000 -6.00 9.8 -9.503 0
15.000 -6.00 19.7 0.277 0
15.000 -6.00 29.5 10.056 0
15.000 -6.00 39.3 19.836 0
15.000 -6.00 49.2 29.615 1
15.000 -6.00 59.0 39.395 1
15.000 -6.00 68.8 49.174 1
15.000 -6.00 78.7 58.954 1
15.000 -6.00 88.5 68.733 1
15.000 -6.00 98.3 78.512 1
15.000 -6.00 108.2 88.292 1
15.000 -6.00 118.0 98.071 1
15.000 -5.00 0.0 -13.801 0
15.000 -5.00 9.8 -4.005 0
15.000 -5.00 19.7 5.791 0
15.000 -5.00 29.5 15.587 0
15.000 -5.00 39.3 25.382 1
15.000 -5.00 49.2 35.178 1
15.000 -5.00 59.0 44.974 1
15.000 -5.00 68.8 54.770 1
15.000 -5.00 78.7 64.566 1
15.000 -5.00 88.5 74.362 1
15.000 -5.00 98.3 84.158 1
15.000 -5.00 108.2 93.954 1
15.000 -5.00 118.0 103.750 1
15.000 -4.00 0.0 -8.320 0
15.000 -4.00 9.8 1.489 0
15.000 -4.00 19.7 11.299 0
15.000 -4.00 29.5 21.108 0
15.000 -4.00 39.3 30.917 1
15.000 -4.00 49.2 40.727 1
15.000 -4.00 59.0 50.536 1
15.000 -4.00 68.8 60.345 1
15.000 -4.00 78.7 70.155 1
15.000 -4.00 88.5 79.964 1
15.000 -4.00 98.3 89.774 1
15.000 -4.00 108.2 99.583 1
15.000 -4.00 118.0 109.392 1
15.000 -3.00 0.0 -2.839 0
15.000 -3.00 9.8 6.981 0
15.000 -3.00 19.7 16.801 0
15.000 -3.00 29.5 26.620 1
15.000 -3.00 39.3 36.440 1
15.000 -3.00 49.2 46.260 1
15.000 -3.00 59.0 56.080 1
15.000 -3.00 68.8 65.900 1
15.000 -3.00 78.7 75.720 1
15.000 -3.00 88.5 85.540 1
15.000 -3.00 98.3 95.359 1
15.000 -3.00 108.2 105.179 1
15.000 -3.00 118.0 114.999 1
15.000 -2.00 0.0 2.642 0
15.000 -2.00 9.8 12.469 0
15.000 -2.00 19.7 22.297 1
15.000 -2.00 29.5 32.124 1
15.000 -2.00 39.3 41.951 1
15.000 -2.00 49.2 51.779 1
15.000 -2.00 59.0 61.606 1
15.000 -2.00 68.8 71.433 1
15.000 -2.00 78.7 81.261 1
15.000 -2.00 88.5 91.088 1
15.000 -2.00 98.3 100.915 1
15.000 -2.00 108.2 110.743 1
15.000 -2.00 118.0 120.570 1
15.000 -1.00 0.0 8.123 0
15.000 -1.00 9.8 17.955 0
15.000 -1.00 19.7 27.786 1
15.000 -1.00 29.5 37.618 1
15.000 -1.00 39.3 47.450 1
15.000 -1.00 49.2 57.282 1
15.000 -1.00 59.0 67.114 1
15.000 -1.00 68.8 76.946 1
15.000 -1.00 78.7 86.778 1
15.000 -1.00 88.5 96.609 1
15.000 -1.00 98.3 106.441 1
15.000 -1.00 108.2 116.273 1
15.000 -1.00 118.0 126.105 1
15.000 0.00 0.0 13.604 0
15.000 0.00 9.8 23.437 1
15.000 0.00 19.7 33.271 1
15.000 0.00 29.5 43.104 1
15.000 0.00 39.3 52.937 1
15.000 0.00 49.2 62.771 1
15.000 0.00 59.0 72.604 1
15.000 0.00 68.8 82.437 1
15.000 0.00 78.7 92.271 1
15.000 0.00 88.5 102.104 1
15.000 0.00 98.3 111.937 1
15.000 0.00 108.2 121.771 1
15.000 0.00 118.0 131.604 1
15.000 1.00 0.0 16.892 1
15.000 1.00 9.8 26.724 1
15.000 1.00 19.7 36.556 1
15.000 1.00 29.5 46.388 1
15.000 1.00 39.3 56.220 1
15.000 1.00 49.2 66.052 1
15.000 1.00 59.0 75.883 1
15.000 1.00 68.8 85.715 1
15.000 1.00 78.7 95.547 1
15.000 1.00 88.5 105.379 1
15.000 1.00 98.3 115.211 1
15.000 1.00 108.2 125.043 1
15.000 1.00 118.0 134.874 1
15.000 2.00 0.0 20.181 1
15.000 2.00 9.8 30.008 1
15.000 2.00 19.7 39.836 1
15.000 2.00 29.5 49.663 1
15.000 2.00 39.3 59.490 1
15.000 2.00 49.2 69.318 1
15.000 2.00 59.0 79.145 1
15.000 2.00 68.8 88.972 1
15.000 2.00 78.7 98.800 1
15.000 2.00 88.5 108.627 1
15.000 2.00 98.3 118.454 1
15.000 2.00 108.2 128.282 1
15.000 2.00 118.0 138.109 1
15.000 3.00 0.0 23.470 1
15.000 3.00 9.8 33.290 1
15.000 3.00 19.7 43.109 1
15.000 3.00 29.5 52.929 1
15.000 3.00 39.3 62.749 1
15.000 3.00 49.2 72.569 1
15.000 3.00 59.0 82.389 1
15.000 3.00 68.8 92.209 1
15.000 3.00 78.7 102.029 1
15.000 3.00 88.5 111.848 1
15.000 3.00 98.3 121.668 1
15.000 3.00 108.2 131.488 1
15.000 3.00 118.0 141.308 1
15.000 4.00 0.0 26.758 0
15.000 4.00 9.8 36.568 1
15.000 4.00 19.7 46.377 1
15.000 4.00 29.5 56.186 1
15.000 4.00 39.3 65.996 1
15.000 4.00 49.2 75.805 1
15.000 4.00 59.0 85.615 1
15.000 4.00 68.8 95.424 1
15.000 4.00 78.7 105.233 1
15.000 4.00 88.5 115.043 1
15.000 4.00 98.3 124.852 1
15.000 4.00 108.2 134.661 1
15.000 4.00 118.0 144.471 1
15.000 5.00 0.0 30.047 0
15.000 5.00 9.8 39.843 0
15.000 5.00 19.7 49.639 1
15.000 5.00 29.5 59.435 1
15.000 5.00 39.3 69.231 1
15.000 5.00 49.2 79.026 1
15.000 5.00 59.0 88.822 1
15.000 5.00 68.8 98.618 1
15.000 5.00 78.7 108.414 1
15.000 5.00 88.5 118.210 1
15.000 5.00 98.3 128.006 1
15.000 5.00 108.2 137.802 1
15.000 5.00 118.0 147.598 1
15.500 -10.00 0.0 -39.478 0
15.500 -10.00 9.8 -29.794 0
15.500 -10.00 19.7 -20.110 0
15.500 -10.00 29.5 -10.426 0
15.500 -10.00 39.3 -0.742 0
15.500 -10.00 49.2 8.942 0
15.500 -10.00 59.0 18.626 0
15.500 -10.00 68.8 28.310 0
15.500 -10.00 78.7 37.994 1
15.500 -10.00 88.5 47.678 1
15.500 -10.00 98.3 57.362 1
15.500 -10.00 108.2 67.046 1
15.500 -10.00 118.0 76.730 1
15.500 -9.00 0.0 -33.625 0
15.500 -9.00 9.8 -23.913 0
15.500 -9.00 19.7 -14.201 0
15.500 -9.00 29.5 -4.488 0
15.500 -9.00 39.3 5.224 0
15.500 -9.00 49.2 14.936 0
15.500 -9.00 59.0 24.648 0
15.500 -9.00 68.8 34.361 1
15.500 -9.00 78.7 44.073 1
15.500 -9.00 88.5 53.785 1
15.500 -9.00 98.3 63.497 1
15.500 -9.00 108.2 73.210 1
15.500 -9.00 118.0 82.922 1
15.500 -8.00 0.0 -27.773 0
15.500 -8.00 9.8 -18.035 0
15.500 -8.00 19.7 -8.298 0
15.500 -8.00 29.5 1.440 0
15.500 -8.00 39.3 11.178 0
15.500 -8.00 49.2 20.915 0
15.500 -8.00 59.0 30.653 1
15.500 -8.00 68.8 40.391 1
15.500 -8.00 78.7 50.128 1
15.500 -8.00 88.5 59.866 1
15.500 -8.00 98.3 69.604 1
15.500 -8.00 108.2 79.341 1
15.500 -8.00 118.0 89.079 1
15.500 -7.00 0.0 -21.920 0
15.500 -7.00 9.8 -12.160 0
15.500 -7.00 19.7 -2.400 0
15.500 -7.00 29.5 7.360 0
15.500 -7.00 39.3 17.120 0
15.500 -7.00 49.2 26.880 0
15.500 -7.00 59.0 36.640 1
15.500 -7.00 68.8 46.400 1
15.500 -7.00 78.7 56.160 1
15.500 -7.00 88.5 65.920 1
15.500 -7.00 98.3 75.680 1
15.500 -7.00 108.2 85.440 1
15.500 -7.00 118.0 95.200 1
15.500 -6.00 0.0 -16.068 0
15.500 -6.00 9.8 -6.288 0
15.500 -6.00 19.7 3.491 0
15.500 -6.00 29.5 13.271 0
15.500 -6.00 39.3 23.050 0
15.500 -6.00 49.2 32.830 1
15.500 -6.00 59.0 42.609 1
15.500 -6.00 68.8 52.388 1
15.500 -6.00 78.7 62.168 1
15.500 -6.00 88.5 71.947 1
15.500 -6.00 98.3 81.727 1
15.500 -6.00 108.2 91.506 1
15.500 -6.00 118.0 101.286 1
15.500 -5.00 0.0 -10.215 0
15.500 -5.00 9.8 -0.419 0
15.500 -5.00 19.7 9.377 0
15.500 -5.00 29.5 19.172 0
15.500 -5.00 39.3 28.968 1
15.500 -5.00 49.2 38.764 1
15.500 -5.00 59.0 48.560 1
15.500 -5.00 68.8 58.356 1
15.500 -5.00 78.7 68.152 1
15.500 -5.00 88.5 77.948 1
15.500 -5.00 98.3 87.744 1
15.500 -5.00 108.2 97.540 1
15.500 -5.00 118.0 107.336 1
15.500 -4.00 0.0 -4.363 0
15.500 -4.00 9.8 5.447 0
15.500 -4.00 19.7 15.256 0
15.500 -4.00 29.5 25.065 1
15.500 -4.00 39.3 34.875 1
15.500 -4.00 49.2 44.684 1
15.500 -4.00 59.0 54.493 1
15.500 -4.00 68.8 64.303 1
15.500 -4.00 78.7 74.112 1
15.500 -4.00 88.5 83.922 1
15.500 -4.00 98.3 93.731 1
15.500 -4.00 108.2 103.540 1
15.500 -4.00 118.0 113.350 1
15.500 -3.00 0.0 1.490 0
15.500 -3.00 9.8 11.310 0
15.500 -3.00 19.7 21.129 0
15.500 -3.00 29.5 30.949 1
15.500 -3.00 39.3 40.769 1
15.500 -3.00 49.2 50.589 1
15.500 -3.00 59.0 60.409 1
15.500 -3.00 68.8 70.229 1
15.500 -3.00 78.7 80.049 1
15.500 -3.00 88.5 89.868 1
15.500 -3.00 98.3 99.688 1
15.500 -3.00 108.2 109.508 1
15.500 -3.00 118.0 119.328 1
15.500 -2.00 0.0 7.342 0
15.500 -2.00 9.8 17.170 0
15.500 -2.00 19.7 26.997 1
15.500 -2.00 29.5 36.824 1
15.500 -2.00 39.3 46.652 1
15.500 -2.00 49.2 56.479 1
15.500 -2.00 59.0 66.306 1
15.500 -2.00 68.8 76.134 1
15.500 -2.00 78.7 85.961 1
15.500 -2.00 88.5 95.788 1
15.500 -2.00 98.3 105.616 1
15.500 -2.00 108.2 115.443 1
15.500 -2.00 118.0 125.270 1
15.500 -1.00 0.0 13.195 0
15.500 -1.00 9.8 23.027 0
15.500 -1.00 19.7 32.858 1
15.500 -1.00 29.5 42.690 1
15.500 -1.00 39.3 52.522 1
15.500 -1.00 49.2 62.354 1
15.500 -1.00 59.0 72.186 1
15.500 -1.00 68.8 82.018 1
15.500 -1.00 78.7 91.849 1
15.500 -1.00 88.5 101.681 1
15.500 -1.00 98.3 111.513 1
15.500 -1.00 108.2 121.345 1
15.500 -1.00 118.0 131.177 1
15.500 0.00 0.0 19.047 0
15.500 0.00 9.8 28.881 1
15.500 0.00 19.7 38.714 1
15.500 0.00 29.5 48.547 1
15.500 0.00 39.3 58.381 1
15.500 0.00 49.2 68.214 1
15.500 0.00 59.0 78.047 1
15.500 0.00 68.8 87.881 1
15.500 0.00 78.7 97.714 1
15.500 0.00 88.5 107.547 1
15.500 0.00 98.3 117.381 1
15.500 0.00 108.2 127.214 1
15.500 0.00 118.0 137.047 1
15.500 1.00 0.0 22.559 1
15.500 1.00 9.8 32.391 1
15.500 1.00 19.7 42.222 1
15.500 1.00 29.5 52.054 1
15.500 1.00 39.3 61.886 1
15.500 1.00 49.2 71.718 1
15.500 1.00 59.0 81.550 1
15.500 1.00 68.8 91.382 1
15.500 1.00 78.7 101.213 1
15.500 1.00 88.5 111.045 1
15.500 1.00 98.3 120.877 1
15.500 1.00 108.2 130.709 1
15.500 1.00 118.0 140.541 1
15.500 2.00 0.0 26.070 1
15.500 2.00 9.8 35.898 1
15.500 2.00 19.7 45.725 1
15.500 2.00 29.5 55.552 1
15.500 2.00 39.3 65.380 1
15.500 2.00 49.2 75.207 1
15.500 2.00 59.0 85.034 1
15.500 2.00 68.8 94.862 1
15.500 2.00 78.7 104.689 1
15.500 2.00 88.5 114.516 1
15.500 2.00 98.3 124.344 1
15.500 2.00 108.2 134.171 1
15.500 2.00 118.0 143.998 1
15.500 3.00 0.0 29.582 1
15.500 3.00 9.8 39.402 1
15.500 3.00 19.7 49.221 1
15.500 3.00 29.5 59.041 1
15.500 3.00 39.3 68.861 1
15.500 3.00 49.2 78.681 1
15.500 3.00 59.0 88.501 1
15.500 3.00 68.8 98.321 1
15.500 3.00 78.7 108.141 1
15.500 3.00 88.5 117.960 1
15.500 3.00 98.3 127.780 1
15.500 3.00 108.2 137.600 1
15.500 3.00 118.0 147.420 1
15.500 4.00 0.0 33.093 1
15.500 4.00 9.8 42.903 1
15.500 4.00 19.7 52.712 1
15.500 4.00 29.5 62.521 1
15.500 4.00 39.3 72.331 1
15.500 4.00 49.2 82.140 1
15.500 4.00 59.0 91.949 1
15.500 4.00 68.8 101.759 1
15.500 4.00 78.7 111.568 1
15.500 4.00 88.5 121.378 1
15.500 4.00 98.3 131.187 1
15.500 4.00 108.2 140.996 1
15.500 4.00 118.0 150.806 1
15.500 5.00 0.0 36.605 0
15.500 5.00 9.8 46.401 0
15.500 5.00 19.7 56.197 1
15.500 5.00 29.5 65.992 1
15.500 5.00 39.3 75.788 1
15.500 5.00 49.2 85.584 1
15.500 5.00 59.0 95.380 1
15.500 5.00 68.8 105.176 1
15.500 5.00 78.7 114.972 1
15.500 5.00 88.5 124.768 1
15.500 5.00 98.3 134.564 1
15.500 5.00 108.2 144.360 1
15.500 5.00 118.0 154.156 1
16.000 -10.00 0.0 -37.693 0
16.000 -10.00 9.8 -28.009 0
16.000 -10.00 19.7 -18.325 0
16.000 -10.00 29.5 -8.641 0
16.000 -10.00 39.3 1.043 0
16.000 -10.00 49.2 10.727 0
16.000 -10.00 59.0 20.411 0
16.000 -10.00 68.8 30.095 0
16.000 -10.00 78.7 39.779 1
16.000 -10.00 88.5 49.463 1
16.000 -10.00 98.3 59.147 1
16.000 -10.00 108.2 68.831 1
16.000 -10.00 118.0 78.515 1
16.000 -9.00 0.0 -31.457 0
16.000 -9.00 9.8 -21.744 0
16.000 -9.00 19.7 -12.032 0
16.000 -9.00 29.5 -2.320 0
16.000 -9.00 39.3 7.393 0
16.000 -9.00 49.2 17.105 0
16.000 -9.00 59.0 26.817 0
16.000 -9.00 68.8 36.529 1
16.000 -9.00 78.7 46.242 1
16.000 -9.00 88.5 55.954 1
16.000 -9.00 98.3 65.666 1
16.000 -9.00 108.2 75.378 1
16.000 -9.00 118.0 85.091 1
16.000 -8.00 0.0 -25.220 0
16.000 -8.00 9.8 -15.483 0
16.000 -8.00 19.7 -5.745 0
16.000 -8.00 29.5 3.993 0
16.000 -8.00 39.3 13.730 0
16.000 -8.00 49.2 23.468 0
16.000 -8.00 59.0 33.205 1
16.000 -8.00 68.8 42.943 1
16.000 -8.00 78.7 52.681 1
16.000 -8.00 88.5 62.418 1
16.000 -8.00 98.3 72.156 1
16.000 -8.00 108.2 81.894 1
16.000 -8.00 118.0 91.631 1
16.000 -7.00 0.0 -18.984 0
16.000 -7.00 9.8 -9.224 0
16.000 -7.00 19.7 0.536 0
16.000 -7.00 29.5 10.296 0
16.000 -7.00 39.3 20.056 0
16.000 -7.00 49.2 29.816 0
16.000 -7.00 59.0 39.576 1
16.000 -7.00 68.8 49.336 1
16.000 -7.00 78.7 59.096 1
16.000 -7.00 88.5 68.856 1
16.000 -7.00 98.3 78.616 1
16.000 -7.00 108.2 88.376 1
16.000 -7.00 118.0 98.136 1
16.000 -6.00 0.0 -12.748 0
16.000 -6.00 9.8 -2.969 0
16.000 -6.00 19.7 6.811 0
16.000 -6.00 29.5 16.590 0
16.000 -6.00 39.3 26.370 0
16.000 -6.00 49.2 36.149 1
16.000 -6.00 59.0 45.929 1
16.000 -6.00 68.8 55.708 1
16.000 -6.00 78.7 65.488 1
16.000 -6.00 88.5 75.267 1
16.000 -6.00 98.3 85.047 1
16.000 -6.00 108.2 94.826 1
16.000 -6.00 118.0 104.606 1
16.000 -5.00 0.0 -6.512 0
16.000 -5.00 9.8 3.284 0
16.000 -5.00 19.7 13.080 0
16.000 -5.00 29.5 22.876 0
16.000 -5.00 39.3 32.672 1
16.000 -5.00 49.2 42.468 1
16.000 -5.00 59.0 52.264 1
16.000 -5.00 68.8 62.060 1
16.000 -5.00 78.7 71.855 1
16.000 -5.00 88.5 81.651 1
16.000 -5.00 98.3 91.447 1
16.000 -5.00 108.2 101.243 1
16.000 -5.00 118.0 111.039 1
16.000 -4.00 0.0 -0.276 0
16.000 -4.00 9.8 9.534 0
16.000 -4.00 19.7 19.343 0
16.000 -4.00 29.5 29.152 1
16.000 -4.00 39.3 38.962 1
16.000 -4.00 49.2 48.771 1
16.000 -4.00 59.0 58.581 1
16.000 -4.00 68.8 68.390 1
16.000 -4.00 78.7 78.199 1
16.000 -4.00 88.5 88.009 1
16.000 -4.00 98.3 97.818 1
16.000 -4.00 108.2 107.628 1
16.000 -4.00 118.0 117.437 1
16.000 -3.00 0.0 5.961 0
16.000 -3.00 9.8 15.780 0
16.000 -3.00 19.7 25.600 0
16.000 -3.00 29.5 35.420 1
16.000 -3.00 39.3 45.240 1
16.000 -3.00 49.2 55.060 1
16.000 -3.00 59.0 64.880 1
16.000 -3.00 68.8 74.700 1
16.000 -3.00 78.7 84.519 1
16.000 -3.00 88.5 94.339 1
16.000 -3.00 98.3 104.159 1
16.000 -3.00 108.2 113.979 1
16.000 -3.00 118.0 123.799 1
16.000 -2.00 0.0 12.197 0
16.000 -2.00 9.8 22.024 0
16.000 -2.00 19.7 31.851 1
16.000 -2.00 29.5 41.679 1
16.000 -2.00 39.3 51.506 1
16.000 -2.00 49.2 61.333 1
16.000 -2.00 59.0 71.161 1
16.000 -2.00 68.8 80.988 1
16.000 -2.00 78.7 90.815 1
16.000 -2.00 88.5 100.643 1
16.000 -2.00 98.3 110.470 1
16.000 -2.00 108.2 120.297 1
16.000 -2.00 118.0 130.125 1
16.000 -1.00 0.0 18.433 0
16.000 -1.00 9.8 28.265 1
16.000 -1.00 19.7 38.097 1
16.000 -1.00 29.5 47.928 1
16.000 -1.00 39.3 57.760 1
16.000 -1.00 49.2 67.592 1
16.000 -1.00 59.0 77.424 1
16.000 -1.00 68.8 87.256 1
16.000 -1.00 78.7 97.088 1
16.000 -1.00 88.5 106.919 1
16.000 -1.00 98.3 116.751 1
16.000 -1.00 108.2 126.583 1
16.000 -1.00 118.0 136.415 1
16.000 0.00 0.0 24.669 0
16.000 0.00 9.8 34.502 1
16.000 0.00 19.7 44.336 1
16.000 0.00 29.5 54.169 1
16.000 0.00 39.3 64.002 1
16.000 0.00 49.2 73.836 1
16.000 0.00 59.0 83.669 1
16.000 0.00 68.8 93.502 1
16.000 0.00 78.7 103.336 1
16.000 0.00 88.5 113.169 1
16.000 0.00 98.3 123.002 1
16.000 0.00 108.2 132.836 1
16.000 0.00 118.0 142.669 1
16.000 1.00 0.0 28.411 1
16.000 1.00 9.8 38.243 1
16.000 1.00 19.7 48.074 1
16.000 1.00 29.5 57.906 1
16.000 1.00 39.3 67.738 1
16.000 1.00 49.2 77.570 1
16.000 1.00 59.0 87.402 1
16.000 1.00 68.8 97.234 1
16.000 1.00 78.7 107.065 1
16.000 1.00 88.5 116.897 1
16.000 1.00 98.3 126.729 1
16.000 1.00 108.2 136.561 1
16.000 1.00 118.0 146.393 1
16.000 2.00 0.0 32.152 1
16.000 2.00 9.8 41.980 1
16.000 2.00 19.7 51.807 1
16.000 2.00 29.5 61.634 1
16.000 2.00 39.3 71.462 1
16.000 2.00 49.2 81.289 1
16.000 2.00 59.0 91.116 1
16.000 2.00 68.8 100.944 1
16.000 2.00 78.7 110.771 1
16.000 2.00 88.5 120.599 1
16.000 2.00 98.3 130.426 1
16.000 2.00 108.2 140.253 1
16.000 2.00 118.0 150.081 1
16.000 3.00 0.0 35.894 1
16.000 3.00 9.8 45.714 1
16.000 3.00 19.7 55.534 1
16.000 3.00 29.5 65.354 1
16.000 3.00 39.3 75.174 1
16.000 3.00 49.2 84.993 1
16.000 3.00 59.0 94.813 1
16.000 3.00 68.8 104.633 1
16.000 3.00 78.7 114.453 1
16.000 3.00 88.5 124.273 1
16.000 3.00 98.3 134.093 1
16.000 3.00 108.2 143.913 1
16.000 3.00 118.0 153.732 1
16.000 4.00 0.0 39.636 1
16.000 4.00 9.8 49.445 1
16.000 4.00 19.7 59.255 1
16.000 4.00 29.5 69.064 1
16.000 4.00 39.3 78.873 1
16.000 4.00 49.2 88.683 1
16.000 4.00 59.0 98.492 1
16.000 4.00 68.8 108.301 1
16.000 4.00 78.7 118.111 1
16.000 4.00 88.5 127.920 1
16.000 4.00 98.3 137.730 1
16.000 4.00 108.2 147.539 1
16.000 4.00 118.0 157.348 1
16.000 5.00 0.0 43.378 0
16.000 5.00 9.8 53.173 1
16.000 5.00 19.7 62.969 1
16.000 5.00 29.5 72.765 1
16.000 5.00 39.3 82.561 1
16.000 5.00 49.2 92.357 1
16.000 5.00 59.0 102.153 1
16.000 5.00 68.8 111.949 1
16.000 5.00 78.7 121.745 1
16.000 5.00 88.5 131.541 1
16.000 5.00 98.3 141.337 1
16.000 5.00 108.2 151.133 1
16.000 5.00 118.0 160.929 1
16.500 -10.00 0.0 -35.851 0
16.500 -10.00 9.8 -26.167 0
16.500 -10.00 19.7 -16.483 0
16.500 -10.00 29.5 -6.799 0
16.500 -10.00 39.3 2.885 0
16.500 -10.00 49.2 12.569 0
16.500 -10.00 59.0 22.253 0
16.500 -10.00 68.8 31.937 0
16.500 -10.00 78.7 41.621 1
16.500 -10.00 88.5 51.305 1
16.500 -10.00 98.3 60.989 1
16.500 -10.00 108.2 70.672 1
16.500 -10.00 118.0 80.356 1
16.500 -9.00 0.0 -29.219 0
16.500 -9.00 9.8 -19.507 0
16.500 -9.00 19.7 -9.794 0
16.500 -9.00 29.5 -0.082 0
16.500 -9.00 39.3 9.630 0
16.500 -9.00 49.2 19.342 0
16.500 -9.00 59.0 29.055 0
16.500 -9.00 68.8 38.767 1
16.500 -9.00 78.7 48.479 1
16.500 -9.00 88.5 58.192 1
16.500 -9.00 98.3 67.904 1
16.500 -9.00 108.2 77.616 1
16.500 -9.00 118.0 87.328 1
16.500 -8.00 0.0 -22.587 0
16.500 -8.00 9.8 -12.849 0
16.500 -8.00 19.7 -3.112 0
16.500 -8.00 29.5 6.626 0
16.500 -8.00 39.3 16.364 0
16.500 -8.00 49.2 26.101 0
16.500 -8.00 59.0 35.839 1
16.500 -8.00 68.8 45.577 1
16.500 -8.00 78.7 55.314 1
16.500 -8.00 88.5 65.052 1
16.500 -8.00 98.3 74.790 1
16.500 -8.00 108.2 84.527 1
16.500 -8.00 118.0 94.265 1
16.500 -7.00 0.0 -15.955 0
16.500 -7.00 9.8 -6.195 0
16.500 -7.00 19.7 3.565 0
16.500 -7.00 29.5 13.325 0
16.500 -7.00 39.3 23.085 0
16.500 -7.00 49.2 32.845 1
16.500 -7.00 59.0 42.605 1
16.500 -7.00 68.8 52.365 1
16.500 -7.00 78.7 62.125 1
16.500 -7.00 88.5 71.886 1
16.500 -7.00 98.3 81.646 1
16.500 -7.00 108.2 91.406 1
16.500 -7.00 118.0 101.166 1
16.500 -6.00 0.0 -9.323 0
16.500 -6.00 9.8 0.457 0
16.500 -6.00 19.7 10.236 0
16.500 -6.00 29.5 20.016 0
16.500 -6.00 39.3 29.795 0
16.500 -6.00 49.2 39.575 1
16.500 -6.00 59.0 49.354 1
16.500 -6.00 68.8 59.133 1
16.500 -6.00 78.7 68.913 1
16.500 -6.00 88.5 78.692 1
16.500 -6.00 98.3 88.472 1
16.500 -6.00 108.2 98.251 1
16.500 -6.00 118.0 108.031 1
16.500 -5.00 0.0 -2.691 0
16.500 -5.00 9.8 7.105 0
16.500 -5.00 19.7 16.901 0
16.500 -5.00 29.5 26.697 0
16.500 -5.00 39.3 36.493 1
16.500 -5.00 49.2 46.289 1
16.500 -5.00 59.0 56.085 1
16.500 -5.00 68.8 65.881 1
16.500 -5.00 78.7 75.677 1
16.500 -5.00 88.5 85.472 1
16.500 -5.00 98.3 95.268 1
16.500 -5.00 108.2 105.064 1
16.500 -5.00 118.0 114.860 1
16.500 -4.00 0.0 3.941 0
16.500 -4.00 9.8 13.751 0
16.500 -4.00 19.7 23.560 0
16.500 -4.00 29.5 33.369 1
16.500 -4.00 39.3 43.179 1
16.500 -4.00 49.2 52.988 1
16.500 -4.00 59.0 62.798 1
16.500 -4.00 68.8 72.607 1
16.500 -4.00 78.7 82.416 1
16.500 -4.00 88.5 92.226 1
16.500 -4.00 98.3 102.035 1
16.500 -4.00 108.2 111.844 1
16.500 -4.00 118.0 121.654 1
16.500 -3.00 0.0 10.573 0
16.500 -3.00 9.8 20.393 0
16.500 -3.00 19.7 30.213 1
16.500 -3.00 29.5 40.033 1
16.500 -3.00 39.3 49.853 1
16.500 -3.00 49.2 59.673 1
16.500 -3.00 59.0 69.492 1
16.500 -3.00 68.8 79.312 1
16.500 -3.00 78.7 89.132 1
16.500 -3.00 88.5 98.952 1
16.500 -3.00 98.3 108.772 1
16.500 -3.00 108.2 118.592 1
16.500 -3.00 118.0 128.412 1
16.500 -2.00 0.0 17.205 0
16.500 -2.00 9.8 27.033 0
16.500 -2.00 19.7 36.860 1
16.500 -2.00 29.5 46.687 1
16.500 -2.00 39.3 56.515 1
16.500 -2.00 49.2 66.342 1
16.500 -2.00 59.0 76.169 1
16.500 -2.00 68.8 85.997 1
16.500 -2.00 78.7 95.824 1
16.500 -2.00 88.5 105.651 1
16.500 -2.00 98.3 115.479 1
16.500 -2.00 108.2 125.306 1
16.500 -2.00 118.0 135.133 1
16.500 -1.00 0.0 23.837 0
16.500 -1.00 9.8 33.669 1
16.500 -1.00 19.7 43.501 1
16.500 -1.00 29.5 53.333 1
16.500 -1.00 39.3 63.165 1
16.500 -1.00 49.2 72.996 1
16.500 -1.00 59.0 82.828 1
16.500 -1.00 68.8 92.660 1
16.500 -1.00 78.7 102.492 1
16.500 -1.00 88.5 112.324 1
16.500 -1.00 98.3 122.156 1
16.500 -1.00 108.2 131.987 1
16.500 -1.00 118.0 141.819 1
16.500 0.00 0.0 30.469 1
16.500 0.00 9.8 40.303 1
16.500 0.00 19.7 50.136 1
16.500 0.00 29.5 59.969 1
16.500 0.00 39.3 69.803 1
16.500 0.00 49.2 79.636 1
16.500 0.00 59.0 89.469 1
16.500 0.00 68.8 99.303 1
16.500 0.00 78.7 109.136 1
16.500 0.00 88.5 118.969 1
16.500 0.00 98.3 128.803 1
16.500 0.00 108.2 138.636 1
16.500 0.00 118.0 148.469 1
16.500 1.00 0.0 34.449 1
16.500 1.00 9.8 44.280 1
16.500 1.00 19.7 54.112 1
16.500 1.00 29.5 63.944 1
16.500 1.00 39.3 73.776 1
16.500 1.00 49.2 83.608 1
16.500 1.00 59.0 93.440 1
16.500 1.00 68.8 103.271 1
16.500 1.00 78.7 113.103 1
16.500 1.00 88.5 122.935 1
16.500 1.00 98.3 132.767 1
16.500 1.00 108.2 142.599 1
16.500 1.00 118.0 152.431 1
16.500 2.00 0.0 38.428 1
16.500 2.00 9.8 48.255 1
16.500 2.00 19.7 58.082 1
16.500 2.00 29.5 67.910 1
16.500 2.00 39.3 77.737 1
16.500 2.00 49.2 87.564 1
16.500 2.00 59.0 97.392 1
16.500 2.00 68.8 107.219 1
16.500 2.00 78.7 117.046 1
16.500 2.00 88.5 126.874 1
16.500 2.00 98.3 136.701 1
16.500 2.00 108.2 146.529 1
16.500 2.00 118.0 156.356 1
16.500 3.00 0.0 42.407 1
16.500 3.00 9.8 52.227 1
16.500 3.00 19.7 62.047 1
16.500 3.00 29.5 71.867 1
16.500 3.00 39.3 81.686 1
16.500 3.00 49.2 91.506 1
16.500 3.00 59.0 101.326 1
16.500 3.00 68.8 111.146 1
16.500 3.00 78.7 120.966 1
16.500 3.00 88.5 130.786 1
16.500 3.00 98.3 140.606 1
16.500 3.00 108.2 150.425 1
16.500 3.00 118.0 160.245 1
16.500 4.00 0.0 46.386 1
16.500 4.00 9.8 56.196 1
16.500 4.00 19.7 66.005 1
16.500 4.00 29.5 75.814 1
16.500 4.00 39.3 85.624 1
16.500 4.00 49.2 95.433 1
16.500 4.00 59.0 105.242 1
16.500 4.00 68.8 115.052 1
16.500 4.00 78.7 124.861 1
16.500 4.00 88.5 134.671 1
16.500 4.00 98.3 144.480 1
16.500 4.00 108.2 154.289 1
16.500 4.00 118.0 164.099 1
16.500 5.00 0.0 50.365 0
16.500 5.00 9.8 60.161 1
16.500 5.00 19.7 69.957 1
16.500 5.00 29.5 79.753 1
16.500 5.00 39.3 89.549 1
16.500 5.00 49.2 99.345 1
16.500 5.00 59.0 109.141 1
16.500 5.00 68.8 118.937 1
16.500 5.00 78.7 128.733 1
16.500 5.00 88.5 138.529 1
16.500 5.00 98.3 148.325 1
16.500 5.00 108.2 158.120 1
16.500 5.00 118.0 167.916 1
17.000 -10.00 0.0 -33.952 0
17.000 -10.00 9.8 -24.268 0
17.000 -10.00 19.7 -14.585 0
17.000 -10.00 29.5 -4.901 0
17.000 -10.00 39.3 4.783 0
17.000 -10.00 49.2 14.467 0
17.000 -10.00 59.0 24.151 0
17.000 -10.00 68.8 33.835 0
17.000 -10.00 78.7 43.519 1
17.000 -10.00 88.5 53.203 1
17.000 -10.00 98.3 62.887 1
17.000 -10.00 108.2 72.571 1
17.000 -10.00 118.0 82.255 1
17.000 -9.00 0.0 -26.912 0
17.000 -9.00 9.8 -17.200 0
17.000 -9.00 19.7 -7.488 0
17.000 -9.00 29.5 2.224 0
17.000 -9.00 39.3 11.937 0
17.000 -9.00 49.2 21.649 0
17.000 -9.00 59.0 31.361 0
17.000 -9.00 68.8 41.074 1
17.000 -9.00 78.7 50.786 1
17.000 -9.00 88.5 60.498 1
17.000 -9.00 98.3 70.210 1
17.000 -9.00 108.2 79.923 1
17.000 -9.00 118.0 89.635 1
17.000 -8.00 0.0 -19.872 0
17.000 -8.00 9.8 -10.135 0
17.000 -8.00 19.7 -0.397 0
17.000 -8.00 29.5 9.341 0
17.000 -8.00 39.3 19.078 0
17.000 -8.00 49.2 28.816 0
17.000 -8.00 59.0 38.553 1
17.000 -8.00 68.8 48.291 1
17.000 -8.00 78.7 58.029 1
17.000 -8.00 88.5 67.766 1
17.000 -8.00 98.3 77.504 1
17.000 -8.00 108.2 87.242 1
17.000 -8.00 118.0 96.979 1
17.000 -7.00 0.0 -12.832 0
17.000 -7.00 9.8 -3.072 0
17.000 -7.00 19.7 6.688 0
17.000 -7.00 29.5 16.448 0
17.000 -7.00 39.3 26.208 0
17.000 -7.00 49.2 35.968 0
17.000 -7.00 59.0 45.728 1
17.000 -7.00 68.8 55.488 1
17.000 -7.00 78.7 65.248 1
17.000 -7.00 88.5 75.008 1
17.000 -7.00 98.3 84.768 1
17.000 -7.00 108.2 94.528 1
17.000 -7.00 118.0 104.288 1
17.000 -6.00 0.0 -5.792 0
17.000 -6.00 9.8 3.987 0
17.000 -6.00 19.7 13.767 0
17.000 -6.00 29.5 23.546 0
17.000 -6.00 39.3 33.326 0
17.000 -6.00 49.2 43.105 1
17.000 -6.00 59.0 52.885 1
17.000 -6.00 68.8 62.664 1
17.000 -6.00 78.7 72.444 1
17.000 -6.00 88.5 82.223 1
17.000 -6.00 98.3 92.002 1
17.000 -6.00 108.2 101.782 1
17.000 -6.00 118.0 111.561 1
17.000 -5.00 0.0 1.248 0
17.000 -5.00 9.8 11.044 0
17.000 -5.00 19.7 20.840 0
17.000 -5.00 29.5 30.636 0
17.000 -5.00 39.3 40.431 1
17.000 -5.00 49.2 50.227 1
17.000 -5.00 59.0 60.023 1
17.000 -5.00 68.8 69.819 1
17.000 -5.00 78.7 79.615 1
17.000 -5.00 88.5 89.411 1
17.000 -5.00 98.3 99.207 1
17.000 -5.00 108.2 109.003 1
17.000 -5.00 118.0 118.799 1
17.000 -4.00 0.0 8.288 0
17.000 -4.00 9.8 18.097 0
17.000 -4.00 19.7 27.907 0
17.000 -4.00 29.5 37.716 1
17.000 -4.00 39.3 47.525 1
17.000 -4.00 49.2 57.335 1
17.000 -4.00 59.0 67.144 1
17.000 -4.00 68.8 76.954 1
17.000 -4.00 78.7 86.763 1
17.000 -4.00 88.5 96.572 1
17.000 -4.00 98.3 106.382 1
17.000 -4.00 108.2 116.191 1
17.000 -4.00 118.0 126.000 1
17.000 -3.00 0.0 15.328 0
17.000 -3.00 9.8 25.148 0
17.000 -3.00 19.7 34.968 1
17.000 -3.00 29.5 44.788 1
17.000 -3.00 39.3 54.607 1
17.000 -3.00 49.2 64.427 1
17.000 -3.00 59.0 74.247 1
17.000 -3.00 68.8 84.067 1
17.000 -3.00 78.7 93.887 1
17.000 -3.00 88.5 103.707 1
17.000 -3.00 98.3 113.527 1
17.000 -3.00 108.2 123.346 1
17.000 -3.00 118.0 133.166 1
17.000 -2.00 0.0 22.368 0
17.000 -2.00 9.8 32.195 0
17.000 -2.00 19.7 42.023 1
17.000 -2.00 29.5 51.850 1
17.000 -2.00 39.3 61.677 1
17.000 -2.00 49.2 71.505 1
17.000 -2.00 59.0 81.332 1
17.000 -2.00 68.8 91.159 1
17.000 -2.00 78.7 100.987 1
17.000 -2.00 88.5 110.814 1
17.000 -2.00 98.3 120.641 1
17.000 -2.00 108.2 130.469 1
17.000 -2.00 118.0 140.296 1
17.000 -1.00 0.0 29.408 0
17.000 -1.00 9.8 39.240 1
17.000 -1.00 19.7 49.072 1
17.000 -1.00 29.5 58.904 1
17.000 -1.00 39.3 68.735 1
17.000 -1.00 49.2 78.567 1
17.000 -1.00 59.0 88.399 1
17.000 -1.00 68.8 98.231 1
17.000 -1.00 78.7 108.063 1
17.000 -1.00 88.5 117.895 1
17.000 -1.00 98.3 127.726 1
17.000 -1.00 108.2 137.558 1
17.000 -1.00 118.0 147.390 1
17.000 0.00 0.0 36.448 1
17.000 0.00 9.8 46.281 1
17.000 0.00 19.7 56.115 1
17.000 0.00 29.5 65.948 1
17.000 0.00 39.3 75.781 1
17.000 0.00 49.2 85.615 1
17.000 0.00 59.0 95.448 1
17.000 0.00 68.8 105.281 1
17.000 0.00 78.7 115.115 1
17.000 0.00 88.5 124.948 1
17.000 0.00 98.3 134.781 1
17.000 0.00 108.2 144.615 1
17.000 0.00 118.0 154.448 1
17.000 1.00 0.0 40.672 1
17.000 1.00 9.8 50.504 1
17.000 1.00 19.7 60.336 1
17.000 1.00 29.5 70.168 1
17.000 1.00 39.3 79.999 1
17.000 1.00 49.2 89.831 1
17.000 1.00 59.0 99.663 1
17.000 1.00 68.8 109.495 1
17.000 1.00 78.7 119.327 1
17.000 1.00 88.5 129.159 1
17.000 1.00 98.3 138.990 1
17.000 1.00 108.2 148.822 1
17.000 1.00 118.0 158.654 1
17.000 2.00 0.0 44.896 1
17.000 2.00 9.8 54.723 1
17.000 2.00 19.7 64.551 1
17.000 2.00 29.5 74.378 1
17.000 2.00 39.3 84.206 1
17.000 2.00 49.2 94.033 1
17.000 2.00 59.0 103.860 1
17.000 2.00 68.8 113.688 1
17.000 2.00 78.7 123.515 1
17.000 2.00 88.5 133.342 1
17.000 2.00 98.3 143.170 1
17.000 2.00 108.2 152.997 1
17.000 2.00 118.0 162.824 1
17.000 3.00 0.0 49.120 1
17.000 3.00 9.8 58.940 1
17.000 3.00 19.7 68.760 1
17.000 3.00 29.5 78.580 1
17.000 3.00 39.3 88.400 1
17.000 3.00 49.2 98.219 1
17.000 3.00 59.0 108.039 1
17.000 3.00 68.8 117.859 1
17.000 3.00 78.7 127.679 1
17.000 3.00 88.5 137.499 1
17.000 3.00 98.3 147.319 1
17.000 3.00 108.2 157.139 1
17.000 3.00 118.0 166.958 1
17.000 4.00 0.0 53.344 1
17.000 4.00 9.8 63.154 1
17.000 4.00 19.7 72.963 1
17.000 4.00 29.5 82.772 1
17.000 4.00 39.3 92.582 1
17.000 4.00 49.2 102.391 1
17.000 4.00 59.0 112.200 1
17.000 4.00 68.8 122.010 1
17.000 4.00 78.7 131.819 1
17.000 4.00 88.5 141.629 1
17.000 4.00 98.3 151.438 1
17.000 4.00 108.2 161.247 1
17.000 4.00 118.0 171.057 1
17.000 5.00 0.0 57.568 0
17.000 5.00 9.8 67.364 1
17.000 5.00 19.7 77.160 1
17.000 5.00 29.5 86.956 1
17.000 5.00 39.3 96.752 1
17.000 5.00 49.2 106.548 1
17.000 5.00 59.0 116.344 1
17.000 5.00 68.8 126.140 1
17.000 5.00 78.7 135.936 1
17.000 5.00 88.5 145.731 1
17.000 5.00 98.3 155.527 1
17.000 5.00 108.2 165.323 1
17.000 5.00 118.0 175.119 1
17.500 -10.00 0.0 -31.997 0
17.500 -10.00 9.8 -22.313 0
17.500 -10.00 19.7 -12.629 0
17.500 -10.00 29.5 -2.945 0
17.500 -10.00 39.3 6.738 0
17.500 -10.00 49.2 16.422 0
17.500 -10.00 59.0 26.106 0
17.500 -10.00 68.8 35.790 0
17.500 -10.00 78.7 45.474 0
17.500 -10.00 88.5 55.158 1
17.500 -10.00 98.3 64.842 1
17.500 -10.00 108.2 74.526 1
17.500 -10.00 118.0 84.210 1
17.500 -9.00 0.0 -24.537 0
17.500 -9.00 9.8 -14.825 0
17.500 -9.00 19.7 -5.112 0
17.500 -9.00 29.5 4.600 0
17.500 -9.00 39.3 14.312 0
17.500 -9.00 49.2 24.024 0
17.500 -9.00 59.0 33.737 0
17.500 -9.00 68.8 43.449 1
17.500 -9.00 78.7 53.161 1
17.500 -9.00 88.5 62.873 1
17.500 -9.00 98.3 72.586 1
17.500 -9.00 108.2 82.298 1
17.500 -9.00 118.0 92.010 1
17.500 -8.00 0.0 -17.077 0
17.500 -8.00 9.8 -7.339 0
17.500 -8.00 19.7 2.399 0
17.500 -8.00 29.5 12.136 0
17.500 -8.00 39.3 21.874 0
17.500 -8.00 49.2 31.611 0
17.500 -8.00 59.0 41.349 0
17.500 -8.00 68.8 51.087 1
17.500 -8.00 78.7 60.824 1
17.500 -8.00 88.5 70.562 1
17.500 -8.00 98.3 80.300 1
17.500 -8.00 108.2 90.037 1
17.500 -8.00 118.0 99.775 1
17.500 -7.00 0.0 -9.616 0
17.500 -7.00 9.8 0.144 0
17.500 -7.00 19.7 9.904 0
17.500 -7.00 29.5 19.664 0
17.500 -7.00 39.3 29.424 0
17.500 -7.00 49.2 39.184 0
17.500 -7.00 59.0 48.944 1
17.500 -7.00 68.8 58.704 1
17.500 -7.00 78.7 68.464 1
17.500 -7.00 88.5 78.224 1
17.500 -7.00 98.3 87.984 1
17.500 -7.00 108.2 97.744 1
17.500 -7.00 118.0 107.504 1
17.500 -6.00 0.0 -2.156 0
17.500 -6.00 9.8 7.623 0
17.500 -6.00 19.7 17.403 0
17.500 -6.00 29.5 27.182 0
17.500 -6.00 39.3 36.962 0
17.500 -6.00 49.2 46.741 1
17.500 -6.00 59.0 56.521 1
17.500 -6.00 68.8 66.300 1
17.500 -6.00 78.7 76.079 1
17.500 -6.00 88.5 85.859 1
17.500 -6.00 98.3 95.638 1
17.500 -6.00 108.2 105.418 1
17.500 -6.00 118.0 115.197 1
17.500 -5.00 0.0 5.304 0
17.500 -5.00 9.8 15.100 0
17.500 -5.00 19.7 24.896 0
17.500 -5.00 29.5 34.692 0
17.500 -5.00 39.3 44.488 1
17.500 -5.00 49.2 54.284 1
17.500 -5.00 59.0 64.080 1
17.500 -5.00 68.8 73.875 1
17.500 -5.00 78.7 83.671 1
17.500 -5.00 88.5 93.467 1
17.500 -5.00 98.3 103.263 1
17.500 -5.00 108.2 113.059 1
17.500 -5.00 118.0 122.855 1
17.500 -4.00 0.0 12.764 0
17.500 -4.00 9.8 22.574 0
17.500 -4.00 19.7 32.383 0
17.500 -4.00 29.5 42.192 1
17.500 -4.00 39.3 52.002 1
17.500 -4.00 49.2 61.811 1
17.500 -4.00 59.0 71.621 1
17.500 -4.00 68.8 81.430 1
17.500 -4.00 78.7 91.239 1
17.500 -4.00 88.5 101.049 1
17.500 -4.00 98.3 110.858 1
17.500 -4.00 108.2 120.667 1
17.500 -4.00 118.0 130.477 1
17.500 -3.00 0.0 20.225 0
17.500 -3.00 9.8 30.044 0
17.500 -3.00 19.7 39.864 1
17.500 -3.00 29.5 49.684 1
17.500 -3.00 39.3 59.504 1
17.500 -3.00 49.2 69.324 1
17.500 -3.00 59.0 79.144 1
17.500 -3.00 68.8 88.964 1
17.500 -3.00 78.7 98.783 1
17.500 -3.00 88.5 108.603 1
17.500 -3.00 98.3 118.423 1
17.500 -3.00 108.2 128.243 1
17.500 -3.00 118.0 138.063 1
17.500 -2.00 0.0 27.685 0
17.500 -2.00 9.8 37.512 1
17.500 -2.00 19.7 47.339 1
17.500 -2.00 29.5 57.167 1
17.500 -2.00 39.3 66.994 1
17.500 -2.00 49.2 76.822 1
17.500 -2.00 59.0 86.649 1
17.500 -2.00 68.8 96.476 1
17.500 -2.00 78.7 106.304 1
17.500 -2.00 88.5 116.131 1
17.500 -2.00 98.3 125.958 1
17.500 -2.00 108.2 135.786 1
17.500 -2.00 118.0 145.613 1
17.500 -1.00 0.0 35.145 0
17.500 -1.00 9.8 44.977 1
17.500 -1.00 19.7 54.809 1
17.500 -1.00 29.5 64.641 1
17.500 -1.00 39.3 74.472 1
17.500 -1.00 49.2 84.304 1
17.500 -1.00 59.0 94.136 1
17.500 -1.00 68.8 103.968 1
17.500 -1.00 78.7 113.800 1
17.500 -1.00 88.5 123.632 1
17.500 -1.00 98.3 133.463 1
17.500 -1.00 108.2 143.295 1
17.500 -1.00 118.0 153.127 1
17.500 0.00 0.0 42.605 1
17.500 0.00 9.8 52.439 1
17.500 0.00 19.7 62.272 1
17.500 0.00 29.5 72.105 1
17.500 0.00 39.3 81.939 1
17.500 0.00 49.2 91.772 1
17.500 0.00 59.0 101.605 1
17.500 0.00 68.8 111.439 1
17.500 0.00 78.7 121.272 1
17.500 0.00 88.5 131.105 1
17.500 0.00 98.3 140.939 1
17.500 0.00 108.2 150.772 1
17.500 0.00 118.0 160.605 1
17.500 1.00 0.0 47.081 1
17.500 1.00 9.8 56.913 1
17.500 1.00 19.7 66.745 1
17.500 1.00 29.5 76.577 1
17.500 1.00 39.3 86.409 1
17.500 1.00 49.2 96.241 1
17.500 1.00 59.0 106.073 1
17.500 1.00 68.8 115.904 1
17.500 1.00 78.7 125.736 1
17.500 1.00 88.5 135.568 1
17.500 1.00 98.3 145.400 1
17.500 1.00 108.2 155.232 1
17.500 1.00 118.0 165.064 1
17.500 2.00 0.0 51.558 1
17.500 2.00 9.8 61.385 1
17.500 2.00 19.7 71.212 1
17.500 2.00 29.5 81.040 1
17.500 2.00 39.3 90.867 1
17.500 2.00 49.2 100.694 1
17.500 2.00 59.0 110.522 1
17.500 2.00 68.8 120.349 1
17.500 2.00 78.7 130.176 1
17.500 2.00 88.5 140.004 1
17.500 2.00 98.3 149.831 1
17.500 2.00 108.2 159.658 1
17.500 2.00 118.0 169.486 1
17.500 3.00 0.0 56.034 1
17.500 3.00 9.8 65.854 1
17.500 3.00 19.7 75.674 1
17.500 3.00 29.5 85.493 1
17.500 3.00 39.3 95.313 1
17.500 3.00 49.2 105.133 1
17.500 3.00 59.0 114.953 1
17.500 3.00 68.8 124.773 1
17.500 3.00 78.7 134.593 1
17.500 3.00 88.5 144.413 1
17.500 3.00 98.3 154.232 1
17.500 3.00 108.2 164.052 1
17.500 3.00 118.0 173.872 1
17.500 4.00 0.0 60.510 1
17.500 4.00 9.8 70.319 1
17.500 4.00 19.7 80.129 1
17.500 4.00 29.5 89.938 1
17.500 4.00 39.3 99.747 1
17.500 4.00 49.2 109.557 1
17.500 4.00 59.0 119.366 1
17.500 4.00 68.8 129.176 1
17.500 4.00 78.7 138.985 1
17.500 4.00 88.5 148.794 1
17.500 4.00 98.3 158.604 1
17.500 4.00 108.2 168.413 1
17.500 4.00 118.0 178.223 1
17.500 5.00 0.0 64.986 1
17.500 5.00 9.8 74.782 1
17.500 5.00 19.7 84.578 1
17.500 5.00 29.5 94.374 1
17.500 5.00 39.3 104.170 1
17.500 5.00 49.2 113.966 1
17.500 5.00 59.0 123.762 1
17.500 5.00 68.8 133.558 1
17.500 5.00 78.7 143.353 1
17.500 5.00 88.5 153.149 1
17.500 5.00 98.3 162.945 1
17.500 5.00 108.2 172.741 1
17.500 5.00 118.0 182.537 1
